<?xml version="1.0" encoding="UTF-8" standalone="no" ?>
<?xml-stylesheet href="rptstyle.xsl" type="text/xsl" ?>
<doc>
<title>Timing Report Min Delay Analysis
</title>
<text>SmartTime Version 12.200.10.15</text>
<text>Microsemi Corporation - Microsemi Libero Software Release PolarFire v2.1 (Version 12.200.10.15)</text>
<text>Date: Mon Jun 18 14:16:07 2018
</text>
<table>
<header>
</header>
<row>
 <cell>Design</cell>
 <cell>Pan9320_Interface</cell>
</row>
<row>
 <cell>Family</cell>
 <cell>PolarFire</cell>
</row>
<row>
 <cell>Die</cell>
 <cell>MPF300TS_ES</cell>
</row>
<row>
 <cell>Package</cell>
 <cell>FCG484</cell>
</row>
<row>
 <cell>Temperature Range</cell>
 <cell>0 - 100 C</cell>
</row>
<row>
 <cell>Voltage Range</cell>
 <cell>0.97 - 1.03 V</cell>
</row>
<row>
 <cell>Speed Grade</cell>
 <cell>-1</cell>
</row>
<row>
 <cell>Design State</cell>
 <cell>Pre-Layout</cell>
</row>
<row>
 <cell>Data source</cell>
 <cell></cell>
</row>
<row>
 <cell>Operating Conditions</cell>
 <cell>slow_lv_ht</cell>
</row>
<row>
 <cell>Scenario for Timing Analysis</cell>
 <cell>Primary</cell>
</row>
</table>
<text></text>
<section>
<name>Summary</name>
<table>
<header>
 <cell>Clock Domain</cell>
 <cell>Required Period (ns)</cell>
 <cell>Required Frequency (MHz)</cell>
 <cell>External Hold (ns)</cell>
 <cell>Min Clock-To-Out (ns)</cell>
</header>
<row>
 <cell>PCLK</cell>
 <cell>N/A</cell>
 <cell>N/A</cell>
 <cell>0.484</cell>
 <cell>1.672</cell>
</row>
</table>
<text></text>
<table>
<header>
 <cell></cell>
 <cell>Min Delay (ns)</cell>
 <cell>Max Delay (ns)</cell>
</header>
<row>
 <cell>Input to Output</cell>
 <cell>2.055</cell>
</row>
</table>
</section>
<section>
<name>Clock Domain PCLK</name>
<text></text>
<section>
<name>SET Register to Register</name>
<table>
<header>
 <cell/>
 <cell>From</cell>
 <cell>To</cell>
 <cell>Delay (ns)</cell>
 <cell>Slack (ns)</cell>
 <cell>Arrival (ns)</cell>
 <cell>Required (ns)</cell>
 <cell>Hold (ns)</cell>
</header>
<row>
 <cell>Path 1</cell>
 <cell>GPIO_Cmd_0/GPIO_Cmd_0/xhdl1.GEN_BITS_3_.gpin1:CLK</cell>
 <cell>GPIO_Cmd_0/GPIO_Cmd_0/xhdl1.GEN_BITS_3_.gpin2:D</cell>
 <cell>0.756</cell>
 <cell></cell>
 <cell>1.623</cell>
 <cell></cell>
 <cell>0.116</cell>
</row>
<row>
 <cell>Path 2</cell>
 <cell>GPIO_Cmd_0/GPIO_Cmd_0/xhdl1.GEN_BITS_3_.gpin2:CLK</cell>
 <cell>GPIO_Cmd_0/GPIO_Cmd_0/xhdl1.GEN_BITS_3_.gpin3:D</cell>
 <cell>0.756</cell>
 <cell></cell>
 <cell>1.623</cell>
 <cell></cell>
 <cell>0.116</cell>
</row>
<row>
 <cell>Path 3</cell>
 <cell>UART_Cmd_0/UART_Cmd_0/uUART/make_RX/rx_shift[0]:CLK</cell>
 <cell>UART_Cmd_0/UART_Cmd_0/uUART/make_RX/rx_byte[0]:D</cell>
 <cell>0.756</cell>
 <cell></cell>
 <cell>1.623</cell>
 <cell></cell>
 <cell>0.116</cell>
</row>
<row>
 <cell>Path 4</cell>
 <cell>UART_Cmd_0/UART_Cmd_0/uUART/tx_hold_reg[0]:CLK</cell>
 <cell>UART_Cmd_0/UART_Cmd_0/uUART/make_TX/tx_byte[0]:D</cell>
 <cell>0.756</cell>
 <cell></cell>
 <cell>1.623</cell>
 <cell></cell>
 <cell>0.116</cell>
</row>
<row>
 <cell>Path 5</cell>
 <cell>UART_Cmd_0/UART_Cmd_0/uUART/tx_hold_reg[1]:CLK</cell>
 <cell>UART_Cmd_0/UART_Cmd_0/uUART/make_TX/tx_byte[1]:D</cell>
 <cell>0.756</cell>
 <cell></cell>
 <cell>1.623</cell>
 <cell></cell>
 <cell>0.116</cell>
</row>
</table>
<text></text>
<section><name>Expanded Path 1</name></section>
<table>
<header>
 <cell>Pin Name</cell>
 <cell>Type</cell>
 <cell>Net Name</cell>
 <cell>Cell Name</cell>
 <cell>Op</cell>
 <cell>Delay (ns)</cell>
 <cell>Total (ns)</cell>
 <cell>Fanout</cell>
 <cell>Edge</cell>
</header>
<row>
 <cell>From: GPIO_Cmd_0/GPIO_Cmd_0/xhdl1.GEN_BITS_3_.gpin1:CLK</cell>
 <cell></cell>
 <cell></cell>
 <cell></cell>
 <cell></cell>
 <cell></cell>
 <cell></cell>
 <cell></cell>
 <cell></cell>
</row>
<row>
 <cell>To: GPIO_Cmd_0/GPIO_Cmd_0/xhdl1.GEN_BITS_3_.gpin2:D</cell>
 <cell></cell>
 <cell></cell>
 <cell></cell>
 <cell></cell>
 <cell></cell>
 <cell></cell>
 <cell></cell>
 <cell></cell>
</row>
<row>
 <cell>data arrival time</cell>
 <cell></cell>
 <cell></cell>
 <cell></cell>
 <cell></cell>
 <cell></cell>
 <cell>1.623</cell>
 <cell></cell>
 <cell></cell>
</row>
<row>
 <cell>data required time</cell>
 <cell></cell>
 <cell></cell>
 <cell></cell>
 <cell>-</cell>
 <cell></cell>
 <cell>N/C</cell>
 <cell></cell>
 <cell></cell>
</row>
<row>
 <cell>slack</cell>
 <cell></cell>
 <cell></cell>
 <cell></cell>
 <cell></cell>
 <cell></cell>
 <cell>N/C</cell>
 <cell></cell>
 <cell></cell>
</row>
<row>
</row>
<row>
 <cell>Data arrival time calculation</cell>
 <cell></cell>
 <cell></cell>
 <cell></cell>
 <cell></cell>
 <cell></cell>
 <cell></cell>
 <cell></cell>
 <cell></cell>
</row>
<row>
 <cell>PCLK</cell>
 <cell></cell>
 <cell></cell>
 <cell></cell>
 <cell></cell>
 <cell>0.000</cell>
 <cell>0.000</cell>
 <cell></cell>
 <cell></cell>
</row>
<row>
 <cell>PCLK</cell>
 <cell>Clock source</cell>
 <cell></cell>
 <cell></cell>
 <cell>+</cell>
 <cell>0.000</cell>
 <cell>0.000</cell>
 <cell></cell>
 <cell>r</cell>
</row>
<row>
 <cell>BLOCK_INTERFACE_I_PCLK:A</cell>
 <cell>net</cell>
 <cell>I_NET_PCLK</cell>
 <cell></cell>
 <cell>+</cell>
 <cell>0.000</cell>
 <cell>0.000</cell>
 <cell></cell>
 <cell>r</cell>
</row>
<row>
 <cell>BLOCK_INTERFACE_I_PCLK:Y</cell>
 <cell>cell</cell>
 <cell></cell>
 <cell>ADLIB:CFG1</cell>
 <cell>+</cell>
 <cell>0.052</cell>
 <cell>0.052</cell>
 <cell>1</cell>
 <cell>r</cell>
</row>
<row>
 <cell>PCLK_RNIAB1A:A</cell>
 <cell>net</cell>
 <cell>PCLK</cell>
 <cell></cell>
 <cell>+</cell>
 <cell>0.596</cell>
 <cell>0.648</cell>
 <cell></cell>
 <cell>r</cell>
</row>
<row>
 <cell>PCLK_RNIAB1A:Y</cell>
 <cell>cell</cell>
 <cell></cell>
 <cell>ADLIB:GB</cell>
 <cell>+</cell>
 <cell>0.153</cell>
 <cell>0.801</cell>
 <cell>1</cell>
 <cell>r</cell>
</row>
<row>
 <cell>PCLK_RNIAB1A/U0_RGB1:A</cell>
 <cell>net</cell>
 <cell>PCLK_RNIAB1A/U0_Y</cell>
 <cell></cell>
 <cell>+</cell>
 <cell>0.000</cell>
 <cell>0.801</cell>
 <cell></cell>
 <cell>r</cell>
</row>
<row>
 <cell>PCLK_RNIAB1A/U0_RGB1:Y</cell>
 <cell>cell</cell>
 <cell></cell>
 <cell>ADLIB:RGB</cell>
 <cell>+</cell>
 <cell>0.066</cell>
 <cell>0.867</cell>
 <cell>238</cell>
 <cell>f</cell>
</row>
<row>
 <cell>GPIO_Cmd_0/GPIO_Cmd_0/xhdl1.GEN_BITS_3_.gpin1:CLK</cell>
 <cell>net</cell>
 <cell>NN_1</cell>
 <cell></cell>
 <cell>+</cell>
 <cell>0.000</cell>
 <cell>0.867</cell>
 <cell></cell>
 <cell>r</cell>
</row>
<row>
 <cell>GPIO_Cmd_0/GPIO_Cmd_0/xhdl1.GEN_BITS_3_.gpin1:Q</cell>
 <cell>cell</cell>
 <cell></cell>
 <cell>ADLIB:SLE</cell>
 <cell>+</cell>
 <cell>0.160</cell>
 <cell>1.027</cell>
 <cell>1</cell>
 <cell>f</cell>
</row>
<row>
 <cell>GPIO_Cmd_0/GPIO_Cmd_0/xhdl1.GEN_BITS_3_.gpin2:D</cell>
 <cell>net</cell>
 <cell>GPIO_Cmd_0/GPIO_Cmd_0/gpin1</cell>
 <cell></cell>
 <cell>+</cell>
 <cell>0.596</cell>
 <cell>1.623</cell>
 <cell></cell>
 <cell>f</cell>
</row>
<row>
 <cell>data arrival time</cell>
 <cell></cell>
 <cell></cell>
 <cell></cell>
 <cell></cell>
 <cell></cell>
 <cell>1.623</cell>
 <cell></cell>
 <cell></cell>
</row>
<row>
</row>
<row>
 <cell>Data required time calculation</cell>
 <cell></cell>
 <cell></cell>
 <cell></cell>
 <cell></cell>
 <cell></cell>
 <cell></cell>
 <cell></cell>
 <cell></cell>
</row>
<row>
 <cell>PCLK</cell>
 <cell></cell>
 <cell></cell>
 <cell></cell>
 <cell></cell>
 <cell>N/C</cell>
 <cell>N/C</cell>
 <cell></cell>
 <cell></cell>
</row>
<row>
 <cell>PCLK</cell>
 <cell>Clock source</cell>
 <cell></cell>
 <cell></cell>
 <cell>+</cell>
 <cell>0.000</cell>
 <cell>N/C</cell>
 <cell></cell>
 <cell>r</cell>
</row>
<row>
 <cell>BLOCK_INTERFACE_I_PCLK:A</cell>
 <cell>net</cell>
 <cell>I_NET_PCLK</cell>
 <cell></cell>
 <cell>+</cell>
 <cell>0.000</cell>
 <cell>N/C</cell>
 <cell></cell>
 <cell>r</cell>
</row>
<row>
 <cell>BLOCK_INTERFACE_I_PCLK:Y</cell>
 <cell>cell</cell>
 <cell></cell>
 <cell>ADLIB:CFG1</cell>
 <cell>+</cell>
 <cell>0.064</cell>
 <cell>N/C</cell>
 <cell>1</cell>
 <cell>r</cell>
</row>
<row>
 <cell>PCLK_RNIAB1A:A</cell>
 <cell>net</cell>
 <cell>PCLK</cell>
 <cell></cell>
 <cell>+</cell>
 <cell>0.698</cell>
 <cell>N/C</cell>
 <cell></cell>
 <cell>r</cell>
</row>
<row>
 <cell>PCLK_RNIAB1A:Y</cell>
 <cell>cell</cell>
 <cell></cell>
 <cell>ADLIB:GB</cell>
 <cell>+</cell>
 <cell>0.175</cell>
 <cell>N/C</cell>
 <cell>1</cell>
 <cell>r</cell>
</row>
<row>
 <cell>PCLK_RNIAB1A/U0_RGB1:A</cell>
 <cell>net</cell>
 <cell>PCLK_RNIAB1A/U0_Y</cell>
 <cell></cell>
 <cell>+</cell>
 <cell>0.000</cell>
 <cell>N/C</cell>
 <cell></cell>
 <cell>r</cell>
</row>
<row>
 <cell>PCLK_RNIAB1A/U0_RGB1:Y</cell>
 <cell>cell</cell>
 <cell></cell>
 <cell>ADLIB:RGB</cell>
 <cell>+</cell>
 <cell>0.076</cell>
 <cell>N/C</cell>
 <cell>238</cell>
 <cell>f</cell>
</row>
<row>
 <cell>GPIO_Cmd_0/GPIO_Cmd_0/xhdl1.GEN_BITS_3_.gpin2:CLK</cell>
 <cell>net</cell>
 <cell>NN_1</cell>
 <cell></cell>
 <cell>+</cell>
 <cell>0.000</cell>
 <cell>N/C</cell>
 <cell></cell>
 <cell>r</cell>
</row>
<row>
 <cell>clock reconvergence pessimism</cell>
 <cell></cell>
 <cell></cell>
 <cell></cell>
 <cell>+</cell>
 <cell>-0.146</cell>
 <cell>N/C</cell>
 <cell></cell>
 <cell></cell>
</row>
<row>
 <cell>GPIO_Cmd_0/GPIO_Cmd_0/xhdl1.GEN_BITS_3_.gpin2:D</cell>
 <cell>Library hold time</cell>
 <cell></cell>
 <cell>ADLIB:SLE</cell>
 <cell>+</cell>
 <cell>0.116</cell>
 <cell>N/C</cell>
 <cell></cell>
 <cell></cell>
</row>
<row>
</row>
</table>
</section>
<section>
<name>SET External Hold</name>
<table>
<header>
 <cell/>
 <cell>From</cell>
 <cell>To</cell>
 <cell>Delay (ns)</cell>
 <cell>Slack (ns)</cell>
 <cell>Arrival (ns)</cell>
 <cell>Required (ns)</cell>
 <cell>Hold (ns)</cell>
 <cell>External Hold (ns)</cell>
</header>
<row>
 <cell>Path 1</cell>
 <cell>BT_GRANTN_w</cell>
 <cell>GPIO_Cmd_0/GPIO_Cmd_0/xhdl1.GEN_BITS_3_.gpin1:D</cell>
 <cell>0.645</cell>
 <cell></cell>
 <cell>0.645</cell>
 <cell></cell>
 <cell>0.116</cell>
 <cell>0.484</cell>
</row>
<row>
 <cell>Path 2</cell>
 <cell>DUAL_STAT_w</cell>
 <cell>UART_Cmd_0/UART_Cmd_0/uUART/make_RX/samples[2]:D</cell>
 <cell>0.645</cell>
 <cell></cell>
 <cell>0.645</cell>
 <cell></cell>
 <cell>0.116</cell>
 <cell>0.484</cell>
</row>
<row>
 <cell>Path 3</cell>
 <cell>TXD_w</cell>
 <cell>UART_Data_0/UART_Data_0/uUART/make_RX/samples[2]:D</cell>
 <cell>0.645</cell>
 <cell></cell>
 <cell>0.645</cell>
 <cell></cell>
 <cell>0.116</cell>
 <cell>0.484</cell>
</row>
<row>
 <cell>Path 4</cell>
 <cell>PWDATA_in[7]</cell>
 <cell>UART_Cmd_0/UART_Cmd_0/controlReg1[7]:D</cell>
 <cell>0.671</cell>
 <cell></cell>
 <cell>0.671</cell>
 <cell></cell>
 <cell>0.116</cell>
 <cell>0.458</cell>
</row>
<row>
 <cell>Path 5</cell>
 <cell>PWDATA_in[7]</cell>
 <cell>UART_Cmd_0/UART_Cmd_0/controlReg2[7]:D</cell>
 <cell>0.671</cell>
 <cell></cell>
 <cell>0.671</cell>
 <cell></cell>
 <cell>0.116</cell>
 <cell>0.458</cell>
</row>
</table>
<text></text>
<section><name>Expanded Path 1</name></section>
<table>
<header>
 <cell>Pin Name</cell>
 <cell>Type</cell>
 <cell>Net Name</cell>
 <cell>Cell Name</cell>
 <cell>Op</cell>
 <cell>Delay (ns)</cell>
 <cell>Total (ns)</cell>
 <cell>Fanout</cell>
 <cell>Edge</cell>
</header>
<row>
 <cell>From: BT_GRANTN_w</cell>
 <cell></cell>
 <cell></cell>
 <cell></cell>
 <cell></cell>
 <cell></cell>
 <cell></cell>
 <cell></cell>
 <cell></cell>
</row>
<row>
 <cell>To: GPIO_Cmd_0/GPIO_Cmd_0/xhdl1.GEN_BITS_3_.gpin1:D</cell>
 <cell></cell>
 <cell></cell>
 <cell></cell>
 <cell></cell>
 <cell></cell>
 <cell></cell>
 <cell></cell>
 <cell></cell>
</row>
<row>
 <cell>data arrival time</cell>
 <cell></cell>
 <cell></cell>
 <cell></cell>
 <cell></cell>
 <cell></cell>
 <cell>0.645</cell>
 <cell></cell>
 <cell></cell>
</row>
<row>
 <cell>data required time</cell>
 <cell></cell>
 <cell></cell>
 <cell></cell>
 <cell>-</cell>
 <cell></cell>
 <cell>N/C</cell>
 <cell></cell>
 <cell></cell>
</row>
<row>
 <cell>slack</cell>
 <cell></cell>
 <cell></cell>
 <cell></cell>
 <cell></cell>
 <cell></cell>
 <cell>N/C</cell>
 <cell></cell>
 <cell></cell>
</row>
<row>
</row>
<row>
 <cell>Data arrival time calculation</cell>
 <cell></cell>
 <cell></cell>
 <cell></cell>
 <cell></cell>
 <cell></cell>
 <cell></cell>
 <cell></cell>
 <cell></cell>
</row>
<row>
 <cell>BT_GRANTN_w</cell>
 <cell></cell>
 <cell></cell>
 <cell></cell>
 <cell></cell>
 <cell>0.000</cell>
 <cell>0.000</cell>
 <cell></cell>
 <cell>f</cell>
</row>
<row>
 <cell>BLOCK_INTERFACE_I_BT_GRANTN_w:A</cell>
 <cell>net</cell>
 <cell>I_NET_BT_GRANTN_w</cell>
 <cell></cell>
 <cell>+</cell>
 <cell>0.000</cell>
 <cell>0.000</cell>
 <cell></cell>
 <cell>f</cell>
</row>
<row>
 <cell>BLOCK_INTERFACE_I_BT_GRANTN_w:Y</cell>
 <cell>cell</cell>
 <cell></cell>
 <cell>ADLIB:CFG1</cell>
 <cell>+</cell>
 <cell>0.049</cell>
 <cell>0.049</cell>
 <cell>1</cell>
 <cell>f</cell>
</row>
<row>
 <cell>GPIO_Cmd_0/GPIO_Cmd_0/xhdl1.GEN_BITS_3_.gpin1:D</cell>
 <cell>net</cell>
 <cell>BT_GRANTN_w</cell>
 <cell></cell>
 <cell>+</cell>
 <cell>0.596</cell>
 <cell>0.645</cell>
 <cell></cell>
 <cell>f</cell>
</row>
<row>
 <cell>data arrival time</cell>
 <cell></cell>
 <cell></cell>
 <cell></cell>
 <cell></cell>
 <cell></cell>
 <cell>0.645</cell>
 <cell></cell>
 <cell></cell>
</row>
<row>
</row>
<row>
 <cell>Data required time calculation</cell>
 <cell></cell>
 <cell></cell>
 <cell></cell>
 <cell></cell>
 <cell></cell>
 <cell></cell>
 <cell></cell>
 <cell></cell>
</row>
<row>
 <cell>PCLK</cell>
 <cell></cell>
 <cell></cell>
 <cell></cell>
 <cell></cell>
 <cell>N/C</cell>
 <cell>N/C</cell>
 <cell></cell>
 <cell></cell>
</row>
<row>
 <cell>PCLK</cell>
 <cell>Clock source</cell>
 <cell></cell>
 <cell></cell>
 <cell>+</cell>
 <cell>0.000</cell>
 <cell>N/C</cell>
 <cell></cell>
 <cell>r</cell>
</row>
<row>
 <cell>BLOCK_INTERFACE_I_PCLK:A</cell>
 <cell>net</cell>
 <cell>I_NET_PCLK</cell>
 <cell></cell>
 <cell>+</cell>
 <cell>0.000</cell>
 <cell>N/C</cell>
 <cell></cell>
 <cell>r</cell>
</row>
<row>
 <cell>BLOCK_INTERFACE_I_PCLK:Y</cell>
 <cell>cell</cell>
 <cell></cell>
 <cell>ADLIB:CFG1</cell>
 <cell>+</cell>
 <cell>0.064</cell>
 <cell>N/C</cell>
 <cell>1</cell>
 <cell>r</cell>
</row>
<row>
 <cell>PCLK_RNIAB1A:A</cell>
 <cell>net</cell>
 <cell>PCLK</cell>
 <cell></cell>
 <cell>+</cell>
 <cell>0.698</cell>
 <cell>N/C</cell>
 <cell></cell>
 <cell>r</cell>
</row>
<row>
 <cell>PCLK_RNIAB1A:Y</cell>
 <cell>cell</cell>
 <cell></cell>
 <cell>ADLIB:GB</cell>
 <cell>+</cell>
 <cell>0.175</cell>
 <cell>N/C</cell>
 <cell>1</cell>
 <cell>r</cell>
</row>
<row>
 <cell>PCLK_RNIAB1A/U0_RGB1:A</cell>
 <cell>net</cell>
 <cell>PCLK_RNIAB1A/U0_Y</cell>
 <cell></cell>
 <cell>+</cell>
 <cell>0.000</cell>
 <cell>N/C</cell>
 <cell></cell>
 <cell>r</cell>
</row>
<row>
 <cell>PCLK_RNIAB1A/U0_RGB1:Y</cell>
 <cell>cell</cell>
 <cell></cell>
 <cell>ADLIB:RGB</cell>
 <cell>+</cell>
 <cell>0.076</cell>
 <cell>N/C</cell>
 <cell>238</cell>
 <cell>f</cell>
</row>
<row>
 <cell>GPIO_Cmd_0/GPIO_Cmd_0/xhdl1.GEN_BITS_3_.gpin1:CLK</cell>
 <cell>net</cell>
 <cell>NN_1</cell>
 <cell></cell>
 <cell>+</cell>
 <cell>0.000</cell>
 <cell>N/C</cell>
 <cell></cell>
 <cell>r</cell>
</row>
<row>
 <cell>GPIO_Cmd_0/GPIO_Cmd_0/xhdl1.GEN_BITS_3_.gpin1:D</cell>
 <cell>Library hold time</cell>
 <cell></cell>
 <cell>ADLIB:SLE</cell>
 <cell>+</cell>
 <cell>0.116</cell>
 <cell>N/C</cell>
 <cell></cell>
 <cell></cell>
</row>
<row>
</row>
</table>
</section>
<section>
<name>SET Clock to Output</name>
<table>
<header>
 <cell/>
 <cell>From</cell>
 <cell>To</cell>
 <cell>Delay (ns)</cell>
 <cell>Slack (ns)</cell>
 <cell>Arrival (ns)</cell>
 <cell>Required (ns)</cell>
 <cell>Clock to Out (ns)</cell>
</header>
<row>
 <cell>Path 1</cell>
 <cell>UART_Cmd_0/UART_Cmd_0/uUART/make_TX/tx:CLK</cell>
 <cell>DUAL_SW_w</cell>
 <cell>0.805</cell>
 <cell></cell>
 <cell>1.672</cell>
 <cell></cell>
 <cell>1.672</cell>
</row>
<row>
 <cell>Path 2</cell>
 <cell>UART_Data_0/UART_Data_0/uUART/make_TX/tx:CLK</cell>
 <cell>RXD_w</cell>
 <cell>0.805</cell>
 <cell></cell>
 <cell>1.672</cell>
 <cell></cell>
 <cell>1.672</cell>
</row>
<row>
 <cell>Path 3</cell>
 <cell>GPIO_Cmd_0/GPIO_Cmd_0/xhdl1.GEN_BITS[0].APB_32.GPOUT_reg[0]:CLK</cell>
 <cell>FACT_RST_w</cell>
 <cell>0.810</cell>
 <cell></cell>
 <cell>1.677</cell>
 <cell></cell>
 <cell>1.677</cell>
</row>
<row>
 <cell>Path 4</cell>
 <cell>GPIO_Cmd_0/GPIO_Cmd_0/xhdl1.GEN_BITS[1].APB_32.GPOUT_reg[1]:CLK</cell>
 <cell>nRESET_w</cell>
 <cell>0.810</cell>
 <cell></cell>
 <cell>1.677</cell>
 <cell></cell>
 <cell>1.677</cell>
</row>
<row>
 <cell>Path 5</cell>
 <cell>GPIO_Cmd_0/GPIO_Cmd_0/xhdl1.GEN_BITS[2].APB_32.GPOUT_reg[2]:CLK</cell>
 <cell>WAKE_UP_w</cell>
 <cell>0.810</cell>
 <cell></cell>
 <cell>1.677</cell>
 <cell></cell>
 <cell>1.677</cell>
</row>
</table>
<text></text>
<section><name>Expanded Path 1</name></section>
<table>
<header>
 <cell>Pin Name</cell>
 <cell>Type</cell>
 <cell>Net Name</cell>
 <cell>Cell Name</cell>
 <cell>Op</cell>
 <cell>Delay (ns)</cell>
 <cell>Total (ns)</cell>
 <cell>Fanout</cell>
 <cell>Edge</cell>
</header>
<row>
 <cell>From: UART_Cmd_0/UART_Cmd_0/uUART/make_TX/tx:CLK</cell>
 <cell></cell>
 <cell></cell>
 <cell></cell>
 <cell></cell>
 <cell></cell>
 <cell></cell>
 <cell></cell>
 <cell></cell>
</row>
<row>
 <cell>To: DUAL_SW_w</cell>
 <cell></cell>
 <cell></cell>
 <cell></cell>
 <cell></cell>
 <cell></cell>
 <cell></cell>
 <cell></cell>
 <cell></cell>
</row>
<row>
 <cell>data arrival time</cell>
 <cell></cell>
 <cell></cell>
 <cell></cell>
 <cell></cell>
 <cell></cell>
 <cell>1.672</cell>
 <cell></cell>
 <cell></cell>
</row>
<row>
 <cell>data required time</cell>
 <cell></cell>
 <cell></cell>
 <cell></cell>
 <cell>-</cell>
 <cell></cell>
 <cell>N/C</cell>
 <cell></cell>
 <cell></cell>
</row>
<row>
 <cell>slack</cell>
 <cell></cell>
 <cell></cell>
 <cell></cell>
 <cell></cell>
 <cell></cell>
 <cell>N/C</cell>
 <cell></cell>
 <cell></cell>
</row>
<row>
</row>
<row>
 <cell>Data arrival time calculation</cell>
 <cell></cell>
 <cell></cell>
 <cell></cell>
 <cell></cell>
 <cell></cell>
 <cell></cell>
 <cell></cell>
 <cell></cell>
</row>
<row>
 <cell>PCLK</cell>
 <cell></cell>
 <cell></cell>
 <cell></cell>
 <cell></cell>
 <cell>0.000</cell>
 <cell>0.000</cell>
 <cell></cell>
 <cell></cell>
</row>
<row>
 <cell>PCLK</cell>
 <cell>Clock source</cell>
 <cell></cell>
 <cell></cell>
 <cell>+</cell>
 <cell>0.000</cell>
 <cell>0.000</cell>
 <cell></cell>
 <cell>r</cell>
</row>
<row>
 <cell>BLOCK_INTERFACE_I_PCLK:A</cell>
 <cell>net</cell>
 <cell>I_NET_PCLK</cell>
 <cell></cell>
 <cell>+</cell>
 <cell>0.000</cell>
 <cell>0.000</cell>
 <cell></cell>
 <cell>r</cell>
</row>
<row>
 <cell>BLOCK_INTERFACE_I_PCLK:Y</cell>
 <cell>cell</cell>
 <cell></cell>
 <cell>ADLIB:CFG1</cell>
 <cell>+</cell>
 <cell>0.052</cell>
 <cell>0.052</cell>
 <cell>1</cell>
 <cell>r</cell>
</row>
<row>
 <cell>PCLK_RNIAB1A:A</cell>
 <cell>net</cell>
 <cell>PCLK</cell>
 <cell></cell>
 <cell>+</cell>
 <cell>0.596</cell>
 <cell>0.648</cell>
 <cell></cell>
 <cell>r</cell>
</row>
<row>
 <cell>PCLK_RNIAB1A:Y</cell>
 <cell>cell</cell>
 <cell></cell>
 <cell>ADLIB:GB</cell>
 <cell>+</cell>
 <cell>0.153</cell>
 <cell>0.801</cell>
 <cell>1</cell>
 <cell>r</cell>
</row>
<row>
 <cell>PCLK_RNIAB1A/U0_RGB1:A</cell>
 <cell>net</cell>
 <cell>PCLK_RNIAB1A/U0_Y</cell>
 <cell></cell>
 <cell>+</cell>
 <cell>0.000</cell>
 <cell>0.801</cell>
 <cell></cell>
 <cell>r</cell>
</row>
<row>
 <cell>PCLK_RNIAB1A/U0_RGB1:Y</cell>
 <cell>cell</cell>
 <cell></cell>
 <cell>ADLIB:RGB</cell>
 <cell>+</cell>
 <cell>0.066</cell>
 <cell>0.867</cell>
 <cell>238</cell>
 <cell>f</cell>
</row>
<row>
 <cell>UART_Cmd_0/UART_Cmd_0/uUART/make_TX/tx:CLK</cell>
 <cell>net</cell>
 <cell>NN_1</cell>
 <cell></cell>
 <cell>+</cell>
 <cell>0.000</cell>
 <cell>0.867</cell>
 <cell></cell>
 <cell>r</cell>
</row>
<row>
 <cell>UART_Cmd_0/UART_Cmd_0/uUART/make_TX/tx:Q</cell>
 <cell>cell</cell>
 <cell></cell>
 <cell>ADLIB:SLE</cell>
 <cell>+</cell>
 <cell>0.160</cell>
 <cell>1.027</cell>
 <cell>1</cell>
 <cell>f</cell>
</row>
<row>
 <cell>BLOCK_INTERFACE_I_DUAL_SW_w:A</cell>
 <cell>net</cell>
 <cell>DUAL_SW_w</cell>
 <cell></cell>
 <cell>+</cell>
 <cell>0.596</cell>
 <cell>1.623</cell>
 <cell></cell>
 <cell>f</cell>
</row>
<row>
 <cell>BLOCK_INTERFACE_I_DUAL_SW_w:Y</cell>
 <cell>cell</cell>
 <cell></cell>
 <cell>ADLIB:CFG1</cell>
 <cell>+</cell>
 <cell>0.049</cell>
 <cell>1.672</cell>
 <cell>0</cell>
 <cell>f</cell>
</row>
<row>
 <cell>DUAL_SW_w</cell>
 <cell>net</cell>
 <cell>I_NET_DUAL_SW_w</cell>
 <cell></cell>
 <cell>+</cell>
 <cell>0.000</cell>
 <cell>1.672</cell>
 <cell></cell>
 <cell>f</cell>
</row>
<row>
 <cell>data arrival time</cell>
 <cell></cell>
 <cell></cell>
 <cell></cell>
 <cell></cell>
 <cell></cell>
 <cell>1.672</cell>
 <cell></cell>
 <cell></cell>
</row>
<row>
</row>
<row>
 <cell>Data required time calculation</cell>
 <cell></cell>
 <cell></cell>
 <cell></cell>
 <cell></cell>
 <cell></cell>
 <cell></cell>
 <cell></cell>
 <cell></cell>
</row>
<row>
 <cell>PCLK</cell>
 <cell></cell>
 <cell></cell>
 <cell></cell>
 <cell></cell>
 <cell>N/C</cell>
 <cell>N/C</cell>
 <cell></cell>
 <cell></cell>
</row>
<row>
 <cell>PCLK</cell>
 <cell>Clock source</cell>
 <cell></cell>
 <cell></cell>
 <cell>+</cell>
 <cell>0.000</cell>
 <cell>N/C</cell>
 <cell></cell>
 <cell>r</cell>
</row>
<row>
 <cell>DUAL_SW_w</cell>
 <cell></cell>
 <cell></cell>
 <cell></cell>
 <cell></cell>
 <cell></cell>
 <cell>N/C</cell>
 <cell></cell>
 <cell>f</cell>
</row>
<row>
</row>
</table>
</section>
<section>
<name>SET Register to Asynchronous</name>
<text>No Path</text>
</section>
<section>
<name>SET External Removal</name>
<table>
<header>
 <cell/>
 <cell>From</cell>
 <cell>To</cell>
 <cell>Delay (ns)</cell>
 <cell>Slack (ns)</cell>
 <cell>Arrival (ns)</cell>
 <cell>Required (ns)</cell>
 <cell>Removal (ns)</cell>
 <cell>External Removal (ns)</cell>
</header>
<row>
 <cell>Path 1</cell>
 <cell>PRESETN</cell>
 <cell>GPIO_Cmd_0/GPIO_Cmd_0/xhdl1.GEN_BITS[0].APB_32.GPOUT_reg[0]:ALn</cell>
 <cell>1.688</cell>
 <cell></cell>
 <cell>1.688</cell>
 <cell></cell>
 <cell>-0.082</cell>
 <cell>-0.757</cell>
</row>
<row>
 <cell>Path 2</cell>
 <cell>PRESETN</cell>
 <cell>GPIO_Cmd_0/GPIO_Cmd_0/xhdl1.GEN_BITS[1].APB_32.GPOUT_reg[1]:ALn</cell>
 <cell>1.688</cell>
 <cell></cell>
 <cell>1.688</cell>
 <cell></cell>
 <cell>-0.082</cell>
 <cell>-0.757</cell>
</row>
<row>
 <cell>Path 3</cell>
 <cell>PRESETN</cell>
 <cell>GPIO_Cmd_0/GPIO_Cmd_0/xhdl1.GEN_BITS[2].APB_32.GPOUT_reg[2]:ALn</cell>
 <cell>1.688</cell>
 <cell></cell>
 <cell>1.688</cell>
 <cell></cell>
 <cell>-0.082</cell>
 <cell>-0.757</cell>
</row>
<row>
 <cell>Path 4</cell>
 <cell>PRESETN</cell>
 <cell>GPIO_Cmd_0/GPIO_Cmd_0/xhdl1.GEN_BITS[3].APB_32.GPOUT_reg[3]:ALn</cell>
 <cell>1.688</cell>
 <cell></cell>
 <cell>1.688</cell>
 <cell></cell>
 <cell>-0.082</cell>
 <cell>-0.757</cell>
</row>
<row>
 <cell>Path 5</cell>
 <cell>PRESETN</cell>
 <cell>GPIO_Cmd_0/GPIO_Cmd_0/xhdl1.GEN_BITS[4].APB_32.GPOUT_reg[4]:ALn</cell>
 <cell>1.688</cell>
 <cell></cell>
 <cell>1.688</cell>
 <cell></cell>
 <cell>-0.082</cell>
 <cell>-0.757</cell>
</row>
</table>
<text></text>
<section><name>Expanded Path 1</name></section>
<table>
<header>
 <cell>Pin Name</cell>
 <cell>Type</cell>
 <cell>Net Name</cell>
 <cell>Cell Name</cell>
 <cell>Op</cell>
 <cell>Delay (ns)</cell>
 <cell>Total (ns)</cell>
 <cell>Fanout</cell>
 <cell>Edge</cell>
</header>
<row>
 <cell>From: PRESETN</cell>
 <cell></cell>
 <cell></cell>
 <cell></cell>
 <cell></cell>
 <cell></cell>
 <cell></cell>
 <cell></cell>
 <cell></cell>
</row>
<row>
 <cell>To: GPIO_Cmd_0/GPIO_Cmd_0/xhdl1.GEN_BITS[0].APB_32.GPOUT_reg[0]:ALn</cell>
 <cell></cell>
 <cell></cell>
 <cell></cell>
 <cell></cell>
 <cell></cell>
 <cell></cell>
 <cell></cell>
 <cell></cell>
</row>
<row>
 <cell>data arrival time</cell>
 <cell></cell>
 <cell></cell>
 <cell></cell>
 <cell></cell>
 <cell></cell>
 <cell>1.688</cell>
 <cell></cell>
 <cell></cell>
</row>
<row>
 <cell>data required time</cell>
 <cell></cell>
 <cell></cell>
 <cell></cell>
 <cell>-</cell>
 <cell></cell>
 <cell>N/C</cell>
 <cell></cell>
 <cell></cell>
</row>
<row>
 <cell>slack</cell>
 <cell></cell>
 <cell></cell>
 <cell></cell>
 <cell></cell>
 <cell></cell>
 <cell>N/C</cell>
 <cell></cell>
 <cell></cell>
</row>
<row>
</row>
<row>
 <cell>Data arrival time calculation</cell>
 <cell></cell>
 <cell></cell>
 <cell></cell>
 <cell></cell>
 <cell></cell>
 <cell></cell>
 <cell></cell>
 <cell></cell>
</row>
<row>
 <cell>PRESETN</cell>
 <cell></cell>
 <cell></cell>
 <cell></cell>
 <cell></cell>
 <cell>0.000</cell>
 <cell>0.000</cell>
 <cell></cell>
 <cell>r</cell>
</row>
<row>
 <cell>BLOCK_INTERFACE_I_PRESETN:A</cell>
 <cell>net</cell>
 <cell>I_NET_PRESETN</cell>
 <cell></cell>
 <cell>+</cell>
 <cell>0.000</cell>
 <cell>0.000</cell>
 <cell></cell>
 <cell>r</cell>
</row>
<row>
 <cell>BLOCK_INTERFACE_I_PRESETN:Y</cell>
 <cell>cell</cell>
 <cell></cell>
 <cell>ADLIB:CFG1</cell>
 <cell>+</cell>
 <cell>0.052</cell>
 <cell>0.052</cell>
 <cell>238</cell>
 <cell>r</cell>
</row>
<row>
 <cell>GPIO_Cmd_0/GPIO_Cmd_0/xhdl1.GEN_BITS[0].APB_32.GPOUT_reg[0]:ALn</cell>
 <cell>net</cell>
 <cell>PRESETN</cell>
 <cell></cell>
 <cell>+</cell>
 <cell>1.636</cell>
 <cell>1.688</cell>
 <cell></cell>
 <cell>r</cell>
</row>
<row>
 <cell>data arrival time</cell>
 <cell></cell>
 <cell></cell>
 <cell></cell>
 <cell></cell>
 <cell></cell>
 <cell>1.688</cell>
 <cell></cell>
 <cell></cell>
</row>
<row>
</row>
<row>
 <cell>Data required time calculation</cell>
 <cell></cell>
 <cell></cell>
 <cell></cell>
 <cell></cell>
 <cell></cell>
 <cell></cell>
 <cell></cell>
 <cell></cell>
</row>
<row>
 <cell>PCLK</cell>
 <cell></cell>
 <cell></cell>
 <cell></cell>
 <cell></cell>
 <cell>N/C</cell>
 <cell>N/C</cell>
 <cell></cell>
 <cell></cell>
</row>
<row>
 <cell>PCLK</cell>
 <cell>Clock source</cell>
 <cell></cell>
 <cell></cell>
 <cell>+</cell>
 <cell>0.000</cell>
 <cell>N/C</cell>
 <cell></cell>
 <cell>r</cell>
</row>
<row>
 <cell>BLOCK_INTERFACE_I_PCLK:A</cell>
 <cell>net</cell>
 <cell>I_NET_PCLK</cell>
 <cell></cell>
 <cell>+</cell>
 <cell>0.000</cell>
 <cell>N/C</cell>
 <cell></cell>
 <cell>r</cell>
</row>
<row>
 <cell>BLOCK_INTERFACE_I_PCLK:Y</cell>
 <cell>cell</cell>
 <cell></cell>
 <cell>ADLIB:CFG1</cell>
 <cell>+</cell>
 <cell>0.064</cell>
 <cell>N/C</cell>
 <cell>1</cell>
 <cell>r</cell>
</row>
<row>
 <cell>PCLK_RNIAB1A:A</cell>
 <cell>net</cell>
 <cell>PCLK</cell>
 <cell></cell>
 <cell>+</cell>
 <cell>0.698</cell>
 <cell>N/C</cell>
 <cell></cell>
 <cell>r</cell>
</row>
<row>
 <cell>PCLK_RNIAB1A:Y</cell>
 <cell>cell</cell>
 <cell></cell>
 <cell>ADLIB:GB</cell>
 <cell>+</cell>
 <cell>0.175</cell>
 <cell>N/C</cell>
 <cell>1</cell>
 <cell>r</cell>
</row>
<row>
 <cell>PCLK_RNIAB1A/U0_RGB1:A</cell>
 <cell>net</cell>
 <cell>PCLK_RNIAB1A/U0_Y</cell>
 <cell></cell>
 <cell>+</cell>
 <cell>0.000</cell>
 <cell>N/C</cell>
 <cell></cell>
 <cell>r</cell>
</row>
<row>
 <cell>PCLK_RNIAB1A/U0_RGB1:Y</cell>
 <cell>cell</cell>
 <cell></cell>
 <cell>ADLIB:RGB</cell>
 <cell>+</cell>
 <cell>0.076</cell>
 <cell>N/C</cell>
 <cell>238</cell>
 <cell>f</cell>
</row>
<row>
 <cell>GPIO_Cmd_0/GPIO_Cmd_0/xhdl1.GEN_BITS[0].APB_32.GPOUT_reg[0]:CLK</cell>
 <cell>net</cell>
 <cell>NN_1</cell>
 <cell></cell>
 <cell>+</cell>
 <cell>0.000</cell>
 <cell>N/C</cell>
 <cell></cell>
 <cell>r</cell>
</row>
<row>
 <cell>GPIO_Cmd_0/GPIO_Cmd_0/xhdl1.GEN_BITS[0].APB_32.GPOUT_reg[0]:ALn</cell>
 <cell>Library removal time</cell>
 <cell></cell>
 <cell>ADLIB:SLE</cell>
 <cell>+</cell>
 <cell>-0.082</cell>
 <cell>N/C</cell>
 <cell></cell>
 <cell></cell>
</row>
<row>
</row>
</table>
</section>
<section>
<name>SET Asynchronous to Register</name>
<text>No Path</text>
</section>
</section>
<section>
<name>Path Set Pin to Pin</name>
<section>
<name>SET Input to Output</name>
<table>
<header>
 <cell/>
 <cell>From</cell>
 <cell>To</cell>
 <cell>Delay (ns)</cell>
 <cell>Slack (ns)</cell>
 <cell>Arrival (ns)</cell>
 <cell>Required (ns)</cell>
</header>
<row>
 <cell>Path 1</cell>
 <cell>PADDR_in[9]</cell>
 <cell>PRDATA_in[0]</cell>
 <cell>2.055</cell>
 <cell></cell>
 <cell>2.055</cell>
 <cell></cell>
</row>
<row>
 <cell>Path 2</cell>
 <cell>PADDR_in[9]</cell>
 <cell>PRDATA_in[1]</cell>
 <cell>2.055</cell>
 <cell></cell>
 <cell>2.055</cell>
 <cell></cell>
</row>
<row>
 <cell>Path 3</cell>
 <cell>PADDR_in[9]</cell>
 <cell>PRDATA_in[2]</cell>
 <cell>2.055</cell>
 <cell></cell>
 <cell>2.055</cell>
 <cell></cell>
</row>
<row>
 <cell>Path 4</cell>
 <cell>PADDR_in[9]</cell>
 <cell>PRDATA_in[3]</cell>
 <cell>2.055</cell>
 <cell></cell>
 <cell>2.055</cell>
 <cell></cell>
</row>
<row>
 <cell>Path 5</cell>
 <cell>PADDR_in[9]</cell>
 <cell>PRDATA_in[4]</cell>
 <cell>2.055</cell>
 <cell></cell>
 <cell>2.055</cell>
 <cell></cell>
</row>
</table>
<text></text>
<section><name>Expanded Path 1</name></section>
<table>
<header>
 <cell>Pin Name</cell>
 <cell>Type</cell>
 <cell>Net Name</cell>
 <cell>Cell Name</cell>
 <cell>Op</cell>
 <cell>Delay (ns)</cell>
 <cell>Total (ns)</cell>
 <cell>Fanout</cell>
 <cell>Edge</cell>
</header>
<row>
 <cell>From: PADDR_in[9]</cell>
 <cell></cell>
 <cell></cell>
 <cell></cell>
 <cell></cell>
 <cell></cell>
 <cell></cell>
 <cell></cell>
 <cell></cell>
</row>
<row>
 <cell>To: PRDATA_in[0]</cell>
 <cell></cell>
 <cell></cell>
 <cell></cell>
 <cell></cell>
 <cell></cell>
 <cell></cell>
 <cell></cell>
 <cell></cell>
</row>
<row>
 <cell>data arrival time</cell>
 <cell></cell>
 <cell></cell>
 <cell></cell>
 <cell></cell>
 <cell></cell>
 <cell>2.055</cell>
 <cell></cell>
 <cell></cell>
</row>
<row>
 <cell>data required time</cell>
 <cell></cell>
 <cell></cell>
 <cell></cell>
 <cell>-</cell>
 <cell></cell>
 <cell>N/C</cell>
 <cell></cell>
 <cell></cell>
</row>
<row>
 <cell>slack</cell>
 <cell></cell>
 <cell></cell>
 <cell></cell>
 <cell></cell>
 <cell></cell>
 <cell>N/C</cell>
 <cell></cell>
 <cell></cell>
</row>
<row>
</row>
<row>
 <cell>Data arrival time calculation</cell>
 <cell></cell>
 <cell></cell>
 <cell></cell>
 <cell></cell>
 <cell></cell>
 <cell></cell>
 <cell></cell>
 <cell></cell>
</row>
<row>
 <cell>PADDR_in[9]</cell>
 <cell></cell>
 <cell></cell>
 <cell></cell>
 <cell></cell>
 <cell>0.000</cell>
 <cell>0.000</cell>
 <cell></cell>
 <cell>f</cell>
</row>
<row>
 <cell>BLOCK_INTERFACE_I_PADDR_in[9]:A</cell>
 <cell>net</cell>
 <cell>I_NET_PADDR_in[9]</cell>
 <cell></cell>
 <cell>+</cell>
 <cell>0.000</cell>
 <cell>0.000</cell>
 <cell></cell>
 <cell>f</cell>
</row>
<row>
 <cell>BLOCK_INTERFACE_I_PADDR_in[9]:Y</cell>
 <cell>cell</cell>
 <cell></cell>
 <cell>ADLIB:CFG1</cell>
 <cell>+</cell>
 <cell>0.049</cell>
 <cell>0.049</cell>
 <cell>3</cell>
 <cell>f</cell>
</row>
<row>
 <cell>APB3_Bus_0/APB3_Bus_0/iPSELS_0_a2[2]:A</cell>
 <cell>net</cell>
 <cell>PADDR_in[9]</cell>
 <cell></cell>
 <cell>+</cell>
 <cell>0.606</cell>
 <cell>0.655</cell>
 <cell></cell>
 <cell>f</cell>
</row>
<row>
 <cell>APB3_Bus_0/APB3_Bus_0/iPSELS_0_a2[2]:Y</cell>
 <cell>cell</cell>
 <cell></cell>
 <cell>ADLIB:CFG3</cell>
 <cell>+</cell>
 <cell>0.049</cell>
 <cell>0.704</cell>
 <cell>13</cell>
 <cell>f</cell>
</row>
<row>
 <cell>APB3_Bus_0/APB3_Bus_0/u_mux_p_to_b3/PRDATA[0]:A</cell>
 <cell>net</cell>
 <cell>APB3_Bus_0_APBmslave2_PSELx</cell>
 <cell></cell>
 <cell>+</cell>
 <cell>0.657</cell>
 <cell>1.361</cell>
 <cell></cell>
 <cell>f</cell>
</row>
<row>
 <cell>APB3_Bus_0/APB3_Bus_0/u_mux_p_to_b3/PRDATA[0]:Y</cell>
 <cell>cell</cell>
 <cell></cell>
 <cell>ADLIB:CFG4</cell>
 <cell>+</cell>
 <cell>0.046</cell>
 <cell>1.407</cell>
 <cell>1</cell>
 <cell>r</cell>
</row>
<row>
 <cell>BLOCK_INTERFACE_I_PRDATA_in[0]:A</cell>
 <cell>net</cell>
 <cell>PRDATA_in[0]</cell>
 <cell></cell>
 <cell>+</cell>
 <cell>0.596</cell>
 <cell>2.003</cell>
 <cell></cell>
 <cell>r</cell>
</row>
<row>
 <cell>BLOCK_INTERFACE_I_PRDATA_in[0]:Y</cell>
 <cell>cell</cell>
 <cell></cell>
 <cell>ADLIB:CFG1</cell>
 <cell>+</cell>
 <cell>0.052</cell>
 <cell>2.055</cell>
 <cell>0</cell>
 <cell>r</cell>
</row>
<row>
 <cell>PRDATA_in[0]</cell>
 <cell>net</cell>
 <cell>I_NET_PRDATA_in[0]</cell>
 <cell></cell>
 <cell>+</cell>
 <cell>0.000</cell>
 <cell>2.055</cell>
 <cell></cell>
 <cell>r</cell>
</row>
<row>
 <cell>data arrival time</cell>
 <cell></cell>
 <cell></cell>
 <cell></cell>
 <cell></cell>
 <cell></cell>
 <cell>2.055</cell>
 <cell></cell>
 <cell></cell>
</row>
<row>
</row>
<row>
 <cell>Data required time calculation</cell>
 <cell></cell>
 <cell></cell>
 <cell></cell>
 <cell></cell>
 <cell></cell>
 <cell></cell>
 <cell></cell>
 <cell></cell>
</row>
<row>
 <cell>PADDR_in[9]</cell>
 <cell></cell>
 <cell></cell>
 <cell></cell>
 <cell></cell>
 <cell>N/C</cell>
 <cell>N/C</cell>
 <cell></cell>
 <cell>f</cell>
</row>
<row>
 <cell>PRDATA_in[0]</cell>
 <cell></cell>
 <cell></cell>
 <cell></cell>
 <cell></cell>
 <cell></cell>
 <cell>N/C</cell>
 <cell></cell>
 <cell>r</cell>
</row>
<row>
 <cell>data required time</cell>
 <cell></cell>
 <cell></cell>
 <cell></cell>
 <cell></cell>
 <cell></cell>
 <cell>N/C</cell>
 <cell></cell>
 <cell></cell>
</row>
<row>
</row>
</table>
</section>
</section>
<section>
<name>Path Set User Sets</name>
</section>
</doc>
