<?xml version="1.0" encoding="UTF-8" standalone="no" ?>
<?xml-stylesheet href="rptstyle.xsl" type="text/xsl" ?>
<doc>
<title>Compile Report</title>
<text>Microsemi Corporation - Microsemi Libero Software Release PolarFire v2.1 (Version 12.200.10.15)</text>
<text>Date: Mon Jun 18 14:14:22 2018
</text>
<section><name>Device Selection</name></section>
<table>
<header>
</header>
<row>
 <cell>Family</cell>
 <cell>PolarFire</cell>
</row>
<row>
 <cell>Device</cell>
 <cell>MPF300TS_ES</cell>
</row>
<row>
 <cell>Package</cell>
 <cell>FCG484</cell>
</row>
<row>
 <cell>Speed Grade</cell>
 <cell>-1</cell>
</row>
<row>
 <cell>Core Voltage</cell>
 <cell>1.0V</cell>
</row>
<row>
 <cell>Part Range</cell>
 <cell>EXT</cell>
</row>
<row>
 <cell>Default I/O technology</cell>
 <cell>LVCMOS 1.8V</cell>
</row>
<row>
 <cell>Restrict Probe Pins</cell>
 <cell>Yes</cell>
</row>
</table>
<section><name>Source Files</name></section>
<table>
<header>
</header>
<row>
 <cell>Topcell</cell>
 <cell>Pan9320_Interface</cell>
</row>
<row>
 <cell>Format</cell>
 <cell>Verilog</cell>
</row>
<row>
 <cell>Source</cell>
 <cell>D:\Work\LiberoPF\PF_Avalanche_Pan9320\synthesis\Pan9320_Interface.vm</cell>
</row>
</table>
<section><name>Options</name></section>
<table>
<header>
</header>
<row>
 <cell>Limit the number of high fanout nets to display to</cell>
 <cell>10</cell>
</row>
</table>
<section><name>Resource Usage</name></section>
<table>
<header>
 <cell>Type</cell>
 <cell>Used</cell>
 <cell>Total</cell>
 <cell>Percentage</cell>
</header>
<row>
 <cell>4LUT</cell>
 <cell>410</cell>
 <cell>299544</cell>
 <cell>0.14</cell>
</row>
<row>
 <cell>DFF</cell>
 <cell>238</cell>
 <cell>299544</cell>
 <cell>0.08</cell>
</row>
<row>
 <cell>I/O Register</cell>
 <cell>0</cell>
 <cell>732</cell>
 <cell>0.00</cell>
</row>
<row>
 <cell>User I/O</cell>
 <cell>0</cell>
 <cell>244</cell>
 <cell>0.00</cell>
</row>
<row>
 <cell>-- Single-ended I/O</cell>
 <cell>0</cell>
 <cell>244</cell>
 <cell>0.00</cell>
</row>
<row>
 <cell>-- Differential I/O Pairs</cell>
 <cell>0</cell>
 <cell>122</cell>
 <cell>0.00</cell>
</row>
<row>
 <cell>uSRAM</cell>
 <cell>0</cell>
 <cell>2772</cell>
 <cell>0.00</cell>
</row>
<row>
 <cell>LSRAM</cell>
 <cell>0</cell>
 <cell>952</cell>
 <cell>0.00</cell>
</row>
<row>
 <cell>Math</cell>
 <cell>0</cell>
 <cell>924</cell>
 <cell>0.00</cell>
</row>
<row>
 <cell>H-Chip Global</cell>
 <cell>1</cell>
 <cell>48</cell>
 <cell>2.08</cell>
</row>
<row>
 <cell>PLL</cell>
 <cell>0</cell>
 <cell>8</cell>
 <cell>0.00</cell>
</row>
<row>
 <cell>DLL</cell>
 <cell>0</cell>
 <cell>8</cell>
 <cell>0.00</cell>
</row>
<row>
 <cell>Transceiver Lanes</cell>
 <cell>0</cell>
 <cell>8</cell>
 <cell>0.00</cell>
</row>
<row>
 <cell>Transceiver PCIe</cell>
 <cell>0</cell>
 <cell>2</cell>
 <cell>0.00</cell>
</row>
</table>
<section><name>Detailed Logic Resource Usage</name></section>
<table>
<header>
 <cell>Type</cell>
 <cell>4LUT</cell>
 <cell>DFF</cell>
</header>
<row>
 <cell>Fabric Logic</cell>
 <cell>410</cell>
 <cell>238</cell>
</row>
<row>
 <cell>uSRAM Interface Logic</cell>
 <cell>0</cell>
 <cell>0</cell>
</row>
<row>
 <cell>LSRAM Interface Logic</cell>
 <cell>0</cell>
 <cell>0</cell>
</row>
<row>
 <cell>Math Interface Logic</cell>
 <cell>0</cell>
 <cell>0</cell>
</row>
<row>
 <cell>Total Used</cell>
 <cell>410</cell>
 <cell>238</cell>
</row>
</table>
<section><name>Detailed Carry Chains Resource Usage</name></section>
<table>
<header>
</header>
<row>
 <cell>Length</cell>
 <cell>Used</cell>
</row>
<row>
 <cell>5</cell>
 <cell>2</cell>
</row>
<row>
 <cell>14</cell>
 <cell>2</cell>
</row>
<row>
 <cell>Total</cell>
 <cell>4</cell>
</row>
</table>
<section><name>I/O Function</name></section>
<table>
<header>
 <cell>Type</cell>
 <cell>w/o register</cell>
 <cell>w/ register</cell>
 <cell>w/ DDR register</cell>
</header>
<row>
 <cell>Input I/O</cell>
 <cell>0</cell>
 <cell>0</cell>
 <cell>0</cell>
</row>
<row>
 <cell>Output I/O</cell>
 <cell>0</cell>
 <cell>0</cell>
 <cell>0</cell>
</row>
<row>
 <cell>Bidirectional I/O</cell>
 <cell>0</cell>
 <cell>0</cell>
 <cell>0</cell>
</row>
<row>
 <cell>Differential Input I/O Pairs</cell>
 <cell>0</cell>
 <cell>0</cell>
 <cell>0</cell>
</row>
<row>
 <cell>Differential Output I/O Pairs</cell>
 <cell>0</cell>
 <cell>0</cell>
 <cell>0</cell>
</row>
</table>
<section><name>Nets assigned to chip global resources</name></section>
<table>
<header>
 <cell>Fanout</cell>
 <cell>Type</cell>
 <cell>Name</cell>
</header>
<row>
 <cell>238</cell>
 <cell>INT_NET</cell>
 <cell>Net   : NN_1</cell>
</row>
<row>
 <cell></cell>
 <cell></cell>
 <cell>Driver: PCLK_RNIAB1A/U0_RGB1</cell>
</row>
<row>
 <cell></cell>
 <cell></cell>
 <cell>Source: NETLIST</cell>
</row>
</table>
<section><name>Nets assigned to row global resources</name></section>
<table>
<header>
 <cell>Fanout</cell>
 <cell>Type</cell>
 <cell>Name</cell>
</header>
</table>
<section><name>High fanout nets</name></section>
<table>
<header>
 <cell>Fanout</cell>
 <cell>Type</cell>
 <cell>Name</cell>
</header>
<row>
 <cell>238</cell>
 <cell>INT_NET</cell>
 <cell>Net   : PRESETN</cell>
</row>
<row>
 <cell></cell>
 <cell></cell>
 <cell>Driver: BLOCK_INTERFACE_I_PRESETN</cell>
</row>
<row>
 <cell>45</cell>
 <cell>INT_NET</cell>
 <cell>Net   : PADDR_in[3]</cell>
</row>
<row>
 <cell></cell>
 <cell></cell>
 <cell>Driver: BLOCK_INTERFACE_I_PADDR_in[3]</cell>
</row>
<row>
 <cell>37</cell>
 <cell>INT_NET</cell>
 <cell>Net   : PADDR_in[2]</cell>
</row>
<row>
 <cell></cell>
 <cell></cell>
 <cell>Driver: BLOCK_INTERFACE_I_PADDR_in[2]</cell>
</row>
<row>
 <cell>29</cell>
 <cell>INT_NET</cell>
 <cell>Net   : UART_Data_0/UART_Data_0/uUART/baud_clock</cell>
</row>
<row>
 <cell></cell>
 <cell></cell>
 <cell>Driver: UART_Data_0/UART_Data_0/uUART/make_CLOCK_GEN/genblk1.baud_clock_int</cell>
</row>
<row>
 <cell>29</cell>
 <cell>INT_NET</cell>
 <cell>Net   : UART_Cmd_0/UART_Cmd_0/uUART/baud_clock</cell>
</row>
<row>
 <cell></cell>
 <cell></cell>
 <cell>Driver: UART_Cmd_0/UART_Cmd_0/uUART/make_CLOCK_GEN/genblk1.baud_clock_int</cell>
</row>
<row>
 <cell>26</cell>
 <cell>INT_NET</cell>
 <cell>Net   : PADDR_in[4]</cell>
</row>
<row>
 <cell></cell>
 <cell></cell>
 <cell>Driver: BLOCK_INTERFACE_I_PADDR_in[4]</cell>
</row>
<row>
 <cell>19</cell>
 <cell>INT_NET</cell>
 <cell>Net   : APB3_Bus_0_APBmslave1_PSELx</cell>
</row>
<row>
 <cell></cell>
 <cell></cell>
 <cell>Driver: APB3_Bus_0/APB3_Bus_0/iPSELS_0_a2[1]</cell>
</row>
<row>
 <cell>14</cell>
 <cell>INT_NET</cell>
 <cell>Net   : UART_Data_0/UART_Data_0/uUART/make_CLOCK_GEN/baud_cntr8_1_RNIISEC1_Y</cell>
</row>
<row>
 <cell></cell>
 <cell></cell>
 <cell>Driver: UART_Data_0/UART_Data_0/uUART/make_CLOCK_GEN/genblk1.make_baud_cntr.baud_cntr8_1_RNIISEC1</cell>
</row>
<row>
 <cell>14</cell>
 <cell>INT_NET</cell>
 <cell>Net   : UART_Cmd_0/UART_Cmd_0/uUART/make_CLOCK_GEN/baud_cntr8_1_RNI2R941_Y</cell>
</row>
<row>
 <cell></cell>
 <cell></cell>
 <cell>Driver: UART_Cmd_0/UART_Cmd_0/uUART/make_CLOCK_GEN/genblk1.make_baud_cntr.baud_cntr8_1_RNI2R941</cell>
</row>
<row>
 <cell>13</cell>
 <cell>INT_NET</cell>
 <cell>Net   : APB3_Bus_0_APBmslave2_PSELx</cell>
</row>
<row>
 <cell></cell>
 <cell></cell>
 <cell>Driver: APB3_Bus_0/APB3_Bus_0/iPSELS_0_a2[2]</cell>
</row>
</table>
<section><name>High fanout nets (through buffer trees)</name></section>
<table>
<header>
 <cell>Fanout</cell>
 <cell>Type</cell>
 <cell>Name</cell>
</header>
<row>
 <cell>238</cell>
 <cell>INT_NET</cell>
 <cell>Net   : PRESETN</cell>
</row>
<row>
 <cell></cell>
 <cell></cell>
 <cell>Driver: BLOCK_INTERFACE_I_PRESETN</cell>
</row>
<row>
 <cell>45</cell>
 <cell>INT_NET</cell>
 <cell>Net   : PADDR_in[3]</cell>
</row>
<row>
 <cell></cell>
 <cell></cell>
 <cell>Driver: BLOCK_INTERFACE_I_PADDR_in[3]</cell>
</row>
<row>
 <cell>37</cell>
 <cell>INT_NET</cell>
 <cell>Net   : PADDR_in[2]</cell>
</row>
<row>
 <cell></cell>
 <cell></cell>
 <cell>Driver: BLOCK_INTERFACE_I_PADDR_in[2]</cell>
</row>
<row>
 <cell>29</cell>
 <cell>INT_NET</cell>
 <cell>Net   : UART_Data_0/UART_Data_0/uUART/baud_clock</cell>
</row>
<row>
 <cell></cell>
 <cell></cell>
 <cell>Driver: UART_Data_0/UART_Data_0/uUART/make_CLOCK_GEN/genblk1.baud_clock_int</cell>
</row>
<row>
 <cell>29</cell>
 <cell>INT_NET</cell>
 <cell>Net   : UART_Cmd_0/UART_Cmd_0/uUART/baud_clock</cell>
</row>
<row>
 <cell></cell>
 <cell></cell>
 <cell>Driver: UART_Cmd_0/UART_Cmd_0/uUART/make_CLOCK_GEN/genblk1.baud_clock_int</cell>
</row>
<row>
 <cell>26</cell>
 <cell>INT_NET</cell>
 <cell>Net   : PADDR_in[4]</cell>
</row>
<row>
 <cell></cell>
 <cell></cell>
 <cell>Driver: BLOCK_INTERFACE_I_PADDR_in[4]</cell>
</row>
<row>
 <cell>19</cell>
 <cell>INT_NET</cell>
 <cell>Net   : APB3_Bus_0_APBmslave1_PSELx</cell>
</row>
<row>
 <cell></cell>
 <cell></cell>
 <cell>Driver: APB3_Bus_0/APB3_Bus_0/iPSELS_0_a2[1]</cell>
</row>
<row>
 <cell>14</cell>
 <cell>INT_NET</cell>
 <cell>Net   : UART_Data_0/UART_Data_0/uUART/make_CLOCK_GEN/baud_cntr8_1_RNIISEC1_Y</cell>
</row>
<row>
 <cell></cell>
 <cell></cell>
 <cell>Driver: UART_Data_0/UART_Data_0/uUART/make_CLOCK_GEN/genblk1.make_baud_cntr.baud_cntr8_1_RNIISEC1</cell>
</row>
<row>
 <cell>14</cell>
 <cell>INT_NET</cell>
 <cell>Net   : UART_Cmd_0/UART_Cmd_0/uUART/make_CLOCK_GEN/baud_cntr8_1_RNI2R941_Y</cell>
</row>
<row>
 <cell></cell>
 <cell></cell>
 <cell>Driver: UART_Cmd_0/UART_Cmd_0/uUART/make_CLOCK_GEN/genblk1.make_baud_cntr.baud_cntr8_1_RNI2R941</cell>
</row>
<row>
 <cell>13</cell>
 <cell>INT_NET</cell>
 <cell>Net   : APB3_Bus_0_APBmslave2_PSELx</cell>
</row>
<row>
 <cell></cell>
 <cell></cell>
 <cell>Driver: APB3_Bus_0/APB3_Bus_0/iPSELS_0_a2[2]</cell>
</row>
</table>
</doc>
