<?xml version="1.0" encoding="UTF-8" standalone="no" ?>
<?xml-stylesheet href="rptstyle.xsl" type="text/xsl" ?>
<doc>
<title>Timing Report Max Delay Analysis
</title>
<text>SmartTime Version 12.200.10.15</text>
<text>Microsemi Corporation - Microsemi Libero Software Release PolarFire v2.1 (Version 12.200.10.15)</text>
<text>Date: Mon Jun 18 14:16:07 2018
</text>
<table>
<header>
</header>
<row>
 <cell>Design</cell>
 <cell>Pan9320_Interface</cell>
</row>
<row>
 <cell>Family</cell>
 <cell>PolarFire</cell>
</row>
<row>
 <cell>Die</cell>
 <cell>MPF300TS_ES</cell>
</row>
<row>
 <cell>Package</cell>
 <cell>FCG484</cell>
</row>
<row>
 <cell>Temperature Range</cell>
 <cell>0 - 100 C</cell>
</row>
<row>
 <cell>Voltage Range</cell>
 <cell>0.97 - 1.03 V</cell>
</row>
<row>
 <cell>Speed Grade</cell>
 <cell>-1</cell>
</row>
<row>
 <cell>Design State</cell>
 <cell>Pre-Layout</cell>
</row>
<row>
 <cell>Data source</cell>
 <cell></cell>
</row>
<row>
 <cell>Operating Conditions</cell>
 <cell>slow_lv_ht</cell>
</row>
<row>
 <cell>Scenario for Timing Analysis</cell>
 <cell>Primary</cell>
</row>
</table>
<text></text>
<section>
<name>Summary</name>
<table>
<header>
 <cell>Clock Domain</cell>
 <cell>Period (ns)</cell>
 <cell>Frequency (MHz)</cell>
 <cell>Required Period (ns)</cell>
 <cell>Required Frequency (MHz)</cell>
 <cell>External Setup (ns)</cell>
 <cell>Max Clock-To-Out (ns)</cell>
</header>
<row>
 <cell>PCLK</cell>
 <cell>5.346</cell>
 <cell>187.056</cell>
 <cell>N/A</cell>
 <cell>N/A</cell>
 <cell>4.387</cell>
 <cell>4.713</cell>
</row>
</table>
<text></text>
<table>
<header>
 <cell></cell>
 <cell>Min Delay (ns)</cell>
 <cell>Max Delay (ns)</cell>
</header>
<row>
 <cell>Input to Output</cell>
 <cell>6.451</cell>
</row>
</table>
</section>
<section>
<name>Clock Domain PCLK</name>
<text></text>
<section>
<name>SET Register to Register</name>
<table>
<header>
 <cell/>
 <cell>From</cell>
 <cell>To</cell>
 <cell>Delay (ns)</cell>
 <cell>Slack (ns)</cell>
 <cell>Arrival (ns)</cell>
 <cell>Required (ns)</cell>
 <cell>Setup (ns)</cell>
 <cell>Minimum Period (ns)</cell>
</header>
<row>
 <cell>Path 1</cell>
 <cell>UART_Cmd_0/UART_Cmd_0/uUART/make_RX/rx_bit_cnt[0]:CLK</cell>
 <cell>UART_Cmd_0/UART_Cmd_0/uUART/make_RX/receive_full_int:EN</cell>
 <cell>5.200</cell>
 <cell></cell>
 <cell>6.213</cell>
 <cell></cell>
 <cell>0.146</cell>
 <cell>5.346</cell>
</row>
<row>
 <cell>Path 2</cell>
 <cell>UART_Data_0/UART_Data_0/uUART/make_RX/rx_bit_cnt[0]:CLK</cell>
 <cell>UART_Data_0/UART_Data_0/uUART/make_RX/receive_full_int:EN</cell>
 <cell>5.200</cell>
 <cell></cell>
 <cell>6.213</cell>
 <cell></cell>
 <cell>0.146</cell>
 <cell>5.346</cell>
</row>
<row>
 <cell>Path 3</cell>
 <cell>UART_Cmd_0/UART_Cmd_0/uUART/make_RX/rx_bit_cnt[1]:CLK</cell>
 <cell>UART_Cmd_0/UART_Cmd_0/uUART/make_RX/receive_full_int:EN</cell>
 <cell>5.149</cell>
 <cell></cell>
 <cell>6.162</cell>
 <cell></cell>
 <cell>0.146</cell>
 <cell>5.295</cell>
</row>
<row>
 <cell>Path 4</cell>
 <cell>UART_Data_0/UART_Data_0/uUART/make_RX/rx_bit_cnt[1]:CLK</cell>
 <cell>UART_Data_0/UART_Data_0/uUART/make_RX/receive_full_int:EN</cell>
 <cell>5.149</cell>
 <cell></cell>
 <cell>6.162</cell>
 <cell></cell>
 <cell>0.146</cell>
 <cell>5.295</cell>
</row>
<row>
 <cell>Path 5</cell>
 <cell>UART_Cmd_0/UART_Cmd_0/uUART/make_RX/rx_bit_cnt[2]:CLK</cell>
 <cell>UART_Cmd_0/UART_Cmd_0/uUART/make_RX/receive_full_int:EN</cell>
 <cell>5.071</cell>
 <cell></cell>
 <cell>6.084</cell>
 <cell></cell>
 <cell>0.146</cell>
 <cell>5.217</cell>
</row>
</table>
<text></text>
<section><name>Expanded Path 1</name></section>
<table>
<header>
 <cell>Pin Name</cell>
 <cell>Type</cell>
 <cell>Net Name</cell>
 <cell>Cell Name</cell>
 <cell>Op</cell>
 <cell>Delay (ns)</cell>
 <cell>Total (ns)</cell>
 <cell>Fanout</cell>
 <cell>Edge</cell>
</header>
<row>
 <cell>From: UART_Cmd_0/UART_Cmd_0/uUART/make_RX/rx_bit_cnt[0]:CLK</cell>
 <cell></cell>
 <cell></cell>
 <cell></cell>
 <cell></cell>
 <cell></cell>
 <cell></cell>
 <cell></cell>
 <cell></cell>
</row>
<row>
 <cell>To: UART_Cmd_0/UART_Cmd_0/uUART/make_RX/receive_full_int:EN</cell>
 <cell></cell>
 <cell></cell>
 <cell></cell>
 <cell></cell>
 <cell></cell>
 <cell></cell>
 <cell></cell>
 <cell></cell>
</row>
<row>
 <cell>data required time</cell>
 <cell></cell>
 <cell></cell>
 <cell></cell>
 <cell></cell>
 <cell></cell>
 <cell>N/C</cell>
 <cell></cell>
 <cell></cell>
</row>
<row>
 <cell>data arrival time</cell>
 <cell></cell>
 <cell></cell>
 <cell></cell>
 <cell>-</cell>
 <cell></cell>
 <cell>6.213</cell>
 <cell></cell>
 <cell></cell>
</row>
<row>
 <cell>slack</cell>
 <cell></cell>
 <cell></cell>
 <cell></cell>
 <cell></cell>
 <cell></cell>
 <cell>N/C</cell>
 <cell></cell>
 <cell></cell>
</row>
<row>
</row>
<row>
 <cell>Data arrival time calculation</cell>
 <cell></cell>
 <cell></cell>
 <cell></cell>
 <cell></cell>
 <cell></cell>
 <cell></cell>
 <cell></cell>
 <cell></cell>
</row>
<row>
 <cell>PCLK</cell>
 <cell></cell>
 <cell></cell>
 <cell></cell>
 <cell></cell>
 <cell>0.000</cell>
 <cell>0.000</cell>
 <cell></cell>
 <cell></cell>
</row>
<row>
 <cell>PCLK</cell>
 <cell>Clock source</cell>
 <cell></cell>
 <cell></cell>
 <cell>+</cell>
 <cell>0.000</cell>
 <cell>0.000</cell>
 <cell></cell>
 <cell>r</cell>
</row>
<row>
 <cell>BLOCK_INTERFACE_I_PCLK:A</cell>
 <cell>net</cell>
 <cell>I_NET_PCLK</cell>
 <cell></cell>
 <cell>+</cell>
 <cell>0.000</cell>
 <cell>0.000</cell>
 <cell></cell>
 <cell>r</cell>
</row>
<row>
 <cell>BLOCK_INTERFACE_I_PCLK:Y</cell>
 <cell>cell</cell>
 <cell></cell>
 <cell>ADLIB:CFG1</cell>
 <cell>+</cell>
 <cell>0.064</cell>
 <cell>0.064</cell>
 <cell>1</cell>
 <cell>r</cell>
</row>
<row>
 <cell>PCLK_RNIAB1A:A</cell>
 <cell>net</cell>
 <cell>PCLK</cell>
 <cell></cell>
 <cell>+</cell>
 <cell>0.698</cell>
 <cell>0.762</cell>
 <cell></cell>
 <cell>r</cell>
</row>
<row>
 <cell>PCLK_RNIAB1A:Y</cell>
 <cell>cell</cell>
 <cell></cell>
 <cell>ADLIB:GB</cell>
 <cell>+</cell>
 <cell>0.175</cell>
 <cell>0.937</cell>
 <cell>1</cell>
 <cell>r</cell>
</row>
<row>
 <cell>PCLK_RNIAB1A/U0_RGB1:A</cell>
 <cell>net</cell>
 <cell>PCLK_RNIAB1A/U0_Y</cell>
 <cell></cell>
 <cell>+</cell>
 <cell>0.000</cell>
 <cell>0.937</cell>
 <cell></cell>
 <cell>r</cell>
</row>
<row>
 <cell>PCLK_RNIAB1A/U0_RGB1:Y</cell>
 <cell>cell</cell>
 <cell></cell>
 <cell>ADLIB:RGB</cell>
 <cell>+</cell>
 <cell>0.076</cell>
 <cell>1.013</cell>
 <cell>238</cell>
 <cell>f</cell>
</row>
<row>
 <cell>UART_Cmd_0/UART_Cmd_0/uUART/make_RX/rx_bit_cnt[0]:CLK</cell>
 <cell>net</cell>
 <cell>NN_1</cell>
 <cell></cell>
 <cell>+</cell>
 <cell>0.000</cell>
 <cell>1.013</cell>
 <cell></cell>
 <cell>r</cell>
</row>
<row>
 <cell>UART_Cmd_0/UART_Cmd_0/uUART/make_RX/rx_bit_cnt[0]:Q</cell>
 <cell>cell</cell>
 <cell></cell>
 <cell>ADLIB:SLE</cell>
 <cell>+</cell>
 <cell>0.203</cell>
 <cell>1.216</cell>
 <cell>7</cell>
 <cell>r</cell>
</row>
<row>
 <cell>UART_Cmd_0/UART_Cmd_0/uUART/make_RX/make_parity_err.parity_err5:D</cell>
 <cell>net</cell>
 <cell>UART_Cmd_0/UART_Cmd_0/uUART/make_RX/rx_bit_cnt[0]</cell>
 <cell></cell>
 <cell>+</cell>
 <cell>0.733</cell>
 <cell>1.949</cell>
 <cell></cell>
 <cell>r</cell>
</row>
<row>
 <cell>UART_Cmd_0/UART_Cmd_0/uUART/make_RX/make_parity_err.parity_err5:Y</cell>
 <cell>cell</cell>
 <cell></cell>
 <cell>ADLIB:CFG4</cell>
 <cell>+</cell>
 <cell>0.224</cell>
 <cell>2.173</cell>
 <cell>3</cell>
 <cell>r</cell>
</row>
<row>
 <cell>UART_Cmd_0/UART_Cmd_0/uUART/make_RX/receive_full_indicator.fifo_write23:B</cell>
 <cell>net</cell>
 <cell>UART_Cmd_0/UART_Cmd_0/uUART/make_RX/parity_err5</cell>
 <cell></cell>
 <cell>+</cell>
 <cell>0.710</cell>
 <cell>2.883</cell>
 <cell></cell>
 <cell>r</cell>
</row>
<row>
 <cell>UART_Cmd_0/UART_Cmd_0/uUART/make_RX/receive_full_indicator.fifo_write23:Y</cell>
 <cell>cell</cell>
 <cell></cell>
 <cell>ADLIB:CFG2</cell>
 <cell>+</cell>
 <cell>0.101</cell>
 <cell>2.984</cell>
 <cell>1</cell>
 <cell>r</cell>
</row>
<row>
 <cell>UART_Cmd_0/UART_Cmd_0/uUART/make_RX/receive_full_indicator.fifo_write_8.m5_1_2:C</cell>
 <cell>net</cell>
 <cell>UART_Cmd_0/UART_Cmd_0/uUART/make_RX/fifo_write23</cell>
 <cell></cell>
 <cell>+</cell>
 <cell>0.698</cell>
 <cell>3.682</cell>
 <cell></cell>
 <cell>r</cell>
</row>
<row>
 <cell>UART_Cmd_0/UART_Cmd_0/uUART/make_RX/receive_full_indicator.fifo_write_8.m5_1_2:Y</cell>
 <cell>cell</cell>
 <cell></cell>
 <cell>ADLIB:CFG3</cell>
 <cell>+</cell>
 <cell>0.161</cell>
 <cell>3.843</cell>
 <cell>1</cell>
 <cell>f</cell>
</row>
<row>
 <cell>UART_Cmd_0/UART_Cmd_0/uUART/make_RX/receive_full_indicator.fifo_write_8.m5:C</cell>
 <cell>net</cell>
 <cell>UART_Cmd_0/UART_Cmd_0/uUART/make_RX/m5_1_2</cell>
 <cell></cell>
 <cell>+</cell>
 <cell>0.698</cell>
 <cell>4.541</cell>
 <cell></cell>
 <cell>f</cell>
</row>
<row>
 <cell>UART_Cmd_0/UART_Cmd_0/uUART/make_RX/receive_full_indicator.fifo_write_8.m5:Y</cell>
 <cell>cell</cell>
 <cell></cell>
 <cell>ADLIB:CFG4</cell>
 <cell>+</cell>
 <cell>0.173</cell>
 <cell>4.714</cell>
 <cell>1</cell>
 <cell>f</cell>
</row>
<row>
 <cell>UART_Cmd_0/UART_Cmd_0/uUART/make_RX/receive_full_int_1_sqmuxa_i:B</cell>
 <cell>net</cell>
 <cell>UART_Cmd_0/UART_Cmd_0/uUART/make_RX/fifo_write_8</cell>
 <cell></cell>
 <cell>+</cell>
 <cell>0.698</cell>
 <cell>5.412</cell>
 <cell></cell>
 <cell>f</cell>
</row>
<row>
 <cell>UART_Cmd_0/UART_Cmd_0/uUART/make_RX/receive_full_int_1_sqmuxa_i:Y</cell>
 <cell>cell</cell>
 <cell></cell>
 <cell>ADLIB:CFG3</cell>
 <cell>+</cell>
 <cell>0.103</cell>
 <cell>5.515</cell>
 <cell>1</cell>
 <cell>r</cell>
</row>
<row>
 <cell>UART_Cmd_0/UART_Cmd_0/uUART/make_RX/receive_full_int:EN</cell>
 <cell>net</cell>
 <cell>UART_Cmd_0/UART_Cmd_0/uUART/make_RX/receive_full_int_1_sqmuxa_i_Z</cell>
 <cell></cell>
 <cell>+</cell>
 <cell>0.698</cell>
 <cell>6.213</cell>
 <cell></cell>
 <cell>r</cell>
</row>
<row>
 <cell>data arrival time</cell>
 <cell></cell>
 <cell></cell>
 <cell></cell>
 <cell></cell>
 <cell></cell>
 <cell>6.213</cell>
 <cell></cell>
 <cell></cell>
</row>
<row>
</row>
<row>
 <cell>Data required time calculation</cell>
 <cell></cell>
 <cell></cell>
 <cell></cell>
 <cell></cell>
 <cell></cell>
 <cell></cell>
 <cell></cell>
 <cell></cell>
</row>
<row>
 <cell>PCLK</cell>
 <cell></cell>
 <cell></cell>
 <cell></cell>
 <cell></cell>
 <cell>N/C</cell>
 <cell>N/C</cell>
 <cell></cell>
 <cell></cell>
</row>
<row>
 <cell>PCLK</cell>
 <cell>Clock source</cell>
 <cell></cell>
 <cell></cell>
 <cell>+</cell>
 <cell>0.000</cell>
 <cell>N/C</cell>
 <cell></cell>
 <cell>r</cell>
</row>
<row>
 <cell>BLOCK_INTERFACE_I_PCLK:A</cell>
 <cell>net</cell>
 <cell>I_NET_PCLK</cell>
 <cell></cell>
 <cell>+</cell>
 <cell>0.000</cell>
 <cell>N/C</cell>
 <cell></cell>
 <cell>r</cell>
</row>
<row>
 <cell>BLOCK_INTERFACE_I_PCLK:Y</cell>
 <cell>cell</cell>
 <cell></cell>
 <cell>ADLIB:CFG1</cell>
 <cell>+</cell>
 <cell>0.052</cell>
 <cell>N/C</cell>
 <cell>1</cell>
 <cell>r</cell>
</row>
<row>
 <cell>PCLK_RNIAB1A:A</cell>
 <cell>net</cell>
 <cell>PCLK</cell>
 <cell></cell>
 <cell>+</cell>
 <cell>0.596</cell>
 <cell>N/C</cell>
 <cell></cell>
 <cell>r</cell>
</row>
<row>
 <cell>PCLK_RNIAB1A:Y</cell>
 <cell>cell</cell>
 <cell></cell>
 <cell>ADLIB:GB</cell>
 <cell>+</cell>
 <cell>0.153</cell>
 <cell>N/C</cell>
 <cell>1</cell>
 <cell>r</cell>
</row>
<row>
 <cell>PCLK_RNIAB1A/U0_RGB1:A</cell>
 <cell>net</cell>
 <cell>PCLK_RNIAB1A/U0_Y</cell>
 <cell></cell>
 <cell>+</cell>
 <cell>0.000</cell>
 <cell>N/C</cell>
 <cell></cell>
 <cell>r</cell>
</row>
<row>
 <cell>PCLK_RNIAB1A/U0_RGB1:Y</cell>
 <cell>cell</cell>
 <cell></cell>
 <cell>ADLIB:RGB</cell>
 <cell>+</cell>
 <cell>0.066</cell>
 <cell>N/C</cell>
 <cell>238</cell>
 <cell>f</cell>
</row>
<row>
 <cell>UART_Cmd_0/UART_Cmd_0/uUART/make_RX/receive_full_int:CLK</cell>
 <cell>net</cell>
 <cell>NN_1</cell>
 <cell></cell>
 <cell>+</cell>
 <cell>0.000</cell>
 <cell>N/C</cell>
 <cell></cell>
 <cell>r</cell>
</row>
<row>
 <cell>clock reconvergence pessimism</cell>
 <cell></cell>
 <cell></cell>
 <cell></cell>
 <cell>+</cell>
 <cell>0.146</cell>
 <cell>N/C</cell>
 <cell></cell>
 <cell></cell>
</row>
<row>
 <cell>UART_Cmd_0/UART_Cmd_0/uUART/make_RX/receive_full_int:EN</cell>
 <cell>Library setup time</cell>
 <cell></cell>
 <cell>ADLIB:SLE</cell>
 <cell>-</cell>
 <cell>0.146</cell>
 <cell>N/C</cell>
 <cell></cell>
 <cell></cell>
</row>
<row>
</row>
</table>
</section>
<section>
<name>SET External Setup</name>
<table>
<header>
 <cell/>
 <cell>From</cell>
 <cell>To</cell>
 <cell>Delay (ns)</cell>
 <cell>Slack (ns)</cell>
 <cell>Arrival (ns)</cell>
 <cell>Required (ns)</cell>
 <cell>Setup (ns)</cell>
 <cell>External Setup (ns)</cell>
</header>
<row>
 <cell>Path 1</cell>
 <cell>PADDR_in[10]</cell>
 <cell>UART_Cmd_0/UART_Cmd_0/uUART/make_TX/txrdy_int:EN</cell>
 <cell>5.108</cell>
 <cell></cell>
 <cell>5.108</cell>
 <cell></cell>
 <cell>0.146</cell>
 <cell>4.387</cell>
</row>
<row>
 <cell>Path 2</cell>
 <cell>PADDR_in[10]</cell>
 <cell>UART_Cmd_0/UART_Cmd_0/uUART/make_RX/framing_error:EN</cell>
 <cell>5.085</cell>
 <cell></cell>
 <cell>5.085</cell>
 <cell></cell>
 <cell>0.146</cell>
 <cell>4.364</cell>
</row>
<row>
 <cell>Path 3</cell>
 <cell>PADDR_in[10]</cell>
 <cell>UART_Cmd_0/UART_Cmd_0/uUART/make_RX/overflow:EN</cell>
 <cell>5.085</cell>
 <cell></cell>
 <cell>5.085</cell>
 <cell></cell>
 <cell>0.146</cell>
 <cell>4.364</cell>
</row>
<row>
 <cell>Path 4</cell>
 <cell>PADDR_in[10]</cell>
 <cell>UART_Cmd_0/UART_Cmd_0/uUART/make_RX/receive_full_int:EN</cell>
 <cell>5.085</cell>
 <cell></cell>
 <cell>5.085</cell>
 <cell></cell>
 <cell>0.146</cell>
 <cell>4.364</cell>
</row>
<row>
 <cell>Path 5</cell>
 <cell>PADDR_in[11]</cell>
 <cell>UART_Cmd_0/UART_Cmd_0/uUART/make_TX/txrdy_int:EN</cell>
 <cell>5.051</cell>
 <cell></cell>
 <cell>5.051</cell>
 <cell></cell>
 <cell>0.146</cell>
 <cell>4.330</cell>
</row>
</table>
<text></text>
<section><name>Expanded Path 1</name></section>
<table>
<header>
 <cell>Pin Name</cell>
 <cell>Type</cell>
 <cell>Net Name</cell>
 <cell>Cell Name</cell>
 <cell>Op</cell>
 <cell>Delay (ns)</cell>
 <cell>Total (ns)</cell>
 <cell>Fanout</cell>
 <cell>Edge</cell>
</header>
<row>
 <cell>From: PADDR_in[10]</cell>
 <cell></cell>
 <cell></cell>
 <cell></cell>
 <cell></cell>
 <cell></cell>
 <cell></cell>
 <cell></cell>
 <cell></cell>
</row>
<row>
 <cell>To: UART_Cmd_0/UART_Cmd_0/uUART/make_TX/txrdy_int:EN</cell>
 <cell></cell>
 <cell></cell>
 <cell></cell>
 <cell></cell>
 <cell></cell>
 <cell></cell>
 <cell></cell>
 <cell></cell>
</row>
<row>
 <cell>data required time</cell>
 <cell></cell>
 <cell></cell>
 <cell></cell>
 <cell></cell>
 <cell></cell>
 <cell>N/C</cell>
 <cell></cell>
 <cell></cell>
</row>
<row>
 <cell>data arrival time</cell>
 <cell></cell>
 <cell></cell>
 <cell></cell>
 <cell>-</cell>
 <cell></cell>
 <cell>5.108</cell>
 <cell></cell>
 <cell></cell>
</row>
<row>
 <cell>slack</cell>
 <cell></cell>
 <cell></cell>
 <cell></cell>
 <cell></cell>
 <cell></cell>
 <cell>N/C</cell>
 <cell></cell>
 <cell></cell>
</row>
<row>
</row>
<row>
 <cell>Data arrival time calculation</cell>
 <cell></cell>
 <cell></cell>
 <cell></cell>
 <cell></cell>
 <cell></cell>
 <cell></cell>
 <cell></cell>
 <cell></cell>
</row>
<row>
 <cell>PADDR_in[10]</cell>
 <cell></cell>
 <cell></cell>
 <cell></cell>
 <cell></cell>
 <cell>0.000</cell>
 <cell>0.000</cell>
 <cell></cell>
 <cell>f</cell>
</row>
<row>
 <cell>BLOCK_INTERFACE_I_PADDR_in[10]:A</cell>
 <cell>net</cell>
 <cell>I_NET_PADDR_in[10]</cell>
 <cell></cell>
 <cell>+</cell>
 <cell>0.000</cell>
 <cell>0.000</cell>
 <cell></cell>
 <cell>f</cell>
</row>
<row>
 <cell>BLOCK_INTERFACE_I_PADDR_in[10]:Y</cell>
 <cell>cell</cell>
 <cell></cell>
 <cell>ADLIB:CFG1</cell>
 <cell>+</cell>
 <cell>0.060</cell>
 <cell>0.060</cell>
 <cell>1</cell>
 <cell>f</cell>
</row>
<row>
 <cell>APB3_Bus_0/APB3_Bus_0/iPSELS_0_a2_0[0]:C</cell>
 <cell>net</cell>
 <cell>PADDR_in[10]</cell>
 <cell></cell>
 <cell>+</cell>
 <cell>0.698</cell>
 <cell>0.758</cell>
 <cell></cell>
 <cell>f</cell>
</row>
<row>
 <cell>APB3_Bus_0/APB3_Bus_0/iPSELS_0_a2_0[0]:Y</cell>
 <cell>cell</cell>
 <cell></cell>
 <cell>ADLIB:CFG3</cell>
 <cell>+</cell>
 <cell>0.160</cell>
 <cell>0.918</cell>
 <cell>3</cell>
 <cell>r</cell>
</row>
<row>
 <cell>APB3_Bus_0/APB3_Bus_0/iPSELS_0_a2[1]:C</cell>
 <cell>net</cell>
 <cell>APB3_Bus_0/APB3_Bus_0/N_12</cell>
 <cell></cell>
 <cell>+</cell>
 <cell>0.710</cell>
 <cell>1.628</cell>
 <cell></cell>
 <cell>r</cell>
</row>
<row>
 <cell>APB3_Bus_0/APB3_Bus_0/iPSELS_0_a2[1]:Y</cell>
 <cell>cell</cell>
 <cell></cell>
 <cell>ADLIB:CFG3</cell>
 <cell>+</cell>
 <cell>0.179</cell>
 <cell>1.807</cell>
 <cell>19</cell>
 <cell>r</cell>
</row>
<row>
 <cell>UART_Cmd_0/UART_Cmd_0/uUART/reg_write.tx_hold_reg5_1:A</cell>
 <cell>net</cell>
 <cell>APB3_Bus_0_APBmslave1_PSELx</cell>
 <cell></cell>
 <cell>+</cell>
 <cell>0.804</cell>
 <cell>2.611</cell>
 <cell></cell>
 <cell>r</cell>
</row>
<row>
 <cell>UART_Cmd_0/UART_Cmd_0/uUART/reg_write.tx_hold_reg5_1:Y</cell>
 <cell>cell</cell>
 <cell></cell>
 <cell>ADLIB:CFG2</cell>
 <cell>+</cell>
 <cell>0.064</cell>
 <cell>2.675</cell>
 <cell>3</cell>
 <cell>r</cell>
</row>
<row>
 <cell>UART_Cmd_0/UART_Cmd_0/uUART/reg_write.tx_hold_reg5:B</cell>
 <cell>net</cell>
 <cell>UART_Cmd_0/UART_Cmd_0/uUART/un1_read_rx_byte_1</cell>
 <cell></cell>
 <cell>+</cell>
 <cell>0.710</cell>
 <cell>3.385</cell>
 <cell></cell>
 <cell>r</cell>
</row>
<row>
 <cell>UART_Cmd_0/UART_Cmd_0/uUART/reg_write.tx_hold_reg5:Y</cell>
 <cell>cell</cell>
 <cell></cell>
 <cell>ADLIB:CFG4</cell>
 <cell>+</cell>
 <cell>0.101</cell>
 <cell>3.486</cell>
 <cell>9</cell>
 <cell>r</cell>
</row>
<row>
 <cell>UART_Cmd_0/UART_Cmd_0/uUART/make_TX/txrdy_int_1_sqmuxa_i:C</cell>
 <cell>net</cell>
 <cell>UART_Cmd_0/UART_Cmd_0/uUART/tx_hold_reg5</cell>
 <cell></cell>
 <cell>+</cell>
 <cell>0.745</cell>
 <cell>4.231</cell>
 <cell></cell>
 <cell>r</cell>
</row>
<row>
 <cell>UART_Cmd_0/UART_Cmd_0/uUART/make_TX/txrdy_int_1_sqmuxa_i:Y</cell>
 <cell>cell</cell>
 <cell></cell>
 <cell>ADLIB:CFG3</cell>
 <cell>+</cell>
 <cell>0.179</cell>
 <cell>4.410</cell>
 <cell>1</cell>
 <cell>r</cell>
</row>
<row>
 <cell>UART_Cmd_0/UART_Cmd_0/uUART/make_TX/txrdy_int:EN</cell>
 <cell>net</cell>
 <cell>UART_Cmd_0/UART_Cmd_0/uUART/make_TX/txrdy_int_1_sqmuxa_i_Z</cell>
 <cell></cell>
 <cell>+</cell>
 <cell>0.698</cell>
 <cell>5.108</cell>
 <cell></cell>
 <cell>r</cell>
</row>
<row>
 <cell>data arrival time</cell>
 <cell></cell>
 <cell></cell>
 <cell></cell>
 <cell></cell>
 <cell></cell>
 <cell>5.108</cell>
 <cell></cell>
 <cell></cell>
</row>
<row>
</row>
<row>
 <cell>Data required time calculation</cell>
 <cell></cell>
 <cell></cell>
 <cell></cell>
 <cell></cell>
 <cell></cell>
 <cell></cell>
 <cell></cell>
 <cell></cell>
</row>
<row>
 <cell>PCLK</cell>
 <cell></cell>
 <cell></cell>
 <cell></cell>
 <cell></cell>
 <cell>N/C</cell>
 <cell>N/C</cell>
 <cell></cell>
 <cell></cell>
</row>
<row>
 <cell>PCLK</cell>
 <cell>Clock source</cell>
 <cell></cell>
 <cell></cell>
 <cell>+</cell>
 <cell>0.000</cell>
 <cell>N/C</cell>
 <cell></cell>
 <cell>r</cell>
</row>
<row>
 <cell>BLOCK_INTERFACE_I_PCLK:A</cell>
 <cell>net</cell>
 <cell>I_NET_PCLK</cell>
 <cell></cell>
 <cell>+</cell>
 <cell>0.000</cell>
 <cell>N/C</cell>
 <cell></cell>
 <cell>r</cell>
</row>
<row>
 <cell>BLOCK_INTERFACE_I_PCLK:Y</cell>
 <cell>cell</cell>
 <cell></cell>
 <cell>ADLIB:CFG1</cell>
 <cell>+</cell>
 <cell>0.052</cell>
 <cell>N/C</cell>
 <cell>1</cell>
 <cell>r</cell>
</row>
<row>
 <cell>PCLK_RNIAB1A:A</cell>
 <cell>net</cell>
 <cell>PCLK</cell>
 <cell></cell>
 <cell>+</cell>
 <cell>0.596</cell>
 <cell>N/C</cell>
 <cell></cell>
 <cell>r</cell>
</row>
<row>
 <cell>PCLK_RNIAB1A:Y</cell>
 <cell>cell</cell>
 <cell></cell>
 <cell>ADLIB:GB</cell>
 <cell>+</cell>
 <cell>0.153</cell>
 <cell>N/C</cell>
 <cell>1</cell>
 <cell>r</cell>
</row>
<row>
 <cell>PCLK_RNIAB1A/U0_RGB1:A</cell>
 <cell>net</cell>
 <cell>PCLK_RNIAB1A/U0_Y</cell>
 <cell></cell>
 <cell>+</cell>
 <cell>0.000</cell>
 <cell>N/C</cell>
 <cell></cell>
 <cell>r</cell>
</row>
<row>
 <cell>PCLK_RNIAB1A/U0_RGB1:Y</cell>
 <cell>cell</cell>
 <cell></cell>
 <cell>ADLIB:RGB</cell>
 <cell>+</cell>
 <cell>0.066</cell>
 <cell>N/C</cell>
 <cell>238</cell>
 <cell>f</cell>
</row>
<row>
 <cell>UART_Cmd_0/UART_Cmd_0/uUART/make_TX/txrdy_int:CLK</cell>
 <cell>net</cell>
 <cell>NN_1</cell>
 <cell></cell>
 <cell>+</cell>
 <cell>0.000</cell>
 <cell>N/C</cell>
 <cell></cell>
 <cell>r</cell>
</row>
<row>
 <cell>UART_Cmd_0/UART_Cmd_0/uUART/make_TX/txrdy_int:EN</cell>
 <cell>Library setup time</cell>
 <cell></cell>
 <cell>ADLIB:SLE</cell>
 <cell>-</cell>
 <cell>0.146</cell>
 <cell>N/C</cell>
 <cell></cell>
 <cell></cell>
</row>
<row>
</row>
</table>
</section>
<section>
<name>SET Clock to Output</name>
<table>
<header>
 <cell/>
 <cell>From</cell>
 <cell>To</cell>
 <cell>Delay (ns)</cell>
 <cell>Slack (ns)</cell>
 <cell>Arrival (ns)</cell>
 <cell>Required (ns)</cell>
 <cell>Clock to Out (ns)</cell>
</header>
<row>
 <cell>Path 1</cell>
 <cell>GPIO_Cmd_0/GPIO_Cmd_0/xhdl1.GEN_BITS[3].APB_32.GPOUT_reg[3]:CLK</cell>
 <cell>PRDATA_in[3]</cell>
 <cell>3.700</cell>
 <cell></cell>
 <cell>4.713</cell>
 <cell></cell>
 <cell>4.713</cell>
</row>
<row>
 <cell>Path 2</cell>
 <cell>GPIO_Cmd_0/GPIO_Cmd_0/xhdl1.GEN_BITS_3_.gpin3:CLK</cell>
 <cell>PRDATA_in[3]</cell>
 <cell>3.663</cell>
 <cell></cell>
 <cell>4.676</cell>
 <cell></cell>
 <cell>4.676</cell>
</row>
<row>
 <cell>Path 3</cell>
 <cell>UART_Cmd_0/UART_Cmd_0/iPRDATA[0]:CLK</cell>
 <cell>PRDATA_in[0]</cell>
 <cell>2.901</cell>
 <cell></cell>
 <cell>3.914</cell>
 <cell></cell>
 <cell>3.914</cell>
</row>
<row>
 <cell>Path 4</cell>
 <cell>UART_Cmd_0/UART_Cmd_0/iPRDATA[1]:CLK</cell>
 <cell>PRDATA_in[1]</cell>
 <cell>2.901</cell>
 <cell></cell>
 <cell>3.914</cell>
 <cell></cell>
 <cell>3.914</cell>
</row>
<row>
 <cell>Path 5</cell>
 <cell>UART_Cmd_0/UART_Cmd_0/iPRDATA[2]:CLK</cell>
 <cell>PRDATA_in[2]</cell>
 <cell>2.901</cell>
 <cell></cell>
 <cell>3.914</cell>
 <cell></cell>
 <cell>3.914</cell>
</row>
</table>
<text></text>
<section><name>Expanded Path 1</name></section>
<table>
<header>
 <cell>Pin Name</cell>
 <cell>Type</cell>
 <cell>Net Name</cell>
 <cell>Cell Name</cell>
 <cell>Op</cell>
 <cell>Delay (ns)</cell>
 <cell>Total (ns)</cell>
 <cell>Fanout</cell>
 <cell>Edge</cell>
</header>
<row>
 <cell>From: GPIO_Cmd_0/GPIO_Cmd_0/xhdl1.GEN_BITS[3].APB_32.GPOUT_reg[3]:CLK</cell>
 <cell></cell>
 <cell></cell>
 <cell></cell>
 <cell></cell>
 <cell></cell>
 <cell></cell>
 <cell></cell>
 <cell></cell>
</row>
<row>
 <cell>To: PRDATA_in[3]</cell>
 <cell></cell>
 <cell></cell>
 <cell></cell>
 <cell></cell>
 <cell></cell>
 <cell></cell>
 <cell></cell>
 <cell></cell>
</row>
<row>
 <cell>data required time</cell>
 <cell></cell>
 <cell></cell>
 <cell></cell>
 <cell></cell>
 <cell></cell>
 <cell>N/C</cell>
 <cell></cell>
 <cell></cell>
</row>
<row>
 <cell>data arrival time</cell>
 <cell></cell>
 <cell></cell>
 <cell></cell>
 <cell>-</cell>
 <cell></cell>
 <cell>4.713</cell>
 <cell></cell>
 <cell></cell>
</row>
<row>
 <cell>slack</cell>
 <cell></cell>
 <cell></cell>
 <cell></cell>
 <cell></cell>
 <cell></cell>
 <cell>N/C</cell>
 <cell></cell>
 <cell></cell>
</row>
<row>
</row>
<row>
 <cell>Data arrival time calculation</cell>
 <cell></cell>
 <cell></cell>
 <cell></cell>
 <cell></cell>
 <cell></cell>
 <cell></cell>
 <cell></cell>
 <cell></cell>
</row>
<row>
 <cell>PCLK</cell>
 <cell></cell>
 <cell></cell>
 <cell></cell>
 <cell></cell>
 <cell>0.000</cell>
 <cell>0.000</cell>
 <cell></cell>
 <cell></cell>
</row>
<row>
 <cell>PCLK</cell>
 <cell>Clock source</cell>
 <cell></cell>
 <cell></cell>
 <cell>+</cell>
 <cell>0.000</cell>
 <cell>0.000</cell>
 <cell></cell>
 <cell>r</cell>
</row>
<row>
 <cell>BLOCK_INTERFACE_I_PCLK:A</cell>
 <cell>net</cell>
 <cell>I_NET_PCLK</cell>
 <cell></cell>
 <cell>+</cell>
 <cell>0.000</cell>
 <cell>0.000</cell>
 <cell></cell>
 <cell>r</cell>
</row>
<row>
 <cell>BLOCK_INTERFACE_I_PCLK:Y</cell>
 <cell>cell</cell>
 <cell></cell>
 <cell>ADLIB:CFG1</cell>
 <cell>+</cell>
 <cell>0.064</cell>
 <cell>0.064</cell>
 <cell>1</cell>
 <cell>r</cell>
</row>
<row>
 <cell>PCLK_RNIAB1A:A</cell>
 <cell>net</cell>
 <cell>PCLK</cell>
 <cell></cell>
 <cell>+</cell>
 <cell>0.698</cell>
 <cell>0.762</cell>
 <cell></cell>
 <cell>r</cell>
</row>
<row>
 <cell>PCLK_RNIAB1A:Y</cell>
 <cell>cell</cell>
 <cell></cell>
 <cell>ADLIB:GB</cell>
 <cell>+</cell>
 <cell>0.175</cell>
 <cell>0.937</cell>
 <cell>1</cell>
 <cell>r</cell>
</row>
<row>
 <cell>PCLK_RNIAB1A/U0_RGB1:A</cell>
 <cell>net</cell>
 <cell>PCLK_RNIAB1A/U0_Y</cell>
 <cell></cell>
 <cell>+</cell>
 <cell>0.000</cell>
 <cell>0.937</cell>
 <cell></cell>
 <cell>r</cell>
</row>
<row>
 <cell>PCLK_RNIAB1A/U0_RGB1:Y</cell>
 <cell>cell</cell>
 <cell></cell>
 <cell>ADLIB:RGB</cell>
 <cell>+</cell>
 <cell>0.076</cell>
 <cell>1.013</cell>
 <cell>238</cell>
 <cell>f</cell>
</row>
<row>
 <cell>GPIO_Cmd_0/GPIO_Cmd_0/xhdl1.GEN_BITS[3].APB_32.GPOUT_reg[3]:CLK</cell>
 <cell>net</cell>
 <cell>NN_1</cell>
 <cell></cell>
 <cell>+</cell>
 <cell>0.000</cell>
 <cell>1.013</cell>
 <cell></cell>
 <cell>r</cell>
</row>
<row>
 <cell>GPIO_Cmd_0/GPIO_Cmd_0/xhdl1.GEN_BITS[3].APB_32.GPOUT_reg[3]:Q</cell>
 <cell>cell</cell>
 <cell></cell>
 <cell>ADLIB:SLE</cell>
 <cell>+</cell>
 <cell>0.203</cell>
 <cell>1.216</cell>
 <cell>1</cell>
 <cell>r</cell>
</row>
<row>
 <cell>GPIO_Cmd_0/GPIO_Cmd_0/PRDATA_o_0_iv[3]:B</cell>
 <cell>net</cell>
 <cell>GPIO_Cmd_0/GPIO_Cmd_0/GPOUT_reg[3]</cell>
 <cell></cell>
 <cell>+</cell>
 <cell>0.698</cell>
 <cell>1.914</cell>
 <cell></cell>
 <cell>r</cell>
</row>
<row>
 <cell>GPIO_Cmd_0/GPIO_Cmd_0/PRDATA_o_0_iv[3]:Y</cell>
 <cell>cell</cell>
 <cell></cell>
 <cell>ADLIB:CFG4</cell>
 <cell>+</cell>
 <cell>0.101</cell>
 <cell>2.015</cell>
 <cell>1</cell>
 <cell>r</cell>
</row>
<row>
 <cell>APB3_Bus_0/APB3_Bus_0/u_mux_p_to_b3/PRDATA_1_0[3]:D</cell>
 <cell>net</cell>
 <cell>APB3_Bus_0_APBmslave0_PRDATA[3]</cell>
 <cell></cell>
 <cell>+</cell>
 <cell>0.698</cell>
 <cell>2.713</cell>
 <cell></cell>
 <cell>r</cell>
</row>
<row>
 <cell>APB3_Bus_0/APB3_Bus_0/u_mux_p_to_b3/PRDATA_1_0[3]:Y</cell>
 <cell>cell</cell>
 <cell></cell>
 <cell>ADLIB:CFG4</cell>
 <cell>+</cell>
 <cell>0.278</cell>
 <cell>2.991</cell>
 <cell>1</cell>
 <cell>f</cell>
</row>
<row>
 <cell>APB3_Bus_0/APB3_Bus_0/u_mux_p_to_b3/PRDATA[3]:D</cell>
 <cell>net</cell>
 <cell>APB3_Bus_0/APB3_Bus_0/u_mux_p_to_b3/PRDATA_1_0[3]</cell>
 <cell></cell>
 <cell>+</cell>
 <cell>0.698</cell>
 <cell>3.689</cell>
 <cell></cell>
 <cell>f</cell>
</row>
<row>
 <cell>APB3_Bus_0/APB3_Bus_0/u_mux_p_to_b3/PRDATA[3]:Y</cell>
 <cell>cell</cell>
 <cell></cell>
 <cell>ADLIB:CFG4</cell>
 <cell>+</cell>
 <cell>0.262</cell>
 <cell>3.951</cell>
 <cell>1</cell>
 <cell>r</cell>
</row>
<row>
 <cell>BLOCK_INTERFACE_I_PRDATA_in[3]:A</cell>
 <cell>net</cell>
 <cell>PRDATA_in[3]</cell>
 <cell></cell>
 <cell>+</cell>
 <cell>0.698</cell>
 <cell>4.649</cell>
 <cell></cell>
 <cell>r</cell>
</row>
<row>
 <cell>BLOCK_INTERFACE_I_PRDATA_in[3]:Y</cell>
 <cell>cell</cell>
 <cell></cell>
 <cell>ADLIB:CFG1</cell>
 <cell>+</cell>
 <cell>0.064</cell>
 <cell>4.713</cell>
 <cell>0</cell>
 <cell>r</cell>
</row>
<row>
 <cell>PRDATA_in[3]</cell>
 <cell>net</cell>
 <cell>I_NET_PRDATA_in[3]</cell>
 <cell></cell>
 <cell>+</cell>
 <cell>0.000</cell>
 <cell>4.713</cell>
 <cell></cell>
 <cell>r</cell>
</row>
<row>
 <cell>data arrival time</cell>
 <cell></cell>
 <cell></cell>
 <cell></cell>
 <cell></cell>
 <cell></cell>
 <cell>4.713</cell>
 <cell></cell>
 <cell></cell>
</row>
<row>
</row>
<row>
 <cell>Data required time calculation</cell>
 <cell></cell>
 <cell></cell>
 <cell></cell>
 <cell></cell>
 <cell></cell>
 <cell></cell>
 <cell></cell>
 <cell></cell>
</row>
<row>
 <cell>PCLK</cell>
 <cell></cell>
 <cell></cell>
 <cell></cell>
 <cell></cell>
 <cell>N/C</cell>
 <cell>N/C</cell>
 <cell></cell>
 <cell></cell>
</row>
<row>
 <cell>PCLK</cell>
 <cell>Clock source</cell>
 <cell></cell>
 <cell></cell>
 <cell>+</cell>
 <cell>0.000</cell>
 <cell>N/C</cell>
 <cell></cell>
 <cell>r</cell>
</row>
<row>
 <cell>PRDATA_in[3]</cell>
 <cell></cell>
 <cell></cell>
 <cell></cell>
 <cell></cell>
 <cell></cell>
 <cell>N/C</cell>
 <cell></cell>
 <cell>r</cell>
</row>
<row>
</row>
</table>
</section>
<section>
<name>SET Register to Asynchronous</name>
<text>No Path</text>
</section>
<section>
<name>SET External Recovery</name>
<table>
<header>
 <cell/>
 <cell>From</cell>
 <cell>To</cell>
 <cell>Delay (ns)</cell>
 <cell>Slack (ns)</cell>
 <cell>Arrival (ns)</cell>
 <cell>Required (ns)</cell>
 <cell>Recovery (ns)</cell>
 <cell>External Recovery (ns)</cell>
</header>
<row>
 <cell>Path 1</cell>
 <cell>PRESETN</cell>
 <cell>GPIO_Cmd_0/GPIO_Cmd_0/xhdl1.GEN_BITS[0].APB_32.GPOUT_reg[0]:ALn</cell>
 <cell>1.978</cell>
 <cell></cell>
 <cell>1.978</cell>
 <cell></cell>
 <cell>0.227</cell>
 <cell>1.338</cell>
</row>
<row>
 <cell>Path 2</cell>
 <cell>PRESETN</cell>
 <cell>GPIO_Cmd_0/GPIO_Cmd_0/xhdl1.GEN_BITS[1].APB_32.GPOUT_reg[1]:ALn</cell>
 <cell>1.978</cell>
 <cell></cell>
 <cell>1.978</cell>
 <cell></cell>
 <cell>0.227</cell>
 <cell>1.338</cell>
</row>
<row>
 <cell>Path 3</cell>
 <cell>PRESETN</cell>
 <cell>GPIO_Cmd_0/GPIO_Cmd_0/xhdl1.GEN_BITS[2].APB_32.GPOUT_reg[2]:ALn</cell>
 <cell>1.978</cell>
 <cell></cell>
 <cell>1.978</cell>
 <cell></cell>
 <cell>0.227</cell>
 <cell>1.338</cell>
</row>
<row>
 <cell>Path 4</cell>
 <cell>PRESETN</cell>
 <cell>GPIO_Cmd_0/GPIO_Cmd_0/xhdl1.GEN_BITS[3].APB_32.GPOUT_reg[3]:ALn</cell>
 <cell>1.978</cell>
 <cell></cell>
 <cell>1.978</cell>
 <cell></cell>
 <cell>0.227</cell>
 <cell>1.338</cell>
</row>
<row>
 <cell>Path 5</cell>
 <cell>PRESETN</cell>
 <cell>GPIO_Cmd_0/GPIO_Cmd_0/xhdl1.GEN_BITS[4].APB_32.GPOUT_reg[4]:ALn</cell>
 <cell>1.978</cell>
 <cell></cell>
 <cell>1.978</cell>
 <cell></cell>
 <cell>0.227</cell>
 <cell>1.338</cell>
</row>
</table>
<text></text>
<section><name>Expanded Path 1</name></section>
<table>
<header>
 <cell>Pin Name</cell>
 <cell>Type</cell>
 <cell>Net Name</cell>
 <cell>Cell Name</cell>
 <cell>Op</cell>
 <cell>Delay (ns)</cell>
 <cell>Total (ns)</cell>
 <cell>Fanout</cell>
 <cell>Edge</cell>
</header>
<row>
 <cell>From: PRESETN</cell>
 <cell></cell>
 <cell></cell>
 <cell></cell>
 <cell></cell>
 <cell></cell>
 <cell></cell>
 <cell></cell>
 <cell></cell>
</row>
<row>
 <cell>To: GPIO_Cmd_0/GPIO_Cmd_0/xhdl1.GEN_BITS[0].APB_32.GPOUT_reg[0]:ALn</cell>
 <cell></cell>
 <cell></cell>
 <cell></cell>
 <cell></cell>
 <cell></cell>
 <cell></cell>
 <cell></cell>
 <cell></cell>
</row>
<row>
 <cell>data required time</cell>
 <cell></cell>
 <cell></cell>
 <cell></cell>
 <cell></cell>
 <cell></cell>
 <cell>N/C</cell>
 <cell></cell>
 <cell></cell>
</row>
<row>
 <cell>data arrival time</cell>
 <cell></cell>
 <cell></cell>
 <cell></cell>
 <cell>-</cell>
 <cell></cell>
 <cell>1.978</cell>
 <cell></cell>
 <cell></cell>
</row>
<row>
 <cell>slack</cell>
 <cell></cell>
 <cell></cell>
 <cell></cell>
 <cell></cell>
 <cell></cell>
 <cell>N/C</cell>
 <cell></cell>
 <cell></cell>
</row>
<row>
</row>
<row>
 <cell>Data arrival time calculation</cell>
 <cell></cell>
 <cell></cell>
 <cell></cell>
 <cell></cell>
 <cell></cell>
 <cell></cell>
 <cell></cell>
 <cell></cell>
</row>
<row>
 <cell>PRESETN</cell>
 <cell></cell>
 <cell></cell>
 <cell></cell>
 <cell></cell>
 <cell>0.000</cell>
 <cell>0.000</cell>
 <cell></cell>
 <cell>r</cell>
</row>
<row>
 <cell>BLOCK_INTERFACE_I_PRESETN:A</cell>
 <cell>net</cell>
 <cell>I_NET_PRESETN</cell>
 <cell></cell>
 <cell>+</cell>
 <cell>0.000</cell>
 <cell>0.000</cell>
 <cell></cell>
 <cell>r</cell>
</row>
<row>
 <cell>BLOCK_INTERFACE_I_PRESETN:Y</cell>
 <cell>cell</cell>
 <cell></cell>
 <cell>ADLIB:CFG1</cell>
 <cell>+</cell>
 <cell>0.064</cell>
 <cell>0.064</cell>
 <cell>238</cell>
 <cell>r</cell>
</row>
<row>
 <cell>GPIO_Cmd_0/GPIO_Cmd_0/xhdl1.GEN_BITS[0].APB_32.GPOUT_reg[0]:ALn</cell>
 <cell>net</cell>
 <cell>PRESETN</cell>
 <cell></cell>
 <cell>+</cell>
 <cell>1.914</cell>
 <cell>1.978</cell>
 <cell></cell>
 <cell>r</cell>
</row>
<row>
 <cell>data arrival time</cell>
 <cell></cell>
 <cell></cell>
 <cell></cell>
 <cell></cell>
 <cell></cell>
 <cell>1.978</cell>
 <cell></cell>
 <cell></cell>
</row>
<row>
</row>
<row>
 <cell>Data required time calculation</cell>
 <cell></cell>
 <cell></cell>
 <cell></cell>
 <cell></cell>
 <cell></cell>
 <cell></cell>
 <cell></cell>
 <cell></cell>
</row>
<row>
 <cell>PCLK</cell>
 <cell></cell>
 <cell></cell>
 <cell></cell>
 <cell></cell>
 <cell>N/C</cell>
 <cell>N/C</cell>
 <cell></cell>
 <cell></cell>
</row>
<row>
 <cell>PCLK</cell>
 <cell>Clock source</cell>
 <cell></cell>
 <cell></cell>
 <cell>+</cell>
 <cell>0.000</cell>
 <cell>N/C</cell>
 <cell></cell>
 <cell>r</cell>
</row>
<row>
 <cell>BLOCK_INTERFACE_I_PCLK:A</cell>
 <cell>net</cell>
 <cell>I_NET_PCLK</cell>
 <cell></cell>
 <cell>+</cell>
 <cell>0.000</cell>
 <cell>N/C</cell>
 <cell></cell>
 <cell>r</cell>
</row>
<row>
 <cell>BLOCK_INTERFACE_I_PCLK:Y</cell>
 <cell>cell</cell>
 <cell></cell>
 <cell>ADLIB:CFG1</cell>
 <cell>+</cell>
 <cell>0.052</cell>
 <cell>N/C</cell>
 <cell>1</cell>
 <cell>r</cell>
</row>
<row>
 <cell>PCLK_RNIAB1A:A</cell>
 <cell>net</cell>
 <cell>PCLK</cell>
 <cell></cell>
 <cell>+</cell>
 <cell>0.596</cell>
 <cell>N/C</cell>
 <cell></cell>
 <cell>r</cell>
</row>
<row>
 <cell>PCLK_RNIAB1A:Y</cell>
 <cell>cell</cell>
 <cell></cell>
 <cell>ADLIB:GB</cell>
 <cell>+</cell>
 <cell>0.153</cell>
 <cell>N/C</cell>
 <cell>1</cell>
 <cell>r</cell>
</row>
<row>
 <cell>PCLK_RNIAB1A/U0_RGB1:A</cell>
 <cell>net</cell>
 <cell>PCLK_RNIAB1A/U0_Y</cell>
 <cell></cell>
 <cell>+</cell>
 <cell>0.000</cell>
 <cell>N/C</cell>
 <cell></cell>
 <cell>r</cell>
</row>
<row>
 <cell>PCLK_RNIAB1A/U0_RGB1:Y</cell>
 <cell>cell</cell>
 <cell></cell>
 <cell>ADLIB:RGB</cell>
 <cell>+</cell>
 <cell>0.066</cell>
 <cell>N/C</cell>
 <cell>238</cell>
 <cell>f</cell>
</row>
<row>
 <cell>GPIO_Cmd_0/GPIO_Cmd_0/xhdl1.GEN_BITS[0].APB_32.GPOUT_reg[0]:CLK</cell>
 <cell>net</cell>
 <cell>NN_1</cell>
 <cell></cell>
 <cell>+</cell>
 <cell>0.000</cell>
 <cell>N/C</cell>
 <cell></cell>
 <cell>r</cell>
</row>
<row>
 <cell>GPIO_Cmd_0/GPIO_Cmd_0/xhdl1.GEN_BITS[0].APB_32.GPOUT_reg[0]:ALn</cell>
 <cell>Library recovery time</cell>
 <cell></cell>
 <cell>ADLIB:SLE</cell>
 <cell>-</cell>
 <cell>0.227</cell>
 <cell>N/C</cell>
 <cell></cell>
 <cell></cell>
</row>
<row>
</row>
</table>
</section>
<section>
<name>SET Asynchronous to Register</name>
<text>No Path</text>
</section>
</section>
<section>
<name>Path Set Pin to Pin</name>
<section>
<name>SET Input to Output</name>
<table>
<header>
 <cell/>
 <cell>From</cell>
 <cell>To</cell>
 <cell>Delay (ns)</cell>
 <cell>Slack (ns)</cell>
 <cell>Arrival (ns)</cell>
 <cell>Required (ns)</cell>
</header>
<row>
 <cell>Path 1</cell>
 <cell>PADDR_in[2]</cell>
 <cell>PRDATA_in[3]</cell>
 <cell>6.451</cell>
 <cell></cell>
 <cell>6.451</cell>
 <cell></cell>
</row>
<row>
 <cell>Path 2</cell>
 <cell>PADDR_in[3]</cell>
 <cell>PRDATA_in[3]</cell>
 <cell>6.451</cell>
 <cell></cell>
 <cell>6.451</cell>
 <cell></cell>
</row>
<row>
 <cell>Path 3</cell>
 <cell>PADDR_in[0]</cell>
 <cell>PRDATA_in[3]</cell>
 <cell>6.406</cell>
 <cell></cell>
 <cell>6.406</cell>
 <cell></cell>
</row>
<row>
 <cell>Path 4</cell>
 <cell>PADDR_in[1]</cell>
 <cell>PRDATA_in[3]</cell>
 <cell>6.298</cell>
 <cell></cell>
 <cell>6.298</cell>
 <cell></cell>
</row>
<row>
 <cell>Path 5</cell>
 <cell>PADDR_in[2]</cell>
 <cell>PRDATA_in[1]</cell>
 <cell>6.163</cell>
 <cell></cell>
 <cell>6.163</cell>
 <cell></cell>
</row>
</table>
<text></text>
<section><name>Expanded Path 1</name></section>
<table>
<header>
 <cell>Pin Name</cell>
 <cell>Type</cell>
 <cell>Net Name</cell>
 <cell>Cell Name</cell>
 <cell>Op</cell>
 <cell>Delay (ns)</cell>
 <cell>Total (ns)</cell>
 <cell>Fanout</cell>
 <cell>Edge</cell>
</header>
<row>
 <cell>From: PADDR_in[2]</cell>
 <cell></cell>
 <cell></cell>
 <cell></cell>
 <cell></cell>
 <cell></cell>
 <cell></cell>
 <cell></cell>
 <cell></cell>
</row>
<row>
 <cell>To: PRDATA_in[3]</cell>
 <cell></cell>
 <cell></cell>
 <cell></cell>
 <cell></cell>
 <cell></cell>
 <cell></cell>
 <cell></cell>
 <cell></cell>
</row>
<row>
 <cell>data required time</cell>
 <cell></cell>
 <cell></cell>
 <cell></cell>
 <cell></cell>
 <cell></cell>
 <cell>N/C</cell>
 <cell></cell>
 <cell></cell>
</row>
<row>
 <cell>data arrival time</cell>
 <cell></cell>
 <cell></cell>
 <cell></cell>
 <cell>-</cell>
 <cell></cell>
 <cell>6.451</cell>
 <cell></cell>
 <cell></cell>
</row>
<row>
 <cell>slack</cell>
 <cell></cell>
 <cell></cell>
 <cell></cell>
 <cell></cell>
 <cell></cell>
 <cell>N/C</cell>
 <cell></cell>
 <cell></cell>
</row>
<row>
</row>
<row>
 <cell>Data arrival time calculation</cell>
 <cell></cell>
 <cell></cell>
 <cell></cell>
 <cell></cell>
 <cell></cell>
 <cell></cell>
 <cell></cell>
 <cell></cell>
</row>
<row>
 <cell>PADDR_in[2]</cell>
 <cell></cell>
 <cell></cell>
 <cell></cell>
 <cell></cell>
 <cell>0.000</cell>
 <cell>0.000</cell>
 <cell></cell>
 <cell>f</cell>
</row>
<row>
 <cell>BLOCK_INTERFACE_I_PADDR_in[2]:A</cell>
 <cell>net</cell>
 <cell>I_NET_PADDR_in[2]</cell>
 <cell></cell>
 <cell>+</cell>
 <cell>0.000</cell>
 <cell>0.000</cell>
 <cell></cell>
 <cell>f</cell>
</row>
<row>
 <cell>BLOCK_INTERFACE_I_PADDR_in[2]:Y</cell>
 <cell>cell</cell>
 <cell></cell>
 <cell>ADLIB:CFG1</cell>
 <cell>+</cell>
 <cell>0.060</cell>
 <cell>0.060</cell>
 <cell>37</cell>
 <cell>f</cell>
</row>
<row>
 <cell>GPIO_Cmd_0/GPIO_Cmd_0/m2_e_3:B</cell>
 <cell>net</cell>
 <cell>PADDR_in[2]</cell>
 <cell></cell>
 <cell>+</cell>
 <cell>0.908</cell>
 <cell>0.968</cell>
 <cell></cell>
 <cell>f</cell>
</row>
<row>
 <cell>GPIO_Cmd_0/GPIO_Cmd_0/m2_e_3:Y</cell>
 <cell>cell</cell>
 <cell></cell>
 <cell>ADLIB:CFG4</cell>
 <cell>+</cell>
 <cell>0.103</cell>
 <cell>1.071</cell>
 <cell>1</cell>
 <cell>r</cell>
</row>
<row>
 <cell>GPIO_Cmd_0/GPIO_Cmd_0/m2_e:C</cell>
 <cell>net</cell>
 <cell>GPIO_Cmd_0/GPIO_Cmd_0/m2_e_3_Z</cell>
 <cell></cell>
 <cell>+</cell>
 <cell>0.698</cell>
 <cell>1.769</cell>
 <cell></cell>
 <cell>r</cell>
</row>
<row>
 <cell>GPIO_Cmd_0/GPIO_Cmd_0/m2_e:Y</cell>
 <cell>cell</cell>
 <cell></cell>
 <cell>ADLIB:CFG3</cell>
 <cell>+</cell>
 <cell>0.179</cell>
 <cell>1.948</cell>
 <cell>2</cell>
 <cell>r</cell>
</row>
<row>
 <cell>GPIO_Cmd_0/GPIO_Cmd_0/PRDATA_o_0_iv_RNO[3]:C</cell>
 <cell>net</cell>
 <cell>GPIO_Cmd_0/GPIO_Cmd_0/N_9_mux</cell>
 <cell></cell>
 <cell>+</cell>
 <cell>0.704</cell>
 <cell>2.652</cell>
 <cell></cell>
 <cell>r</cell>
</row>
<row>
 <cell>GPIO_Cmd_0/GPIO_Cmd_0/PRDATA_o_0_iv_RNO[3]:Y</cell>
 <cell>cell</cell>
 <cell></cell>
 <cell>ADLIB:CFG3</cell>
 <cell>+</cell>
 <cell>0.179</cell>
 <cell>2.831</cell>
 <cell>1</cell>
 <cell>r</cell>
</row>
<row>
 <cell>GPIO_Cmd_0/GPIO_Cmd_0/PRDATA_o_0_iv[3]:D</cell>
 <cell>net</cell>
 <cell>GPIO_Cmd_0/GPIO_Cmd_0/un13_PRDATA_o</cell>
 <cell></cell>
 <cell>+</cell>
 <cell>0.698</cell>
 <cell>3.529</cell>
 <cell></cell>
 <cell>r</cell>
</row>
<row>
 <cell>GPIO_Cmd_0/GPIO_Cmd_0/PRDATA_o_0_iv[3]:Y</cell>
 <cell>cell</cell>
 <cell></cell>
 <cell>ADLIB:CFG4</cell>
 <cell>+</cell>
 <cell>0.224</cell>
 <cell>3.753</cell>
 <cell>1</cell>
 <cell>r</cell>
</row>
<row>
 <cell>APB3_Bus_0/APB3_Bus_0/u_mux_p_to_b3/PRDATA_1_0[3]:D</cell>
 <cell>net</cell>
 <cell>APB3_Bus_0_APBmslave0_PRDATA[3]</cell>
 <cell></cell>
 <cell>+</cell>
 <cell>0.698</cell>
 <cell>4.451</cell>
 <cell></cell>
 <cell>r</cell>
</row>
<row>
 <cell>APB3_Bus_0/APB3_Bus_0/u_mux_p_to_b3/PRDATA_1_0[3]:Y</cell>
 <cell>cell</cell>
 <cell></cell>
 <cell>ADLIB:CFG4</cell>
 <cell>+</cell>
 <cell>0.278</cell>
 <cell>4.729</cell>
 <cell>1</cell>
 <cell>f</cell>
</row>
<row>
 <cell>APB3_Bus_0/APB3_Bus_0/u_mux_p_to_b3/PRDATA[3]:D</cell>
 <cell>net</cell>
 <cell>APB3_Bus_0/APB3_Bus_0/u_mux_p_to_b3/PRDATA_1_0[3]</cell>
 <cell></cell>
 <cell>+</cell>
 <cell>0.698</cell>
 <cell>5.427</cell>
 <cell></cell>
 <cell>f</cell>
</row>
<row>
 <cell>APB3_Bus_0/APB3_Bus_0/u_mux_p_to_b3/PRDATA[3]:Y</cell>
 <cell>cell</cell>
 <cell></cell>
 <cell>ADLIB:CFG4</cell>
 <cell>+</cell>
 <cell>0.262</cell>
 <cell>5.689</cell>
 <cell>1</cell>
 <cell>r</cell>
</row>
<row>
 <cell>BLOCK_INTERFACE_I_PRDATA_in[3]:A</cell>
 <cell>net</cell>
 <cell>PRDATA_in[3]</cell>
 <cell></cell>
 <cell>+</cell>
 <cell>0.698</cell>
 <cell>6.387</cell>
 <cell></cell>
 <cell>r</cell>
</row>
<row>
 <cell>BLOCK_INTERFACE_I_PRDATA_in[3]:Y</cell>
 <cell>cell</cell>
 <cell></cell>
 <cell>ADLIB:CFG1</cell>
 <cell>+</cell>
 <cell>0.064</cell>
 <cell>6.451</cell>
 <cell>0</cell>
 <cell>r</cell>
</row>
<row>
 <cell>PRDATA_in[3]</cell>
 <cell>net</cell>
 <cell>I_NET_PRDATA_in[3]</cell>
 <cell></cell>
 <cell>+</cell>
 <cell>0.000</cell>
 <cell>6.451</cell>
 <cell></cell>
 <cell>r</cell>
</row>
<row>
 <cell>data arrival time</cell>
 <cell></cell>
 <cell></cell>
 <cell></cell>
 <cell></cell>
 <cell></cell>
 <cell>6.451</cell>
 <cell></cell>
 <cell></cell>
</row>
<row>
</row>
<row>
 <cell>Data required time calculation</cell>
 <cell></cell>
 <cell></cell>
 <cell></cell>
 <cell></cell>
 <cell></cell>
 <cell></cell>
 <cell></cell>
 <cell></cell>
</row>
<row>
 <cell>PADDR_in[2]</cell>
 <cell></cell>
 <cell></cell>
 <cell></cell>
 <cell></cell>
 <cell>N/C</cell>
 <cell>N/C</cell>
 <cell></cell>
 <cell>f</cell>
</row>
<row>
 <cell>PRDATA_in[3]</cell>
 <cell></cell>
 <cell></cell>
 <cell></cell>
 <cell></cell>
 <cell></cell>
 <cell>N/C</cell>
 <cell></cell>
 <cell>r</cell>
</row>
<row>
 <cell>data required time</cell>
 <cell></cell>
 <cell></cell>
 <cell></cell>
 <cell></cell>
 <cell></cell>
 <cell>N/C</cell>
 <cell></cell>
 <cell></cell>
</row>
<row>
</row>
</table>
</section>
</section>
<section>
<name>Path Set User Sets</name>
</section>
</doc>
