Detailed Resource Usage
Module Name,Fabric 4LUT,Fabric DFF,Chip Globals
APB3_Bus_0/APB3_Bus_0/Primitives,4,0,0
APB3_Bus_0/APB3_Bus_0/u_mux_p_to_b3/Primitives,16,0,0
GPIO_Cmd_0/GPIO_Cmd_0/Primitives,6,10,0
Primitives/Primitives,70,0,1
UART_Cmd_0/UART_Cmd_0/Primitives,29,24,0
UART_Cmd_0/UART_Cmd_0/uUART/Primitives,5,9,0
UART_Cmd_0/UART_Cmd_0/uUART/make_CLOCK_GEN/Primitives,24,19,0
UART_Cmd_0/UART_Cmd_0/uUART/make_RX/Primitives,73,41,0
UART_Cmd_0/UART_Cmd_0/uUART/make_TX/Primitives,27,21,0
UART_Data_0/UART_Data_0/Primitives,27,24,0
UART_Data_0/UART_Data_0/uUART/Primitives,5,9,0
UART_Data_0/UART_Data_0/uUART/make_CLOCK_GEN/Primitives,24,19,0
UART_Data_0/UART_Data_0/uUART/make_RX/Primitives,73,41,0
UART_Data_0/UART_Data_0/uUART/make_TX/Primitives,27,21,0
