Detailed Resource Usage
Module Name,Fabric 4LUT,Fabric DFF,Interface 4LUT,Interface DFF,uSRAM 1K,Chip Globals
CoreAPB3_0/Primitives,3,0,0,0,0,0
CoreAPB3_0/u_mux_p_to_b3/Primitives,11,0,0,0,0,0
GPIO_Data/Primitives,4,2,0,0,0,0
Primitives/Primitives,64,0,0,0,0,2
SPI_Data/USPI/Primitives,10,0,0,0,0,0
SPI_Data/USPI/UCC/Primitives,155,125,0,0,0,1
SPI_Data/USPI/UCC/UCLKMUX1/Primitives,1,0,0,0,0,0
SPI_Data/USPI/UCON/Primitives,9,0,0,0,0,0
SPI_Data/USPI/URF/Primitives,77,35,0,0,0,0
SPI_Data/USPI/URXF/Primitives,40,16,36,36,1,0
SPI_Data/USPI/UTXF/Primitives,34,16,36,36,1,0
