<?xml version="1.0" encoding="UTF-8" standalone="no" ?>
<?xml-stylesheet href="rptstyle.xsl" type="text/xsl" ?>
<doc>
<title>Timing Violation Report Min Delay Analysis
</title>
<text>SmartTime Version 12.200.10.15</text>
<text>Microsemi Corporation - Microsemi Libero Software Release PolarFire v2.1 (Version 12.200.10.15)</text>
<text>Date: Tue Jun 05 10:11:24 2018
</text>
<table>
<header>
</header>
<row>
 <cell>Design</cell>
 <cell>BasicIO_Interface</cell>
</row>
<row>
 <cell>Family</cell>
 <cell>PolarFire</cell>
</row>
<row>
 <cell>Die</cell>
 <cell>MPF300TS_ES</cell>
</row>
<row>
 <cell>Package</cell>
 <cell>FCG484</cell>
</row>
<row>
 <cell>Temperature Range</cell>
 <cell>0 - 100 C</cell>
</row>
<row>
 <cell>Voltage Range</cell>
 <cell>0.97 - 1.03 V</cell>
</row>
<row>
 <cell>Speed Grade</cell>
 <cell>-1</cell>
</row>
<row>
 <cell>Design State</cell>
 <cell>Pre-Layout</cell>
</row>
<row>
 <cell>Data source</cell>
 <cell></cell>
</row>
<row>
 <cell>Operating Conditions</cell>
 <cell>slow_lv_ht</cell>
</row>
<row>
 <cell>Scenario for Timing Analysis</cell>
 <cell>Primary</cell>
</row>
</table>
<text></text>
<text>No Path</text>
</doc>
