Detailed Resource Usage
Module Name,Fabric 4LUT,Fabric DFF,Chip Globals
APB3_Bus_0/APB3_Bus_0/Primitives,3,0,0
APB3_Bus_0/APB3_Bus_0/u_mux_p_to_b3/Primitives,10,0,0
GPIO_Basic_0/GPIO_Basic_0/Primitives,15,16,0
PB_Debouncer_0/Primitives,73,44,0
PB_Debouncer_1/Primitives,73,44,0
Primitives/Primitives,69,0,1
UART_Term_0/UART_Term_0/Primitives,31,24,0
UART_Term_0/UART_Term_0/uUART/Primitives,4,9,0
UART_Term_0/UART_Term_0/uUART/make_RX/Primitives,75,41,0
UART_Term_0/UART_Term_0/uUART/make_TX/Primitives,27,21,0
UART_Term_0/UART_Term_0/uUART/make_UART_Term_UART_Term_0_Clock_gen/Primitives,24,19,0
