<?xml version="1.0" encoding="UTF-8" standalone="no" ?>
<?xml-stylesheet href="rptstyle.xsl" type="text/xsl" ?>
<doc>
<title>Timing Report Max Delay Analysis
</title>
<text>SmartTime Version 12.200.10.15</text>
<text>Microsemi Corporation - Microsemi Libero Software Release PolarFire v2.1 (Version 12.200.10.15)</text>
<text>Date: Tue Jun 05 10:11:24 2018
</text>
<table>
<header>
</header>
<row>
 <cell>Design</cell>
 <cell>BasicIO_Interface</cell>
</row>
<row>
 <cell>Family</cell>
 <cell>PolarFire</cell>
</row>
<row>
 <cell>Die</cell>
 <cell>MPF300TS_ES</cell>
</row>
<row>
 <cell>Package</cell>
 <cell>FCG484</cell>
</row>
<row>
 <cell>Temperature Range</cell>
 <cell>0 - 100 C</cell>
</row>
<row>
 <cell>Voltage Range</cell>
 <cell>0.97 - 1.03 V</cell>
</row>
<row>
 <cell>Speed Grade</cell>
 <cell>-1</cell>
</row>
<row>
 <cell>Design State</cell>
 <cell>Pre-Layout</cell>
</row>
<row>
 <cell>Data source</cell>
 <cell></cell>
</row>
<row>
 <cell>Operating Conditions</cell>
 <cell>slow_lv_ht</cell>
</row>
<row>
 <cell>Scenario for Timing Analysis</cell>
 <cell>Primary</cell>
</row>
</table>
<text></text>
<section>
<name>Summary</name>
<table>
<header>
 <cell>Clock Domain</cell>
 <cell>Period (ns)</cell>
 <cell>Frequency (MHz)</cell>
 <cell>Required Period (ns)</cell>
 <cell>Required Frequency (MHz)</cell>
 <cell>External Setup (ns)</cell>
 <cell>Max Clock-To-Out (ns)</cell>
</header>
<row>
 <cell>PCLK</cell>
 <cell>5.276</cell>
 <cell>189.538</cell>
 <cell>N/A</cell>
 <cell>N/A</cell>
 <cell>4.918</cell>
 <cell>4.624</cell>
</row>
</table>
<text></text>
<table>
<header>
 <cell></cell>
 <cell>Min Delay (ns)</cell>
 <cell>Max Delay (ns)</cell>
</header>
<row>
 <cell>Input to Output</cell>
 <cell>4.338</cell>
</row>
</table>
</section>
<section>
<name>Clock Domain PCLK</name>
<text></text>
<section>
<name>SET Register to Register</name>
<table>
<header>
 <cell/>
 <cell>From</cell>
 <cell>To</cell>
 <cell>Delay (ns)</cell>
 <cell>Slack (ns)</cell>
 <cell>Arrival (ns)</cell>
 <cell>Required (ns)</cell>
 <cell>Setup (ns)</cell>
 <cell>Minimum Period (ns)</cell>
</header>
<row>
 <cell>Path 1</cell>
 <cell>PB_Debouncer_0/count[1]:CLK</cell>
 <cell>PB_Debouncer_0/State[0]:D</cell>
 <cell>5.276</cell>
 <cell></cell>
 <cell>6.289</cell>
 <cell></cell>
 <cell>0.000</cell>
 <cell>5.276</cell>
</row>
<row>
 <cell>Path 2</cell>
 <cell>PB_Debouncer_1/count[1]:CLK</cell>
 <cell>PB_Debouncer_1/State[0]:D</cell>
 <cell>5.276</cell>
 <cell></cell>
 <cell>6.289</cell>
 <cell></cell>
 <cell>0.000</cell>
 <cell>5.276</cell>
</row>
<row>
 <cell>Path 3</cell>
 <cell>PB_Debouncer_0/count[0]:CLK</cell>
 <cell>PB_Debouncer_0/State[0]:D</cell>
 <cell>5.233</cell>
 <cell></cell>
 <cell>6.246</cell>
 <cell></cell>
 <cell>0.000</cell>
 <cell>5.233</cell>
</row>
<row>
 <cell>Path 4</cell>
 <cell>PB_Debouncer_1/count[0]:CLK</cell>
 <cell>PB_Debouncer_1/State[0]:D</cell>
 <cell>5.233</cell>
 <cell></cell>
 <cell>6.246</cell>
 <cell></cell>
 <cell>0.000</cell>
 <cell>5.233</cell>
</row>
<row>
 <cell>Path 5</cell>
 <cell>PB_Debouncer_0/count[4]:CLK</cell>
 <cell>PB_Debouncer_0/State[0]:D</cell>
 <cell>5.184</cell>
 <cell></cell>
 <cell>6.197</cell>
 <cell></cell>
 <cell>0.000</cell>
 <cell>5.184</cell>
</row>
</table>
<text></text>
<section><name>Expanded Path 1</name></section>
<table>
<header>
 <cell>Pin Name</cell>
 <cell>Type</cell>
 <cell>Net Name</cell>
 <cell>Cell Name</cell>
 <cell>Op</cell>
 <cell>Delay (ns)</cell>
 <cell>Total (ns)</cell>
 <cell>Fanout</cell>
 <cell>Edge</cell>
</header>
<row>
 <cell>From: PB_Debouncer_0/count[1]:CLK</cell>
 <cell></cell>
 <cell></cell>
 <cell></cell>
 <cell></cell>
 <cell></cell>
 <cell></cell>
 <cell></cell>
 <cell></cell>
</row>
<row>
 <cell>To: PB_Debouncer_0/State[0]:D</cell>
 <cell></cell>
 <cell></cell>
 <cell></cell>
 <cell></cell>
 <cell></cell>
 <cell></cell>
 <cell></cell>
 <cell></cell>
</row>
<row>
 <cell>data required time</cell>
 <cell></cell>
 <cell></cell>
 <cell></cell>
 <cell></cell>
 <cell></cell>
 <cell>N/C</cell>
 <cell></cell>
 <cell></cell>
</row>
<row>
 <cell>data arrival time</cell>
 <cell></cell>
 <cell></cell>
 <cell></cell>
 <cell>-</cell>
 <cell></cell>
 <cell>6.289</cell>
 <cell></cell>
 <cell></cell>
</row>
<row>
 <cell>slack</cell>
 <cell></cell>
 <cell></cell>
 <cell></cell>
 <cell></cell>
 <cell></cell>
 <cell>N/C</cell>
 <cell></cell>
 <cell></cell>
</row>
<row>
</row>
<row>
 <cell>Data arrival time calculation</cell>
 <cell></cell>
 <cell></cell>
 <cell></cell>
 <cell></cell>
 <cell></cell>
 <cell></cell>
 <cell></cell>
 <cell></cell>
</row>
<row>
 <cell>PCLK</cell>
 <cell></cell>
 <cell></cell>
 <cell></cell>
 <cell></cell>
 <cell>0.000</cell>
 <cell>0.000</cell>
 <cell></cell>
 <cell></cell>
</row>
<row>
 <cell>PCLK</cell>
 <cell>Clock source</cell>
 <cell></cell>
 <cell></cell>
 <cell>+</cell>
 <cell>0.000</cell>
 <cell>0.000</cell>
 <cell></cell>
 <cell>r</cell>
</row>
<row>
 <cell>BLOCK_INTERFACE_I_PCLK:A</cell>
 <cell>net</cell>
 <cell>I_NET_PCLK</cell>
 <cell></cell>
 <cell>+</cell>
 <cell>0.000</cell>
 <cell>0.000</cell>
 <cell></cell>
 <cell>r</cell>
</row>
<row>
 <cell>BLOCK_INTERFACE_I_PCLK:Y</cell>
 <cell>cell</cell>
 <cell></cell>
 <cell>ADLIB:CFG1</cell>
 <cell>+</cell>
 <cell>0.064</cell>
 <cell>0.064</cell>
 <cell>1</cell>
 <cell>r</cell>
</row>
<row>
 <cell>PCLK_RNIAB1A:A</cell>
 <cell>net</cell>
 <cell>PCLK</cell>
 <cell></cell>
 <cell>+</cell>
 <cell>0.698</cell>
 <cell>0.762</cell>
 <cell></cell>
 <cell>r</cell>
</row>
<row>
 <cell>PCLK_RNIAB1A:Y</cell>
 <cell>cell</cell>
 <cell></cell>
 <cell>ADLIB:GB</cell>
 <cell>+</cell>
 <cell>0.175</cell>
 <cell>0.937</cell>
 <cell>1</cell>
 <cell>r</cell>
</row>
<row>
 <cell>PCLK_RNIAB1A/U0_RGB1:A</cell>
 <cell>net</cell>
 <cell>PCLK_RNIAB1A/U0_Y</cell>
 <cell></cell>
 <cell>+</cell>
 <cell>0.000</cell>
 <cell>0.937</cell>
 <cell></cell>
 <cell>r</cell>
</row>
<row>
 <cell>PCLK_RNIAB1A/U0_RGB1:Y</cell>
 <cell>cell</cell>
 <cell></cell>
 <cell>ADLIB:RGB</cell>
 <cell>+</cell>
 <cell>0.076</cell>
 <cell>1.013</cell>
 <cell>218</cell>
 <cell>f</cell>
</row>
<row>
 <cell>PB_Debouncer_0/count[1]:CLK</cell>
 <cell>net</cell>
 <cell>NN_1</cell>
 <cell></cell>
 <cell>+</cell>
 <cell>0.000</cell>
 <cell>1.013</cell>
 <cell></cell>
 <cell>r</cell>
</row>
<row>
 <cell>PB_Debouncer_0/count[1]:Q</cell>
 <cell>cell</cell>
 <cell></cell>
 <cell>ADLIB:SLE</cell>
 <cell>+</cell>
 <cell>0.203</cell>
 <cell>1.216</cell>
 <cell>1</cell>
 <cell>r</cell>
</row>
<row>
 <cell>PB_Debouncer_0/un2_count_cry_1:B</cell>
 <cell>net</cell>
 <cell>PB_Debouncer_0/count[1]</cell>
 <cell></cell>
 <cell>+</cell>
 <cell>0.698</cell>
 <cell>1.914</cell>
 <cell></cell>
 <cell>r</cell>
</row>
<row>
 <cell>PB_Debouncer_0/un2_count_cry_1:P</cell>
 <cell>cell</cell>
 <cell></cell>
 <cell>ADLIB:ARI1_CC</cell>
 <cell>+</cell>
 <cell>0.109</cell>
 <cell>2.023</cell>
 <cell>1</cell>
 <cell>f</cell>
</row>
<row>
 <cell>PB_Debouncer_0/un2_count_cry_0_CC_0:P[1]</cell>
 <cell>net</cell>
 <cell>NET_CC_CONFIG211</cell>
 <cell></cell>
 <cell>+</cell>
 <cell>0.000</cell>
 <cell>2.023</cell>
 <cell></cell>
 <cell>f</cell>
</row>
<row>
 <cell>PB_Debouncer_0/un2_count_cry_0_CC_0:CO</cell>
 <cell>cell</cell>
 <cell></cell>
 <cell>ADLIB:CC_CONFIG</cell>
 <cell>+</cell>
 <cell>0.463</cell>
 <cell>2.486</cell>
 <cell>1</cell>
 <cell>f</cell>
</row>
<row>
 <cell>PB_Debouncer_0/un2_count_cry_0_CC_1:CI</cell>
 <cell>net</cell>
 <cell>CI_TO_CO205</cell>
 <cell></cell>
 <cell>+</cell>
 <cell>0.000</cell>
 <cell>2.486</cell>
 <cell></cell>
 <cell>f</cell>
</row>
<row>
 <cell>PB_Debouncer_0/un2_count_cry_0_CC_1:CO</cell>
 <cell>cell</cell>
 <cell></cell>
 <cell>ADLIB:CC_CONFIG</cell>
 <cell>+</cell>
 <cell>0.132</cell>
 <cell>2.618</cell>
 <cell>1</cell>
 <cell>f</cell>
</row>
<row>
 <cell>PB_Debouncer_0/un2_count_cry_0_CC_2:CI</cell>
 <cell>net</cell>
 <cell>CI_TO_CO206</cell>
 <cell></cell>
 <cell>+</cell>
 <cell>0.000</cell>
 <cell>2.618</cell>
 <cell></cell>
 <cell>f</cell>
</row>
<row>
 <cell>PB_Debouncer_0/un2_count_cry_0_CC_2:CC[7]</cell>
 <cell>cell</cell>
 <cell></cell>
 <cell>ADLIB:CC_CONFIG</cell>
 <cell>+</cell>
 <cell>0.195</cell>
 <cell>2.813</cell>
 <cell>1</cell>
 <cell>r</cell>
</row>
<row>
 <cell>PB_Debouncer_0/un2_count_s_31:CC</cell>
 <cell>net</cell>
 <cell>NET_CC_CONFIG334</cell>
 <cell></cell>
 <cell>+</cell>
 <cell>0.000</cell>
 <cell>2.813</cell>
 <cell></cell>
 <cell>r</cell>
</row>
<row>
 <cell>PB_Debouncer_0/un2_count_s_31:S</cell>
 <cell>cell</cell>
 <cell></cell>
 <cell>ADLIB:ARI1_CC</cell>
 <cell>+</cell>
 <cell>0.067</cell>
 <cell>2.880</cell>
 <cell>2</cell>
 <cell>r</cell>
</row>
<row>
 <cell>PB_Debouncer_0/un6_count_23:D</cell>
 <cell>net</cell>
 <cell>PB_Debouncer_0/un2_count_s_31_S</cell>
 <cell></cell>
 <cell>+</cell>
 <cell>0.704</cell>
 <cell>3.584</cell>
 <cell></cell>
 <cell>r</cell>
</row>
<row>
 <cell>PB_Debouncer_0/un6_count_23:Y</cell>
 <cell>cell</cell>
 <cell></cell>
 <cell>ADLIB:CFG4</cell>
 <cell>+</cell>
 <cell>0.278</cell>
 <cell>3.862</cell>
 <cell>1</cell>
 <cell>f</cell>
</row>
<row>
 <cell>PB_Debouncer_0/un6_count_27:C</cell>
 <cell>net</cell>
 <cell>PB_Debouncer_0/un6_count_23_Z</cell>
 <cell></cell>
 <cell>+</cell>
 <cell>0.698</cell>
 <cell>4.560</cell>
 <cell></cell>
 <cell>f</cell>
</row>
<row>
 <cell>PB_Debouncer_0/un6_count_27:Y</cell>
 <cell>cell</cell>
 <cell></cell>
 <cell>ADLIB:CFG4</cell>
 <cell>+</cell>
 <cell>0.173</cell>
 <cell>4.733</cell>
 <cell>1</cell>
 <cell>f</cell>
</row>
<row>
 <cell>PB_Debouncer_0/State_RNO[0]:C</cell>
 <cell>net</cell>
 <cell>PB_Debouncer_0/un6_count_27_Z</cell>
 <cell></cell>
 <cell>+</cell>
 <cell>0.698</cell>
 <cell>5.431</cell>
 <cell></cell>
 <cell>f</cell>
</row>
<row>
 <cell>PB_Debouncer_0/State_RNO[0]:Y</cell>
 <cell>cell</cell>
 <cell></cell>
 <cell>ADLIB:CFG4</cell>
 <cell>+</cell>
 <cell>0.160</cell>
 <cell>5.591</cell>
 <cell>1</cell>
 <cell>r</cell>
</row>
<row>
 <cell>PB_Debouncer_0/State[0]:D</cell>
 <cell>net</cell>
 <cell>PB_Debouncer_0/un6_count_i</cell>
 <cell></cell>
 <cell>+</cell>
 <cell>0.698</cell>
 <cell>6.289</cell>
 <cell></cell>
 <cell>r</cell>
</row>
<row>
 <cell>data arrival time</cell>
 <cell></cell>
 <cell></cell>
 <cell></cell>
 <cell></cell>
 <cell></cell>
 <cell>6.289</cell>
 <cell></cell>
 <cell></cell>
</row>
<row>
</row>
<row>
 <cell>Data required time calculation</cell>
 <cell></cell>
 <cell></cell>
 <cell></cell>
 <cell></cell>
 <cell></cell>
 <cell></cell>
 <cell></cell>
 <cell></cell>
</row>
<row>
 <cell>PCLK</cell>
 <cell></cell>
 <cell></cell>
 <cell></cell>
 <cell></cell>
 <cell>N/C</cell>
 <cell>N/C</cell>
 <cell></cell>
 <cell></cell>
</row>
<row>
 <cell>PCLK</cell>
 <cell>Clock source</cell>
 <cell></cell>
 <cell></cell>
 <cell>+</cell>
 <cell>0.000</cell>
 <cell>N/C</cell>
 <cell></cell>
 <cell>r</cell>
</row>
<row>
 <cell>BLOCK_INTERFACE_I_PCLK:A</cell>
 <cell>net</cell>
 <cell>I_NET_PCLK</cell>
 <cell></cell>
 <cell>+</cell>
 <cell>0.000</cell>
 <cell>N/C</cell>
 <cell></cell>
 <cell>r</cell>
</row>
<row>
 <cell>BLOCK_INTERFACE_I_PCLK:Y</cell>
 <cell>cell</cell>
 <cell></cell>
 <cell>ADLIB:CFG1</cell>
 <cell>+</cell>
 <cell>0.052</cell>
 <cell>N/C</cell>
 <cell>1</cell>
 <cell>r</cell>
</row>
<row>
 <cell>PCLK_RNIAB1A:A</cell>
 <cell>net</cell>
 <cell>PCLK</cell>
 <cell></cell>
 <cell>+</cell>
 <cell>0.596</cell>
 <cell>N/C</cell>
 <cell></cell>
 <cell>r</cell>
</row>
<row>
 <cell>PCLK_RNIAB1A:Y</cell>
 <cell>cell</cell>
 <cell></cell>
 <cell>ADLIB:GB</cell>
 <cell>+</cell>
 <cell>0.153</cell>
 <cell>N/C</cell>
 <cell>1</cell>
 <cell>r</cell>
</row>
<row>
 <cell>PCLK_RNIAB1A/U0_RGB1:A</cell>
 <cell>net</cell>
 <cell>PCLK_RNIAB1A/U0_Y</cell>
 <cell></cell>
 <cell>+</cell>
 <cell>0.000</cell>
 <cell>N/C</cell>
 <cell></cell>
 <cell>r</cell>
</row>
<row>
 <cell>PCLK_RNIAB1A/U0_RGB1:Y</cell>
 <cell>cell</cell>
 <cell></cell>
 <cell>ADLIB:RGB</cell>
 <cell>+</cell>
 <cell>0.066</cell>
 <cell>N/C</cell>
 <cell>218</cell>
 <cell>f</cell>
</row>
<row>
 <cell>PB_Debouncer_0/State[0]:CLK</cell>
 <cell>net</cell>
 <cell>NN_1</cell>
 <cell></cell>
 <cell>+</cell>
 <cell>0.000</cell>
 <cell>N/C</cell>
 <cell></cell>
 <cell>r</cell>
</row>
<row>
 <cell>clock reconvergence pessimism</cell>
 <cell></cell>
 <cell></cell>
 <cell></cell>
 <cell>+</cell>
 <cell>0.146</cell>
 <cell>N/C</cell>
 <cell></cell>
 <cell></cell>
</row>
<row>
 <cell>PB_Debouncer_0/State[0]:D</cell>
 <cell>Library setup time</cell>
 <cell></cell>
 <cell>ADLIB:SLE</cell>
 <cell>-</cell>
 <cell>0.000</cell>
 <cell>N/C</cell>
 <cell></cell>
 <cell></cell>
</row>
<row>
</row>
</table>
</section>
<section>
<name>SET External Setup</name>
<table>
<header>
 <cell/>
 <cell>From</cell>
 <cell>To</cell>
 <cell>Delay (ns)</cell>
 <cell>Slack (ns)</cell>
 <cell>Arrival (ns)</cell>
 <cell>Required (ns)</cell>
 <cell>Setup (ns)</cell>
 <cell>External Setup (ns)</cell>
</header>
<row>
 <cell>Path 1</cell>
 <cell>PADDR_in[11]</cell>
 <cell>UART_Term_0/UART_Term_0/uUART/make_RX/receive_full_int:EN</cell>
 <cell>5.639</cell>
 <cell></cell>
 <cell>5.639</cell>
 <cell></cell>
 <cell>0.146</cell>
 <cell>4.918</cell>
</row>
<row>
 <cell>Path 2</cell>
 <cell>PADDR_in[10]</cell>
 <cell>UART_Term_0/UART_Term_0/uUART/make_RX/receive_full_int:EN</cell>
 <cell>5.593</cell>
 <cell></cell>
 <cell>5.593</cell>
 <cell></cell>
 <cell>0.146</cell>
 <cell>4.872</cell>
</row>
<row>
 <cell>Path 3</cell>
 <cell>PADDR_in[11]</cell>
 <cell>UART_Term_0/UART_Term_0/uUART/make_TX/txrdy_int:EN</cell>
 <cell>5.263</cell>
 <cell></cell>
 <cell>5.263</cell>
 <cell></cell>
 <cell>0.146</cell>
 <cell>4.542</cell>
</row>
<row>
 <cell>Path 4</cell>
 <cell>PADDR_in[10]</cell>
 <cell>UART_Term_0/UART_Term_0/uUART/make_TX/txrdy_int:EN</cell>
 <cell>5.217</cell>
 <cell></cell>
 <cell>5.217</cell>
 <cell></cell>
 <cell>0.146</cell>
 <cell>4.496</cell>
</row>
<row>
 <cell>Path 5</cell>
 <cell>PADDR_in[3]</cell>
 <cell>GPIO_Basic_0/GPIO_Basic_0/edge_neg[0]:EN</cell>
 <cell>5.122</cell>
 <cell></cell>
 <cell>5.122</cell>
 <cell></cell>
 <cell>0.146</cell>
 <cell>4.401</cell>
</row>
</table>
<text></text>
<section><name>Expanded Path 1</name></section>
<table>
<header>
 <cell>Pin Name</cell>
 <cell>Type</cell>
 <cell>Net Name</cell>
 <cell>Cell Name</cell>
 <cell>Op</cell>
 <cell>Delay (ns)</cell>
 <cell>Total (ns)</cell>
 <cell>Fanout</cell>
 <cell>Edge</cell>
</header>
<row>
 <cell>From: PADDR_in[11]</cell>
 <cell></cell>
 <cell></cell>
 <cell></cell>
 <cell></cell>
 <cell></cell>
 <cell></cell>
 <cell></cell>
 <cell></cell>
</row>
<row>
 <cell>To: UART_Term_0/UART_Term_0/uUART/make_RX/receive_full_int:EN</cell>
 <cell></cell>
 <cell></cell>
 <cell></cell>
 <cell></cell>
 <cell></cell>
 <cell></cell>
 <cell></cell>
 <cell></cell>
</row>
<row>
 <cell>data required time</cell>
 <cell></cell>
 <cell></cell>
 <cell></cell>
 <cell></cell>
 <cell></cell>
 <cell>N/C</cell>
 <cell></cell>
 <cell></cell>
</row>
<row>
 <cell>data arrival time</cell>
 <cell></cell>
 <cell></cell>
 <cell></cell>
 <cell>-</cell>
 <cell></cell>
 <cell>5.639</cell>
 <cell></cell>
 <cell></cell>
</row>
<row>
 <cell>slack</cell>
 <cell></cell>
 <cell></cell>
 <cell></cell>
 <cell></cell>
 <cell></cell>
 <cell>N/C</cell>
 <cell></cell>
 <cell></cell>
</row>
<row>
</row>
<row>
 <cell>Data arrival time calculation</cell>
 <cell></cell>
 <cell></cell>
 <cell></cell>
 <cell></cell>
 <cell></cell>
 <cell></cell>
 <cell></cell>
 <cell></cell>
</row>
<row>
 <cell>PADDR_in[11]</cell>
 <cell></cell>
 <cell></cell>
 <cell></cell>
 <cell></cell>
 <cell>0.000</cell>
 <cell>0.000</cell>
 <cell></cell>
 <cell>f</cell>
</row>
<row>
 <cell>BLOCK_INTERFACE_I_PADDR_in[11]:A</cell>
 <cell>net</cell>
 <cell>I_NET_PADDR_in[11]</cell>
 <cell></cell>
 <cell>+</cell>
 <cell>0.000</cell>
 <cell>0.000</cell>
 <cell></cell>
 <cell>f</cell>
</row>
<row>
 <cell>BLOCK_INTERFACE_I_PADDR_in[11]:Y</cell>
 <cell>cell</cell>
 <cell></cell>
 <cell>ADLIB:CFG1</cell>
 <cell>+</cell>
 <cell>0.060</cell>
 <cell>0.060</cell>
 <cell>1</cell>
 <cell>f</cell>
</row>
<row>
 <cell>APB3_Bus_0/APB3_Bus_0/iPSELS_raw_2[0]:B</cell>
 <cell>net</cell>
 <cell>PADDR_in[11]</cell>
 <cell></cell>
 <cell>+</cell>
 <cell>0.698</cell>
 <cell>0.758</cell>
 <cell></cell>
 <cell>f</cell>
</row>
<row>
 <cell>APB3_Bus_0/APB3_Bus_0/iPSELS_raw_2[0]:Y</cell>
 <cell>cell</cell>
 <cell></cell>
 <cell>ADLIB:CFG2</cell>
 <cell>+</cell>
 <cell>0.103</cell>
 <cell>0.861</cell>
 <cell>2</cell>
 <cell>r</cell>
</row>
<row>
 <cell>APB3_Bus_0/APB3_Bus_0/iPSELS_raw[0]:D</cell>
 <cell>net</cell>
 <cell>APB3_Bus_0/APB3_Bus_0/APB3_Bus_0_APBmslave0_PSELx_i_2</cell>
 <cell></cell>
 <cell>+</cell>
 <cell>0.704</cell>
 <cell>1.565</cell>
 <cell></cell>
 <cell>r</cell>
</row>
<row>
 <cell>APB3_Bus_0/APB3_Bus_0/iPSELS_raw[0]:Y</cell>
 <cell>cell</cell>
 <cell></cell>
 <cell>ADLIB:CFG4</cell>
 <cell>+</cell>
 <cell>0.224</cell>
 <cell>1.789</cell>
 <cell>8</cell>
 <cell>r</cell>
</row>
<row>
 <cell>UART_Term_0/UART_Term_0/un1_nxtprdata_xhdl722_0_1:A</cell>
 <cell>net</cell>
 <cell>APB3_Bus_0_APBmslave0_PSELx</cell>
 <cell></cell>
 <cell>+</cell>
 <cell>0.739</cell>
 <cell>2.528</cell>
 <cell></cell>
 <cell>r</cell>
</row>
<row>
 <cell>UART_Term_0/UART_Term_0/un1_nxtprdata_xhdl722_0_1:Y</cell>
 <cell>cell</cell>
 <cell></cell>
 <cell>ADLIB:CFG2</cell>
 <cell>+</cell>
 <cell>0.060</cell>
 <cell>2.588</cell>
 <cell>2</cell>
 <cell>f</cell>
</row>
<row>
 <cell>UART_Term_0/UART_Term_0/uUART/un1_temp_xhdl10_0_a2:A</cell>
 <cell>net</cell>
 <cell>UART_Term_0/UART_Term_0/un1_nxtprdata_xhdl722_1</cell>
 <cell></cell>
 <cell>+</cell>
 <cell>0.704</cell>
 <cell>3.292</cell>
 <cell></cell>
 <cell>f</cell>
</row>
<row>
 <cell>UART_Term_0/UART_Term_0/uUART/un1_temp_xhdl10_0_a2:Y</cell>
 <cell>cell</cell>
 <cell></cell>
 <cell>ADLIB:CFG4</cell>
 <cell>+</cell>
 <cell>0.060</cell>
 <cell>3.352</cell>
 <cell>7</cell>
 <cell>f</cell>
</row>
<row>
 <cell>UART_Term_0/UART_Term_0/uUART/make_RX/un1_receive_full_int_1_sqmuxa_i_0_0:A</cell>
 <cell>net</cell>
 <cell>UART_Term_0/UART_Term_0/uUART/clear_parity</cell>
 <cell></cell>
 <cell>+</cell>
 <cell>0.733</cell>
 <cell>4.085</cell>
 <cell></cell>
 <cell>f</cell>
</row>
<row>
 <cell>UART_Term_0/UART_Term_0/uUART/make_RX/un1_receive_full_int_1_sqmuxa_i_0_0:Y</cell>
 <cell>cell</cell>
 <cell></cell>
 <cell>ADLIB:CFG4</cell>
 <cell>+</cell>
 <cell>0.057</cell>
 <cell>4.142</cell>
 <cell>1</cell>
 <cell>r</cell>
</row>
<row>
 <cell>UART_Term_0/UART_Term_0/uUART/make_RX/un1_receive_full_int_1_sqmuxa_i_0:B</cell>
 <cell>net</cell>
 <cell>UART_Term_0/UART_Term_0/uUART/make_RX/un1_receive_full_int_1_sqmuxa_i_0_0_Z</cell>
 <cell></cell>
 <cell>+</cell>
 <cell>0.698</cell>
 <cell>4.840</cell>
 <cell></cell>
 <cell>r</cell>
</row>
<row>
 <cell>UART_Term_0/UART_Term_0/uUART/make_RX/un1_receive_full_int_1_sqmuxa_i_0:Y</cell>
 <cell>cell</cell>
 <cell></cell>
 <cell>ADLIB:CFG4</cell>
 <cell>+</cell>
 <cell>0.101</cell>
 <cell>4.941</cell>
 <cell>1</cell>
 <cell>r</cell>
</row>
<row>
 <cell>UART_Term_0/UART_Term_0/uUART/make_RX/receive_full_int:EN</cell>
 <cell>net</cell>
 <cell>UART_Term_0/UART_Term_0/uUART/make_RX/N_54</cell>
 <cell></cell>
 <cell>+</cell>
 <cell>0.698</cell>
 <cell>5.639</cell>
 <cell></cell>
 <cell>r</cell>
</row>
<row>
 <cell>data arrival time</cell>
 <cell></cell>
 <cell></cell>
 <cell></cell>
 <cell></cell>
 <cell></cell>
 <cell>5.639</cell>
 <cell></cell>
 <cell></cell>
</row>
<row>
</row>
<row>
 <cell>Data required time calculation</cell>
 <cell></cell>
 <cell></cell>
 <cell></cell>
 <cell></cell>
 <cell></cell>
 <cell></cell>
 <cell></cell>
 <cell></cell>
</row>
<row>
 <cell>PCLK</cell>
 <cell></cell>
 <cell></cell>
 <cell></cell>
 <cell></cell>
 <cell>N/C</cell>
 <cell>N/C</cell>
 <cell></cell>
 <cell></cell>
</row>
<row>
 <cell>PCLK</cell>
 <cell>Clock source</cell>
 <cell></cell>
 <cell></cell>
 <cell>+</cell>
 <cell>0.000</cell>
 <cell>N/C</cell>
 <cell></cell>
 <cell>r</cell>
</row>
<row>
 <cell>BLOCK_INTERFACE_I_PCLK:A</cell>
 <cell>net</cell>
 <cell>I_NET_PCLK</cell>
 <cell></cell>
 <cell>+</cell>
 <cell>0.000</cell>
 <cell>N/C</cell>
 <cell></cell>
 <cell>r</cell>
</row>
<row>
 <cell>BLOCK_INTERFACE_I_PCLK:Y</cell>
 <cell>cell</cell>
 <cell></cell>
 <cell>ADLIB:CFG1</cell>
 <cell>+</cell>
 <cell>0.052</cell>
 <cell>N/C</cell>
 <cell>1</cell>
 <cell>r</cell>
</row>
<row>
 <cell>PCLK_RNIAB1A:A</cell>
 <cell>net</cell>
 <cell>PCLK</cell>
 <cell></cell>
 <cell>+</cell>
 <cell>0.596</cell>
 <cell>N/C</cell>
 <cell></cell>
 <cell>r</cell>
</row>
<row>
 <cell>PCLK_RNIAB1A:Y</cell>
 <cell>cell</cell>
 <cell></cell>
 <cell>ADLIB:GB</cell>
 <cell>+</cell>
 <cell>0.153</cell>
 <cell>N/C</cell>
 <cell>1</cell>
 <cell>r</cell>
</row>
<row>
 <cell>PCLK_RNIAB1A/U0_RGB1:A</cell>
 <cell>net</cell>
 <cell>PCLK_RNIAB1A/U0_Y</cell>
 <cell></cell>
 <cell>+</cell>
 <cell>0.000</cell>
 <cell>N/C</cell>
 <cell></cell>
 <cell>r</cell>
</row>
<row>
 <cell>PCLK_RNIAB1A/U0_RGB1:Y</cell>
 <cell>cell</cell>
 <cell></cell>
 <cell>ADLIB:RGB</cell>
 <cell>+</cell>
 <cell>0.066</cell>
 <cell>N/C</cell>
 <cell>218</cell>
 <cell>f</cell>
</row>
<row>
 <cell>UART_Term_0/UART_Term_0/uUART/make_RX/receive_full_int:CLK</cell>
 <cell>net</cell>
 <cell>NN_1</cell>
 <cell></cell>
 <cell>+</cell>
 <cell>0.000</cell>
 <cell>N/C</cell>
 <cell></cell>
 <cell>r</cell>
</row>
<row>
 <cell>UART_Term_0/UART_Term_0/uUART/make_RX/receive_full_int:EN</cell>
 <cell>Library setup time</cell>
 <cell></cell>
 <cell>ADLIB:SLE</cell>
 <cell>-</cell>
 <cell>0.146</cell>
 <cell>N/C</cell>
 <cell></cell>
 <cell></cell>
</row>
<row>
</row>
</table>
</section>
<section>
<name>SET Clock to Output</name>
<table>
<header>
 <cell/>
 <cell>From</cell>
 <cell>To</cell>
 <cell>Delay (ns)</cell>
 <cell>Slack (ns)</cell>
 <cell>Arrival (ns)</cell>
 <cell>Required (ns)</cell>
 <cell>Clock to Out (ns)</cell>
</header>
<row>
 <cell>Path 1</cell>
 <cell>GPIO_Basic_0/GPIO_Basic_0/INTR_reg[0]:CLK</cell>
 <cell>PRDATA_in[0]</cell>
 <cell>3.611</cell>
 <cell></cell>
 <cell>4.624</cell>
 <cell></cell>
 <cell>4.624</cell>
</row>
<row>
 <cell>Path 2</cell>
 <cell>GPIO_Basic_0/GPIO_Basic_0/INTR_reg[1]:CLK</cell>
 <cell>PRDATA_in[1]</cell>
 <cell>3.611</cell>
 <cell></cell>
 <cell>4.624</cell>
 <cell></cell>
 <cell>4.624</cell>
</row>
<row>
 <cell>Path 3</cell>
 <cell>GPIO_Basic_0/GPIO_Basic_0/gpin3[0]:CLK</cell>
 <cell>PRDATA_in[0]</cell>
 <cell>3.506</cell>
 <cell></cell>
 <cell>4.519</cell>
 <cell></cell>
 <cell>4.519</cell>
</row>
<row>
 <cell>Path 4</cell>
 <cell>GPIO_Basic_0/GPIO_Basic_0/gpin3[1]:CLK</cell>
 <cell>PRDATA_in[1]</cell>
 <cell>3.506</cell>
 <cell></cell>
 <cell>4.519</cell>
 <cell></cell>
 <cell>4.519</cell>
</row>
<row>
 <cell>Path 5</cell>
 <cell>GPIO_Basic_0/GPIO_Basic_0/GPOUT_reg[0]:CLK</cell>
 <cell>PRDATA_in[0]</cell>
 <cell>2.686</cell>
 <cell></cell>
 <cell>3.699</cell>
 <cell></cell>
 <cell>3.699</cell>
</row>
</table>
<text></text>
<section><name>Expanded Path 1</name></section>
<table>
<header>
 <cell>Pin Name</cell>
 <cell>Type</cell>
 <cell>Net Name</cell>
 <cell>Cell Name</cell>
 <cell>Op</cell>
 <cell>Delay (ns)</cell>
 <cell>Total (ns)</cell>
 <cell>Fanout</cell>
 <cell>Edge</cell>
</header>
<row>
 <cell>From: GPIO_Basic_0/GPIO_Basic_0/INTR_reg[0]:CLK</cell>
 <cell></cell>
 <cell></cell>
 <cell></cell>
 <cell></cell>
 <cell></cell>
 <cell></cell>
 <cell></cell>
 <cell></cell>
</row>
<row>
 <cell>To: PRDATA_in[0]</cell>
 <cell></cell>
 <cell></cell>
 <cell></cell>
 <cell></cell>
 <cell></cell>
 <cell></cell>
 <cell></cell>
 <cell></cell>
</row>
<row>
 <cell>data required time</cell>
 <cell></cell>
 <cell></cell>
 <cell></cell>
 <cell></cell>
 <cell></cell>
 <cell>N/C</cell>
 <cell></cell>
 <cell></cell>
</row>
<row>
 <cell>data arrival time</cell>
 <cell></cell>
 <cell></cell>
 <cell></cell>
 <cell>-</cell>
 <cell></cell>
 <cell>4.624</cell>
 <cell></cell>
 <cell></cell>
</row>
<row>
 <cell>slack</cell>
 <cell></cell>
 <cell></cell>
 <cell></cell>
 <cell></cell>
 <cell></cell>
 <cell>N/C</cell>
 <cell></cell>
 <cell></cell>
</row>
<row>
</row>
<row>
 <cell>Data arrival time calculation</cell>
 <cell></cell>
 <cell></cell>
 <cell></cell>
 <cell></cell>
 <cell></cell>
 <cell></cell>
 <cell></cell>
 <cell></cell>
</row>
<row>
 <cell>PCLK</cell>
 <cell></cell>
 <cell></cell>
 <cell></cell>
 <cell></cell>
 <cell>0.000</cell>
 <cell>0.000</cell>
 <cell></cell>
 <cell></cell>
</row>
<row>
 <cell>PCLK</cell>
 <cell>Clock source</cell>
 <cell></cell>
 <cell></cell>
 <cell>+</cell>
 <cell>0.000</cell>
 <cell>0.000</cell>
 <cell></cell>
 <cell>r</cell>
</row>
<row>
 <cell>BLOCK_INTERFACE_I_PCLK:A</cell>
 <cell>net</cell>
 <cell>I_NET_PCLK</cell>
 <cell></cell>
 <cell>+</cell>
 <cell>0.000</cell>
 <cell>0.000</cell>
 <cell></cell>
 <cell>r</cell>
</row>
<row>
 <cell>BLOCK_INTERFACE_I_PCLK:Y</cell>
 <cell>cell</cell>
 <cell></cell>
 <cell>ADLIB:CFG1</cell>
 <cell>+</cell>
 <cell>0.064</cell>
 <cell>0.064</cell>
 <cell>1</cell>
 <cell>r</cell>
</row>
<row>
 <cell>PCLK_RNIAB1A:A</cell>
 <cell>net</cell>
 <cell>PCLK</cell>
 <cell></cell>
 <cell>+</cell>
 <cell>0.698</cell>
 <cell>0.762</cell>
 <cell></cell>
 <cell>r</cell>
</row>
<row>
 <cell>PCLK_RNIAB1A:Y</cell>
 <cell>cell</cell>
 <cell></cell>
 <cell>ADLIB:GB</cell>
 <cell>+</cell>
 <cell>0.175</cell>
 <cell>0.937</cell>
 <cell>1</cell>
 <cell>r</cell>
</row>
<row>
 <cell>PCLK_RNIAB1A/U0_RGB1:A</cell>
 <cell>net</cell>
 <cell>PCLK_RNIAB1A/U0_Y</cell>
 <cell></cell>
 <cell>+</cell>
 <cell>0.000</cell>
 <cell>0.937</cell>
 <cell></cell>
 <cell>r</cell>
</row>
<row>
 <cell>PCLK_RNIAB1A/U0_RGB1:Y</cell>
 <cell>cell</cell>
 <cell></cell>
 <cell>ADLIB:RGB</cell>
 <cell>+</cell>
 <cell>0.076</cell>
 <cell>1.013</cell>
 <cell>218</cell>
 <cell>f</cell>
</row>
<row>
 <cell>GPIO_Basic_0/GPIO_Basic_0/INTR_reg[0]:CLK</cell>
 <cell>net</cell>
 <cell>NN_1</cell>
 <cell></cell>
 <cell>+</cell>
 <cell>0.000</cell>
 <cell>1.013</cell>
 <cell></cell>
 <cell>r</cell>
</row>
<row>
 <cell>GPIO_Basic_0/GPIO_Basic_0/INTR_reg[0]:Q</cell>
 <cell>cell</cell>
 <cell></cell>
 <cell>ADLIB:SLE</cell>
 <cell>+</cell>
 <cell>0.203</cell>
 <cell>1.216</cell>
 <cell>2</cell>
 <cell>r</cell>
</row>
<row>
 <cell>GPIO_Basic_0/GPIO_Basic_0/PRDATA_o_1_0[0]:D</cell>
 <cell>net</cell>
 <cell>GPIO_Basic_0/GPIO_Basic_0/INTR_reg[0]</cell>
 <cell></cell>
 <cell>+</cell>
 <cell>0.704</cell>
 <cell>1.920</cell>
 <cell></cell>
 <cell>r</cell>
</row>
<row>
 <cell>GPIO_Basic_0/GPIO_Basic_0/PRDATA_o_1_0[0]:Y</cell>
 <cell>cell</cell>
 <cell></cell>
 <cell>ADLIB:CFG4</cell>
 <cell>+</cell>
 <cell>0.278</cell>
 <cell>2.198</cell>
 <cell>1</cell>
 <cell>f</cell>
</row>
<row>
 <cell>GPIO_Basic_0/GPIO_Basic_0/PRDATA_o[0]:C</cell>
 <cell>net</cell>
 <cell>GPIO_Basic_0/GPIO_Basic_0/PRDATA_o_1_0[0]</cell>
 <cell></cell>
 <cell>+</cell>
 <cell>0.698</cell>
 <cell>2.896</cell>
 <cell></cell>
 <cell>f</cell>
</row>
<row>
 <cell>GPIO_Basic_0/GPIO_Basic_0/PRDATA_o[0]:Y</cell>
 <cell>cell</cell>
 <cell></cell>
 <cell>ADLIB:CFG4</cell>
 <cell>+</cell>
 <cell>0.173</cell>
 <cell>3.069</cell>
 <cell>1</cell>
 <cell>f</cell>
</row>
<row>
 <cell>APB3_Bus_0/APB3_Bus_0/u_mux_p_to_b3/N_38_i_c:B</cell>
 <cell>net</cell>
 <cell>APB3_Bus_0_APBmslave1_PRDATA[0]</cell>
 <cell></cell>
 <cell>+</cell>
 <cell>0.698</cell>
 <cell>3.767</cell>
 <cell></cell>
 <cell>f</cell>
</row>
<row>
 <cell>APB3_Bus_0/APB3_Bus_0/u_mux_p_to_b3/N_38_i_c:Y</cell>
 <cell>cell</cell>
 <cell></cell>
 <cell>ADLIB:CFG4</cell>
 <cell>+</cell>
 <cell>0.099</cell>
 <cell>3.866</cell>
 <cell>1</cell>
 <cell>f</cell>
</row>
<row>
 <cell>BLOCK_INTERFACE_I_PRDATA_in[0]:A</cell>
 <cell>net</cell>
 <cell>PRDATA_in[0]</cell>
 <cell></cell>
 <cell>+</cell>
 <cell>0.698</cell>
 <cell>4.564</cell>
 <cell></cell>
 <cell>f</cell>
</row>
<row>
 <cell>BLOCK_INTERFACE_I_PRDATA_in[0]:Y</cell>
 <cell>cell</cell>
 <cell></cell>
 <cell>ADLIB:CFG1</cell>
 <cell>+</cell>
 <cell>0.060</cell>
 <cell>4.624</cell>
 <cell>0</cell>
 <cell>f</cell>
</row>
<row>
 <cell>PRDATA_in[0]</cell>
 <cell>net</cell>
 <cell>I_NET_PRDATA_in[0]</cell>
 <cell></cell>
 <cell>+</cell>
 <cell>0.000</cell>
 <cell>4.624</cell>
 <cell></cell>
 <cell>f</cell>
</row>
<row>
 <cell>data arrival time</cell>
 <cell></cell>
 <cell></cell>
 <cell></cell>
 <cell></cell>
 <cell></cell>
 <cell>4.624</cell>
 <cell></cell>
 <cell></cell>
</row>
<row>
</row>
<row>
 <cell>Data required time calculation</cell>
 <cell></cell>
 <cell></cell>
 <cell></cell>
 <cell></cell>
 <cell></cell>
 <cell></cell>
 <cell></cell>
 <cell></cell>
</row>
<row>
 <cell>PCLK</cell>
 <cell></cell>
 <cell></cell>
 <cell></cell>
 <cell></cell>
 <cell>N/C</cell>
 <cell>N/C</cell>
 <cell></cell>
 <cell></cell>
</row>
<row>
 <cell>PCLK</cell>
 <cell>Clock source</cell>
 <cell></cell>
 <cell></cell>
 <cell>+</cell>
 <cell>0.000</cell>
 <cell>N/C</cell>
 <cell></cell>
 <cell>r</cell>
</row>
<row>
 <cell>PRDATA_in[0]</cell>
 <cell></cell>
 <cell></cell>
 <cell></cell>
 <cell></cell>
 <cell></cell>
 <cell>N/C</cell>
 <cell></cell>
 <cell>f</cell>
</row>
<row>
</row>
</table>
</section>
<section>
<name>SET Register to Asynchronous</name>
<text>No Path</text>
</section>
<section>
<name>SET External Recovery</name>
<table>
<header>
 <cell/>
 <cell>From</cell>
 <cell>To</cell>
 <cell>Delay (ns)</cell>
 <cell>Slack (ns)</cell>
 <cell>Arrival (ns)</cell>
 <cell>Required (ns)</cell>
 <cell>Recovery (ns)</cell>
 <cell>External Recovery (ns)</cell>
</header>
<row>
 <cell>Path 1</cell>
 <cell>PRESETN</cell>
 <cell>GPIO_Basic_0/GPIO_Basic_0/GPOUT_reg[0]:ALn</cell>
 <cell>1.828</cell>
 <cell></cell>
 <cell>1.828</cell>
 <cell></cell>
 <cell>0.227</cell>
 <cell>1.188</cell>
</row>
<row>
 <cell>Path 2</cell>
 <cell>PRESETN</cell>
 <cell>GPIO_Basic_0/GPIO_Basic_0/GPOUT_reg[1]:ALn</cell>
 <cell>1.828</cell>
 <cell></cell>
 <cell>1.828</cell>
 <cell></cell>
 <cell>0.227</cell>
 <cell>1.188</cell>
</row>
<row>
 <cell>Path 3</cell>
 <cell>PRESETN</cell>
 <cell>GPIO_Basic_0/GPIO_Basic_0/GPOUT_reg[2]:ALn</cell>
 <cell>1.828</cell>
 <cell></cell>
 <cell>1.828</cell>
 <cell></cell>
 <cell>0.227</cell>
 <cell>1.188</cell>
</row>
<row>
 <cell>Path 4</cell>
 <cell>PRESETN</cell>
 <cell>GPIO_Basic_0/GPIO_Basic_0/GPOUT_reg[3]:ALn</cell>
 <cell>1.828</cell>
 <cell></cell>
 <cell>1.828</cell>
 <cell></cell>
 <cell>0.227</cell>
 <cell>1.188</cell>
</row>
<row>
 <cell>Path 5</cell>
 <cell>PRESETN</cell>
 <cell>GPIO_Basic_0/GPIO_Basic_0/GPOUT_reg[4]:ALn</cell>
 <cell>1.828</cell>
 <cell></cell>
 <cell>1.828</cell>
 <cell></cell>
 <cell>0.227</cell>
 <cell>1.188</cell>
</row>
</table>
<text></text>
<section><name>Expanded Path 1</name></section>
<table>
<header>
 <cell>Pin Name</cell>
 <cell>Type</cell>
 <cell>Net Name</cell>
 <cell>Cell Name</cell>
 <cell>Op</cell>
 <cell>Delay (ns)</cell>
 <cell>Total (ns)</cell>
 <cell>Fanout</cell>
 <cell>Edge</cell>
</header>
<row>
 <cell>From: PRESETN</cell>
 <cell></cell>
 <cell></cell>
 <cell></cell>
 <cell></cell>
 <cell></cell>
 <cell></cell>
 <cell></cell>
 <cell></cell>
</row>
<row>
 <cell>To: GPIO_Basic_0/GPIO_Basic_0/GPOUT_reg[0]:ALn</cell>
 <cell></cell>
 <cell></cell>
 <cell></cell>
 <cell></cell>
 <cell></cell>
 <cell></cell>
 <cell></cell>
 <cell></cell>
</row>
<row>
 <cell>data required time</cell>
 <cell></cell>
 <cell></cell>
 <cell></cell>
 <cell></cell>
 <cell></cell>
 <cell>N/C</cell>
 <cell></cell>
 <cell></cell>
</row>
<row>
 <cell>data arrival time</cell>
 <cell></cell>
 <cell></cell>
 <cell></cell>
 <cell>-</cell>
 <cell></cell>
 <cell>1.828</cell>
 <cell></cell>
 <cell></cell>
</row>
<row>
 <cell>slack</cell>
 <cell></cell>
 <cell></cell>
 <cell></cell>
 <cell></cell>
 <cell></cell>
 <cell>N/C</cell>
 <cell></cell>
 <cell></cell>
</row>
<row>
</row>
<row>
 <cell>Data arrival time calculation</cell>
 <cell></cell>
 <cell></cell>
 <cell></cell>
 <cell></cell>
 <cell></cell>
 <cell></cell>
 <cell></cell>
 <cell></cell>
</row>
<row>
 <cell>PRESETN</cell>
 <cell></cell>
 <cell></cell>
 <cell></cell>
 <cell></cell>
 <cell>0.000</cell>
 <cell>0.000</cell>
 <cell></cell>
 <cell>r</cell>
</row>
<row>
 <cell>BLOCK_INTERFACE_I_PRESETN:A</cell>
 <cell>net</cell>
 <cell>I_NET_PRESETN</cell>
 <cell></cell>
 <cell>+</cell>
 <cell>0.000</cell>
 <cell>0.000</cell>
 <cell></cell>
 <cell>r</cell>
</row>
<row>
 <cell>BLOCK_INTERFACE_I_PRESETN:Y</cell>
 <cell>cell</cell>
 <cell></cell>
 <cell>ADLIB:CFG1</cell>
 <cell>+</cell>
 <cell>0.064</cell>
 <cell>0.064</cell>
 <cell>204</cell>
 <cell>r</cell>
</row>
<row>
 <cell>GPIO_Basic_0/GPIO_Basic_0/GPOUT_reg[0]:ALn</cell>
 <cell>net</cell>
 <cell>PRESETN</cell>
 <cell></cell>
 <cell>+</cell>
 <cell>1.764</cell>
 <cell>1.828</cell>
 <cell></cell>
 <cell>r</cell>
</row>
<row>
 <cell>data arrival time</cell>
 <cell></cell>
 <cell></cell>
 <cell></cell>
 <cell></cell>
 <cell></cell>
 <cell>1.828</cell>
 <cell></cell>
 <cell></cell>
</row>
<row>
</row>
<row>
 <cell>Data required time calculation</cell>
 <cell></cell>
 <cell></cell>
 <cell></cell>
 <cell></cell>
 <cell></cell>
 <cell></cell>
 <cell></cell>
 <cell></cell>
</row>
<row>
 <cell>PCLK</cell>
 <cell></cell>
 <cell></cell>
 <cell></cell>
 <cell></cell>
 <cell>N/C</cell>
 <cell>N/C</cell>
 <cell></cell>
 <cell></cell>
</row>
<row>
 <cell>PCLK</cell>
 <cell>Clock source</cell>
 <cell></cell>
 <cell></cell>
 <cell>+</cell>
 <cell>0.000</cell>
 <cell>N/C</cell>
 <cell></cell>
 <cell>r</cell>
</row>
<row>
 <cell>BLOCK_INTERFACE_I_PCLK:A</cell>
 <cell>net</cell>
 <cell>I_NET_PCLK</cell>
 <cell></cell>
 <cell>+</cell>
 <cell>0.000</cell>
 <cell>N/C</cell>
 <cell></cell>
 <cell>r</cell>
</row>
<row>
 <cell>BLOCK_INTERFACE_I_PCLK:Y</cell>
 <cell>cell</cell>
 <cell></cell>
 <cell>ADLIB:CFG1</cell>
 <cell>+</cell>
 <cell>0.052</cell>
 <cell>N/C</cell>
 <cell>1</cell>
 <cell>r</cell>
</row>
<row>
 <cell>PCLK_RNIAB1A:A</cell>
 <cell>net</cell>
 <cell>PCLK</cell>
 <cell></cell>
 <cell>+</cell>
 <cell>0.596</cell>
 <cell>N/C</cell>
 <cell></cell>
 <cell>r</cell>
</row>
<row>
 <cell>PCLK_RNIAB1A:Y</cell>
 <cell>cell</cell>
 <cell></cell>
 <cell>ADLIB:GB</cell>
 <cell>+</cell>
 <cell>0.153</cell>
 <cell>N/C</cell>
 <cell>1</cell>
 <cell>r</cell>
</row>
<row>
 <cell>PCLK_RNIAB1A/U0_RGB1:A</cell>
 <cell>net</cell>
 <cell>PCLK_RNIAB1A/U0_Y</cell>
 <cell></cell>
 <cell>+</cell>
 <cell>0.000</cell>
 <cell>N/C</cell>
 <cell></cell>
 <cell>r</cell>
</row>
<row>
 <cell>PCLK_RNIAB1A/U0_RGB1:Y</cell>
 <cell>cell</cell>
 <cell></cell>
 <cell>ADLIB:RGB</cell>
 <cell>+</cell>
 <cell>0.066</cell>
 <cell>N/C</cell>
 <cell>218</cell>
 <cell>f</cell>
</row>
<row>
 <cell>GPIO_Basic_0/GPIO_Basic_0/GPOUT_reg[0]:CLK</cell>
 <cell>net</cell>
 <cell>NN_1</cell>
 <cell></cell>
 <cell>+</cell>
 <cell>0.000</cell>
 <cell>N/C</cell>
 <cell></cell>
 <cell>r</cell>
</row>
<row>
 <cell>GPIO_Basic_0/GPIO_Basic_0/GPOUT_reg[0]:ALn</cell>
 <cell>Library recovery time</cell>
 <cell></cell>
 <cell>ADLIB:SLE</cell>
 <cell>-</cell>
 <cell>0.227</cell>
 <cell>N/C</cell>
 <cell></cell>
 <cell></cell>
</row>
<row>
</row>
</table>
</section>
<section>
<name>SET Asynchronous to Register</name>
<text>No Path</text>
</section>
</section>
<section>
<name>Path Set Pin to Pin</name>
<section>
<name>SET Input to Output</name>
<table>
<header>
 <cell/>
 <cell>From</cell>
 <cell>To</cell>
 <cell>Delay (ns)</cell>
 <cell>Slack (ns)</cell>
 <cell>Arrival (ns)</cell>
 <cell>Required (ns)</cell>
</header>
<row>
 <cell>Path 1</cell>
 <cell>PADDR_in[11]</cell>
 <cell>PRDATA_in[2]</cell>
 <cell>4.338</cell>
 <cell></cell>
 <cell>4.338</cell>
 <cell></cell>
</row>
<row>
 <cell>Path 2</cell>
 <cell>PADDR_in[11]</cell>
 <cell>PRDATA_in[3]</cell>
 <cell>4.338</cell>
 <cell></cell>
 <cell>4.338</cell>
 <cell></cell>
</row>
<row>
 <cell>Path 3</cell>
 <cell>PADDR_in[11]</cell>
 <cell>PRDATA_in[4]</cell>
 <cell>4.338</cell>
 <cell></cell>
 <cell>4.338</cell>
 <cell></cell>
</row>
<row>
 <cell>Path 4</cell>
 <cell>PADDR_in[11]</cell>
 <cell>PRDATA_in[5]</cell>
 <cell>4.338</cell>
 <cell></cell>
 <cell>4.338</cell>
 <cell></cell>
</row>
<row>
 <cell>Path 5</cell>
 <cell>PADDR_in[3]</cell>
 <cell>PRDATA_in[0]</cell>
 <cell>4.303</cell>
 <cell></cell>
 <cell>4.303</cell>
 <cell></cell>
</row>
</table>
<text></text>
<section><name>Expanded Path 1</name></section>
<table>
<header>
 <cell>Pin Name</cell>
 <cell>Type</cell>
 <cell>Net Name</cell>
 <cell>Cell Name</cell>
 <cell>Op</cell>
 <cell>Delay (ns)</cell>
 <cell>Total (ns)</cell>
 <cell>Fanout</cell>
 <cell>Edge</cell>
</header>
<row>
 <cell>From: PADDR_in[11]</cell>
 <cell></cell>
 <cell></cell>
 <cell></cell>
 <cell></cell>
 <cell></cell>
 <cell></cell>
 <cell></cell>
 <cell></cell>
</row>
<row>
 <cell>To: PRDATA_in[2]</cell>
 <cell></cell>
 <cell></cell>
 <cell></cell>
 <cell></cell>
 <cell></cell>
 <cell></cell>
 <cell></cell>
 <cell></cell>
</row>
<row>
 <cell>data required time</cell>
 <cell></cell>
 <cell></cell>
 <cell></cell>
 <cell></cell>
 <cell></cell>
 <cell>N/C</cell>
 <cell></cell>
 <cell></cell>
</row>
<row>
 <cell>data arrival time</cell>
 <cell></cell>
 <cell></cell>
 <cell></cell>
 <cell>-</cell>
 <cell></cell>
 <cell>4.338</cell>
 <cell></cell>
 <cell></cell>
</row>
<row>
 <cell>slack</cell>
 <cell></cell>
 <cell></cell>
 <cell></cell>
 <cell></cell>
 <cell></cell>
 <cell>N/C</cell>
 <cell></cell>
 <cell></cell>
</row>
<row>
</row>
<row>
 <cell>Data arrival time calculation</cell>
 <cell></cell>
 <cell></cell>
 <cell></cell>
 <cell></cell>
 <cell></cell>
 <cell></cell>
 <cell></cell>
 <cell></cell>
</row>
<row>
 <cell>PADDR_in[11]</cell>
 <cell></cell>
 <cell></cell>
 <cell></cell>
 <cell></cell>
 <cell>0.000</cell>
 <cell>0.000</cell>
 <cell></cell>
 <cell>r</cell>
</row>
<row>
 <cell>BLOCK_INTERFACE_I_PADDR_in[11]:A</cell>
 <cell>net</cell>
 <cell>I_NET_PADDR_in[11]</cell>
 <cell></cell>
 <cell>+</cell>
 <cell>0.000</cell>
 <cell>0.000</cell>
 <cell></cell>
 <cell>r</cell>
</row>
<row>
 <cell>BLOCK_INTERFACE_I_PADDR_in[11]:Y</cell>
 <cell>cell</cell>
 <cell></cell>
 <cell>ADLIB:CFG1</cell>
 <cell>+</cell>
 <cell>0.064</cell>
 <cell>0.064</cell>
 <cell>1</cell>
 <cell>r</cell>
</row>
<row>
 <cell>APB3_Bus_0/APB3_Bus_0/iPSELS_raw_2[0]:B</cell>
 <cell>net</cell>
 <cell>PADDR_in[11]</cell>
 <cell></cell>
 <cell>+</cell>
 <cell>0.698</cell>
 <cell>0.762</cell>
 <cell></cell>
 <cell>r</cell>
</row>
<row>
 <cell>APB3_Bus_0/APB3_Bus_0/iPSELS_raw_2[0]:Y</cell>
 <cell>cell</cell>
 <cell></cell>
 <cell>ADLIB:CFG2</cell>
 <cell>+</cell>
 <cell>0.109</cell>
 <cell>0.871</cell>
 <cell>2</cell>
 <cell>f</cell>
</row>
<row>
 <cell>APB3_Bus_0/APB3_Bus_0/iPSELS_raw[1]:D</cell>
 <cell>net</cell>
 <cell>APB3_Bus_0/APB3_Bus_0/APB3_Bus_0_APBmslave0_PSELx_i_2</cell>
 <cell></cell>
 <cell>+</cell>
 <cell>0.704</cell>
 <cell>1.575</cell>
 <cell></cell>
 <cell>f</cell>
</row>
<row>
 <cell>APB3_Bus_0/APB3_Bus_0/iPSELS_raw[1]:Y</cell>
 <cell>cell</cell>
 <cell></cell>
 <cell>ADLIB:CFG4</cell>
 <cell>+</cell>
 <cell>0.226</cell>
 <cell>1.801</cell>
 <cell>7</cell>
 <cell>f</cell>
</row>
<row>
 <cell>APB3_Bus_0/APB3_Bus_0/u_mux_p_to_b3/iPRDATA_0_sqmuxa_0_a2:B</cell>
 <cell>net</cell>
 <cell>APB3_Bus_0_APBmslave1_PSELx</cell>
 <cell></cell>
 <cell>+</cell>
 <cell>0.733</cell>
 <cell>2.534</cell>
 <cell></cell>
 <cell>f</cell>
</row>
<row>
 <cell>APB3_Bus_0/APB3_Bus_0/u_mux_p_to_b3/iPRDATA_0_sqmuxa_0_a2:Y</cell>
 <cell>cell</cell>
 <cell></cell>
 <cell>ADLIB:CFG2</cell>
 <cell>+</cell>
 <cell>0.103</cell>
 <cell>2.637</cell>
 <cell>4</cell>
 <cell>r</cell>
</row>
<row>
 <cell>APB3_Bus_0/APB3_Bus_0/u_mux_p_to_b3/PRDATA_1[2]:D</cell>
 <cell>net</cell>
 <cell>APB3_Bus_0/APB3_Bus_0/u_mux_p_to_b3/iPRDATA_0_sqmuxa</cell>
 <cell></cell>
 <cell>+</cell>
 <cell>0.715</cell>
 <cell>3.352</cell>
 <cell></cell>
 <cell>r</cell>
</row>
<row>
 <cell>APB3_Bus_0/APB3_Bus_0/u_mux_p_to_b3/PRDATA_1[2]:Y</cell>
 <cell>cell</cell>
 <cell></cell>
 <cell>ADLIB:CFG4</cell>
 <cell>+</cell>
 <cell>0.224</cell>
 <cell>3.576</cell>
 <cell>1</cell>
 <cell>r</cell>
</row>
<row>
 <cell>BLOCK_INTERFACE_I_PRDATA_in[2]:A</cell>
 <cell>net</cell>
 <cell>PRDATA_in[2]</cell>
 <cell></cell>
 <cell>+</cell>
 <cell>0.698</cell>
 <cell>4.274</cell>
 <cell></cell>
 <cell>r</cell>
</row>
<row>
 <cell>BLOCK_INTERFACE_I_PRDATA_in[2]:Y</cell>
 <cell>cell</cell>
 <cell></cell>
 <cell>ADLIB:CFG1</cell>
 <cell>+</cell>
 <cell>0.064</cell>
 <cell>4.338</cell>
 <cell>0</cell>
 <cell>r</cell>
</row>
<row>
 <cell>PRDATA_in[2]</cell>
 <cell>net</cell>
 <cell>I_NET_PRDATA_in[2]</cell>
 <cell></cell>
 <cell>+</cell>
 <cell>0.000</cell>
 <cell>4.338</cell>
 <cell></cell>
 <cell>r</cell>
</row>
<row>
 <cell>data arrival time</cell>
 <cell></cell>
 <cell></cell>
 <cell></cell>
 <cell></cell>
 <cell></cell>
 <cell>4.338</cell>
 <cell></cell>
 <cell></cell>
</row>
<row>
</row>
<row>
 <cell>Data required time calculation</cell>
 <cell></cell>
 <cell></cell>
 <cell></cell>
 <cell></cell>
 <cell></cell>
 <cell></cell>
 <cell></cell>
 <cell></cell>
</row>
<row>
 <cell>PADDR_in[11]</cell>
 <cell></cell>
 <cell></cell>
 <cell></cell>
 <cell></cell>
 <cell>N/C</cell>
 <cell>N/C</cell>
 <cell></cell>
 <cell>r</cell>
</row>
<row>
 <cell>PRDATA_in[2]</cell>
 <cell></cell>
 <cell></cell>
 <cell></cell>
 <cell></cell>
 <cell></cell>
 <cell>N/C</cell>
 <cell></cell>
 <cell>r</cell>
</row>
<row>
 <cell>data required time</cell>
 <cell></cell>
 <cell></cell>
 <cell></cell>
 <cell></cell>
 <cell></cell>
 <cell>N/C</cell>
 <cell></cell>
 <cell></cell>
</row>
<row>
</row>
</table>
</section>
</section>
<section>
<name>Path Set User Sets</name>
</section>
</doc>
