<?xml version="1.0" encoding="UTF-8" standalone="no" ?>
<?xml-stylesheet href="rptstyle.xsl" type="text/xsl" ?>
<doc>
<title>Timing Report Max Delay Analysis
</title>
<text>SmartTime Version 12.200.10.15</text>
<text>Microsemi Corporation - Microsemi Libero Software Release PolarFire v2.1 (Version 12.200.10.15)</text>
<text>Date: Tue Jun 05 10:51:56 2018
</text>
<table>
<header>
</header>
<row>
 <cell>Design</cell>
 <cell>MCP9303_Interface</cell>
</row>
<row>
 <cell>Family</cell>
 <cell>PolarFire</cell>
</row>
<row>
 <cell>Die</cell>
 <cell>MPF300TS_ES</cell>
</row>
<row>
 <cell>Package</cell>
 <cell>FCG484</cell>
</row>
<row>
 <cell>Temperature Range</cell>
 <cell>0 - 100 C</cell>
</row>
<row>
 <cell>Voltage Range</cell>
 <cell>0.97 - 1.03 V</cell>
</row>
<row>
 <cell>Speed Grade</cell>
 <cell>-1</cell>
</row>
<row>
 <cell>Design State</cell>
 <cell>Pre-Layout</cell>
</row>
<row>
 <cell>Data source</cell>
 <cell></cell>
</row>
<row>
 <cell>Operating Conditions</cell>
 <cell>slow_lv_ht</cell>
</row>
<row>
 <cell>Scenario for Timing Analysis</cell>
 <cell>Primary</cell>
</row>
</table>
<text></text>
<section>
<name>Summary</name>
<table>
<header>
 <cell>Clock Domain</cell>
 <cell>Period (ns)</cell>
 <cell>Frequency (MHz)</cell>
 <cell>Required Period (ns)</cell>
 <cell>Required Frequency (MHz)</cell>
 <cell>External Setup (ns)</cell>
 <cell>Max Clock-To-Out (ns)</cell>
</header>
<row>
 <cell>PCLK</cell>
 <cell>7.242</cell>
 <cell>138.083</cell>
 <cell>N/A</cell>
 <cell>N/A</cell>
 <cell>7.824</cell>
 <cell>7.802</cell>
</row>
</table>
<text></text>
<table>
<header>
 <cell></cell>
 <cell>Min Delay (ns)</cell>
 <cell>Max Delay (ns)</cell>
</header>
<row>
 <cell>Input to Output</cell>
 <cell>8.644</cell>
</row>
</table>
</section>
<section>
<name>Clock Domain PCLK</name>
<text></text>
<section>
<name>SET Register to Register</name>
<table>
<header>
 <cell/>
 <cell>From</cell>
 <cell>To</cell>
 <cell>Delay (ns)</cell>
 <cell>Slack (ns)</cell>
 <cell>Arrival (ns)</cell>
 <cell>Required (ns)</cell>
 <cell>Setup (ns)</cell>
 <cell>Minimum Period (ns)</cell>
</header>
<row>
 <cell>Path 1</cell>
 <cell>SPI_Data_0/SPI_Data_0/USPI/URF/control1[1]:CLK</cell>
 <cell>SPI_Data_0/SPI_Data_0/USPI/UCC/mtx_bitsel[3]:D</cell>
 <cell>7.242</cell>
 <cell></cell>
 <cell>8.255</cell>
 <cell></cell>
 <cell>0.000</cell>
 <cell>7.242</cell>
</row>
<row>
 <cell>Path 2</cell>
 <cell>SPI_Data_0/SPI_Data_0/USPI/URF/control1[0]:CLK</cell>
 <cell>SPI_Data_0/SPI_Data_0/USPI/UCC/mtx_bitsel[3]:D</cell>
 <cell>7.214</cell>
 <cell></cell>
 <cell>8.227</cell>
 <cell></cell>
 <cell>0.000</cell>
 <cell>7.214</cell>
</row>
<row>
 <cell>Path 3</cell>
 <cell>SPI_Data_0/SPI_Data_0/USPI/URF/control1[1]:CLK</cell>
 <cell>SPI_Data_0/SPI_Data_0/USPI/UCC/mtx_bitsel[2]:D</cell>
 <cell>7.206</cell>
 <cell></cell>
 <cell>8.219</cell>
 <cell></cell>
 <cell>0.000</cell>
 <cell>7.206</cell>
</row>
<row>
 <cell>Path 4</cell>
 <cell>SPI_Data_0/SPI_Data_0/USPI/URF/control1[0]:CLK</cell>
 <cell>SPI_Data_0/SPI_Data_0/USPI/UCC/mtx_bitsel[2]:D</cell>
 <cell>7.178</cell>
 <cell></cell>
 <cell>8.191</cell>
 <cell></cell>
 <cell>0.000</cell>
 <cell>7.178</cell>
</row>
<row>
 <cell>Path 5</cell>
 <cell>SPI_Data_0/SPI_Data_0/USPI/URF/control1[1]:CLK</cell>
 <cell>SPI_Data_0/SPI_Data_0/USPI/UCC/mtx_bitsel[0]:D</cell>
 <cell>7.153</cell>
 <cell></cell>
 <cell>8.166</cell>
 <cell></cell>
 <cell>0.000</cell>
 <cell>7.153</cell>
</row>
</table>
<text></text>
<section><name>Expanded Path 1</name></section>
<table>
<header>
 <cell>Pin Name</cell>
 <cell>Type</cell>
 <cell>Net Name</cell>
 <cell>Cell Name</cell>
 <cell>Op</cell>
 <cell>Delay (ns)</cell>
 <cell>Total (ns)</cell>
 <cell>Fanout</cell>
 <cell>Edge</cell>
</header>
<row>
 <cell>From: SPI_Data_0/SPI_Data_0/USPI/URF/control1[1]:CLK</cell>
 <cell></cell>
 <cell></cell>
 <cell></cell>
 <cell></cell>
 <cell></cell>
 <cell></cell>
 <cell></cell>
 <cell></cell>
</row>
<row>
 <cell>To: SPI_Data_0/SPI_Data_0/USPI/UCC/mtx_bitsel[3]:D</cell>
 <cell></cell>
 <cell></cell>
 <cell></cell>
 <cell></cell>
 <cell></cell>
 <cell></cell>
 <cell></cell>
 <cell></cell>
</row>
<row>
 <cell>data required time</cell>
 <cell></cell>
 <cell></cell>
 <cell></cell>
 <cell></cell>
 <cell></cell>
 <cell>N/C</cell>
 <cell></cell>
 <cell></cell>
</row>
<row>
 <cell>data arrival time</cell>
 <cell></cell>
 <cell></cell>
 <cell></cell>
 <cell>-</cell>
 <cell></cell>
 <cell>8.255</cell>
 <cell></cell>
 <cell></cell>
</row>
<row>
 <cell>slack</cell>
 <cell></cell>
 <cell></cell>
 <cell></cell>
 <cell></cell>
 <cell></cell>
 <cell>N/C</cell>
 <cell></cell>
 <cell></cell>
</row>
<row>
</row>
<row>
 <cell>Data arrival time calculation</cell>
 <cell></cell>
 <cell></cell>
 <cell></cell>
 <cell></cell>
 <cell></cell>
 <cell></cell>
 <cell></cell>
 <cell></cell>
</row>
<row>
 <cell>PCLK</cell>
 <cell></cell>
 <cell></cell>
 <cell></cell>
 <cell></cell>
 <cell>0.000</cell>
 <cell>0.000</cell>
 <cell></cell>
 <cell></cell>
</row>
<row>
 <cell>PCLK</cell>
 <cell>Clock source</cell>
 <cell></cell>
 <cell></cell>
 <cell>+</cell>
 <cell>0.000</cell>
 <cell>0.000</cell>
 <cell></cell>
 <cell>r</cell>
</row>
<row>
 <cell>BLOCK_INTERFACE_I_PCLK:A</cell>
 <cell>net</cell>
 <cell>I_NET_PCLK</cell>
 <cell></cell>
 <cell>+</cell>
 <cell>0.000</cell>
 <cell>0.000</cell>
 <cell></cell>
 <cell>r</cell>
</row>
<row>
 <cell>BLOCK_INTERFACE_I_PCLK:Y</cell>
 <cell>cell</cell>
 <cell></cell>
 <cell>ADLIB:CFG1</cell>
 <cell>+</cell>
 <cell>0.064</cell>
 <cell>0.064</cell>
 <cell>1</cell>
 <cell>r</cell>
</row>
<row>
 <cell>PCLK_RNIAB1A:A</cell>
 <cell>net</cell>
 <cell>PCLK</cell>
 <cell></cell>
 <cell>+</cell>
 <cell>0.698</cell>
 <cell>0.762</cell>
 <cell></cell>
 <cell>r</cell>
</row>
<row>
 <cell>PCLK_RNIAB1A:Y</cell>
 <cell>cell</cell>
 <cell></cell>
 <cell>ADLIB:GB</cell>
 <cell>+</cell>
 <cell>0.175</cell>
 <cell>0.937</cell>
 <cell>1</cell>
 <cell>r</cell>
</row>
<row>
 <cell>PCLK_RNIAB1A/U0_RGB1:A</cell>
 <cell>net</cell>
 <cell>PCLK_RNIAB1A/U0_Y</cell>
 <cell></cell>
 <cell>+</cell>
 <cell>0.000</cell>
 <cell>0.937</cell>
 <cell></cell>
 <cell>r</cell>
</row>
<row>
 <cell>PCLK_RNIAB1A/U0_RGB1:Y</cell>
 <cell>cell</cell>
 <cell></cell>
 <cell>ADLIB:RGB</cell>
 <cell>+</cell>
 <cell>0.076</cell>
 <cell>1.013</cell>
 <cell>195</cell>
 <cell>f</cell>
</row>
<row>
 <cell>SPI_Data_0/SPI_Data_0/USPI/URF/control1[1]:CLK</cell>
 <cell>net</cell>
 <cell>NN_1</cell>
 <cell></cell>
 <cell>+</cell>
 <cell>0.000</cell>
 <cell>1.013</cell>
 <cell></cell>
 <cell>r</cell>
</row>
<row>
 <cell>SPI_Data_0/SPI_Data_0/USPI/URF/control1[1]:Q</cell>
 <cell>cell</cell>
 <cell></cell>
 <cell>ADLIB:SLE</cell>
 <cell>+</cell>
 <cell>0.203</cell>
 <cell>1.216</cell>
 <cell>17</cell>
 <cell>r</cell>
</row>
<row>
 <cell>SPI_Data_0/SPI_Data_0/USPI/UCC/un1_cfg_enable:A</cell>
 <cell>net</cell>
 <cell>SPI_Data_0/SPI_Data_0/USPI/SPIMODE</cell>
 <cell></cell>
 <cell>+</cell>
 <cell>0.792</cell>
 <cell>2.008</cell>
 <cell></cell>
 <cell>r</cell>
</row>
<row>
 <cell>SPI_Data_0/SPI_Data_0/USPI/UCC/un1_cfg_enable:Y</cell>
 <cell>cell</cell>
 <cell></cell>
 <cell>ADLIB:CFG2</cell>
 <cell>+</cell>
 <cell>0.064</cell>
 <cell>2.072</cell>
 <cell>17</cell>
 <cell>r</cell>
</row>
<row>
 <cell>SPI_Data_0/SPI_Data_0/USPI/UCC/mtx_pktsel_0_sqmuxa:C</cell>
 <cell>net</cell>
 <cell>SPI_Data_0/SPI_Data_0/USPI/UCC/un1_cfg_enable_i</cell>
 <cell></cell>
 <cell>+</cell>
 <cell>0.792</cell>
 <cell>2.864</cell>
 <cell></cell>
 <cell>r</cell>
</row>
<row>
 <cell>SPI_Data_0/SPI_Data_0/USPI/UCC/mtx_pktsel_0_sqmuxa:Y</cell>
 <cell>cell</cell>
 <cell></cell>
 <cell>ADLIB:CFG4</cell>
 <cell>+</cell>
 <cell>0.179</cell>
 <cell>3.043</cell>
 <cell>4</cell>
 <cell>r</cell>
</row>
<row>
 <cell>SPI_Data_0/SPI_Data_0/USPI/UCC/mtx_state_1_sqmuxa:A</cell>
 <cell>net</cell>
 <cell>SPI_Data_0/SPI_Data_0/USPI/UCC/mtx_pktsel_0_sqmuxa_Z</cell>
 <cell></cell>
 <cell>+</cell>
 <cell>0.715</cell>
 <cell>3.758</cell>
 <cell></cell>
 <cell>r</cell>
</row>
<row>
 <cell>SPI_Data_0/SPI_Data_0/USPI/UCC/mtx_state_1_sqmuxa:Y</cell>
 <cell>cell</cell>
 <cell></cell>
 <cell>ADLIB:CFG2</cell>
 <cell>+</cell>
 <cell>0.064</cell>
 <cell>3.822</cell>
 <cell>3</cell>
 <cell>r</cell>
</row>
<row>
 <cell>SPI_Data_0/SPI_Data_0/USPI/UCC/un1_mtx_bitsel_0_sqmuxa_2:B</cell>
 <cell>net</cell>
 <cell>SPI_Data_0/SPI_Data_0/USPI/UCC/mtx_state_1_sqmuxa_Z</cell>
 <cell></cell>
 <cell>+</cell>
 <cell>0.710</cell>
 <cell>4.532</cell>
 <cell></cell>
 <cell>r</cell>
</row>
<row>
 <cell>SPI_Data_0/SPI_Data_0/USPI/UCC/un1_mtx_bitsel_0_sqmuxa_2:Y</cell>
 <cell>cell</cell>
 <cell></cell>
 <cell>ADLIB:CFG4</cell>
 <cell>+</cell>
 <cell>0.101</cell>
 <cell>4.633</cell>
 <cell>8</cell>
 <cell>r</cell>
</row>
<row>
 <cell>SPI_Data_0/SPI_Data_0/USPI/UCC/un1_sresetn_16_0:D</cell>
 <cell>net</cell>
 <cell>SPI_Data_0/SPI_Data_0/USPI/UCC/un1_mtx_bitsel_0_sqmuxa_2_Z</cell>
 <cell></cell>
 <cell>+</cell>
 <cell>0.739</cell>
 <cell>5.372</cell>
 <cell></cell>
 <cell>r</cell>
</row>
<row>
 <cell>SPI_Data_0/SPI_Data_0/USPI/UCC/un1_sresetn_16_0:Y</cell>
 <cell>cell</cell>
 <cell></cell>
 <cell>ADLIB:CFG4</cell>
 <cell>+</cell>
 <cell>0.278</cell>
 <cell>5.650</cell>
 <cell>1</cell>
 <cell>f</cell>
</row>
<row>
 <cell>SPI_Data_0/SPI_Data_0/USPI/UCC/un1_sresetn_16:D</cell>
 <cell>net</cell>
 <cell>SPI_Data_0/SPI_Data_0/USPI/UCC/un1_sresetn_16_0_Z</cell>
 <cell></cell>
 <cell>+</cell>
 <cell>0.698</cell>
 <cell>6.348</cell>
 <cell></cell>
 <cell>f</cell>
</row>
<row>
 <cell>SPI_Data_0/SPI_Data_0/USPI/UCC/un1_sresetn_16:Y</cell>
 <cell>cell</cell>
 <cell></cell>
 <cell>ADLIB:CFG4</cell>
 <cell>+</cell>
 <cell>0.226</cell>
 <cell>6.574</cell>
 <cell>5</cell>
 <cell>f</cell>
</row>
<row>
 <cell>SPI_Data_0/SPI_Data_0/USPI/UCC/mtx_bitsel_10[3]:D</cell>
 <cell>net</cell>
 <cell>SPI_Data_0/SPI_Data_0/USPI/UCC/un1_sresetn_16_Z</cell>
 <cell></cell>
 <cell>+</cell>
 <cell>0.721</cell>
 <cell>7.295</cell>
 <cell></cell>
 <cell>f</cell>
</row>
<row>
 <cell>SPI_Data_0/SPI_Data_0/USPI/UCC/mtx_bitsel_10[3]:Y</cell>
 <cell>cell</cell>
 <cell></cell>
 <cell>ADLIB:CFG4</cell>
 <cell>+</cell>
 <cell>0.262</cell>
 <cell>7.557</cell>
 <cell>1</cell>
 <cell>r</cell>
</row>
<row>
 <cell>SPI_Data_0/SPI_Data_0/USPI/UCC/mtx_bitsel[3]:D</cell>
 <cell>net</cell>
 <cell>SPI_Data_0/SPI_Data_0/USPI/UCC/mtx_bitsel_10[3]</cell>
 <cell></cell>
 <cell>+</cell>
 <cell>0.698</cell>
 <cell>8.255</cell>
 <cell></cell>
 <cell>r</cell>
</row>
<row>
 <cell>data arrival time</cell>
 <cell></cell>
 <cell></cell>
 <cell></cell>
 <cell></cell>
 <cell></cell>
 <cell>8.255</cell>
 <cell></cell>
 <cell></cell>
</row>
<row>
</row>
<row>
 <cell>Data required time calculation</cell>
 <cell></cell>
 <cell></cell>
 <cell></cell>
 <cell></cell>
 <cell></cell>
 <cell></cell>
 <cell></cell>
 <cell></cell>
</row>
<row>
 <cell>PCLK</cell>
 <cell></cell>
 <cell></cell>
 <cell></cell>
 <cell></cell>
 <cell>N/C</cell>
 <cell>N/C</cell>
 <cell></cell>
 <cell></cell>
</row>
<row>
 <cell>PCLK</cell>
 <cell>Clock source</cell>
 <cell></cell>
 <cell></cell>
 <cell>+</cell>
 <cell>0.000</cell>
 <cell>N/C</cell>
 <cell></cell>
 <cell>r</cell>
</row>
<row>
 <cell>BLOCK_INTERFACE_I_PCLK:A</cell>
 <cell>net</cell>
 <cell>I_NET_PCLK</cell>
 <cell></cell>
 <cell>+</cell>
 <cell>0.000</cell>
 <cell>N/C</cell>
 <cell></cell>
 <cell>r</cell>
</row>
<row>
 <cell>BLOCK_INTERFACE_I_PCLK:Y</cell>
 <cell>cell</cell>
 <cell></cell>
 <cell>ADLIB:CFG1</cell>
 <cell>+</cell>
 <cell>0.052</cell>
 <cell>N/C</cell>
 <cell>1</cell>
 <cell>r</cell>
</row>
<row>
 <cell>PCLK_RNIAB1A:A</cell>
 <cell>net</cell>
 <cell>PCLK</cell>
 <cell></cell>
 <cell>+</cell>
 <cell>0.596</cell>
 <cell>N/C</cell>
 <cell></cell>
 <cell>r</cell>
</row>
<row>
 <cell>PCLK_RNIAB1A:Y</cell>
 <cell>cell</cell>
 <cell></cell>
 <cell>ADLIB:GB</cell>
 <cell>+</cell>
 <cell>0.153</cell>
 <cell>N/C</cell>
 <cell>1</cell>
 <cell>r</cell>
</row>
<row>
 <cell>PCLK_RNIAB1A/U0_RGB1:A</cell>
 <cell>net</cell>
 <cell>PCLK_RNIAB1A/U0_Y</cell>
 <cell></cell>
 <cell>+</cell>
 <cell>0.000</cell>
 <cell>N/C</cell>
 <cell></cell>
 <cell>r</cell>
</row>
<row>
 <cell>PCLK_RNIAB1A/U0_RGB1:Y</cell>
 <cell>cell</cell>
 <cell></cell>
 <cell>ADLIB:RGB</cell>
 <cell>+</cell>
 <cell>0.066</cell>
 <cell>N/C</cell>
 <cell>195</cell>
 <cell>f</cell>
</row>
<row>
 <cell>SPI_Data_0/SPI_Data_0/USPI/UCC/mtx_bitsel[3]:CLK</cell>
 <cell>net</cell>
 <cell>NN_1</cell>
 <cell></cell>
 <cell>+</cell>
 <cell>0.000</cell>
 <cell>N/C</cell>
 <cell></cell>
 <cell>r</cell>
</row>
<row>
 <cell>clock reconvergence pessimism</cell>
 <cell></cell>
 <cell></cell>
 <cell></cell>
 <cell>+</cell>
 <cell>0.146</cell>
 <cell>N/C</cell>
 <cell></cell>
 <cell></cell>
</row>
<row>
 <cell>SPI_Data_0/SPI_Data_0/USPI/UCC/mtx_bitsel[3]:D</cell>
 <cell>Library setup time</cell>
 <cell></cell>
 <cell>ADLIB:SLE</cell>
 <cell>-</cell>
 <cell>0.000</cell>
 <cell>N/C</cell>
 <cell></cell>
 <cell></cell>
</row>
<row>
</row>
</table>
</section>
<section>
<name>SET External Setup</name>
<table>
<header>
 <cell/>
 <cell>From</cell>
 <cell>To</cell>
 <cell>Delay (ns)</cell>
 <cell>Slack (ns)</cell>
 <cell>Arrival (ns)</cell>
 <cell>Required (ns)</cell>
 <cell>Setup (ns)</cell>
 <cell>External Setup (ns)</cell>
</header>
<row>
 <cell>Path 1</cell>
 <cell>PADDR_in[9]</cell>
 <cell>SPI_Data_0/SPI_Data_0/USPI/UTXF/empty_out:D</cell>
 <cell>8.691</cell>
 <cell></cell>
 <cell>8.691</cell>
 <cell></cell>
 <cell>0.000</cell>
 <cell>7.824</cell>
</row>
<row>
 <cell>Path 2</cell>
 <cell>PADDR_in[9]</cell>
 <cell>SPI_Data_0/SPI_Data_0/USPI/UTXF/full_out:D</cell>
 <cell>8.649</cell>
 <cell></cell>
 <cell>8.649</cell>
 <cell></cell>
 <cell>0.000</cell>
 <cell>7.782</cell>
</row>
<row>
 <cell>Path 3</cell>
 <cell>PADDR_in[10]</cell>
 <cell>SPI_Data_0/SPI_Data_0/USPI/UTXF/empty_out:D</cell>
 <cell>8.574</cell>
 <cell></cell>
 <cell>8.574</cell>
 <cell></cell>
 <cell>0.000</cell>
 <cell>7.707</cell>
</row>
<row>
 <cell>Path 4</cell>
 <cell>PADDR_in[10]</cell>
 <cell>SPI_Data_0/SPI_Data_0/USPI/UTXF/full_out:D</cell>
 <cell>8.532</cell>
 <cell></cell>
 <cell>8.532</cell>
 <cell></cell>
 <cell>0.000</cell>
 <cell>7.665</cell>
</row>
<row>
 <cell>Path 5</cell>
 <cell>PADDR_in[11]</cell>
 <cell>SPI_Data_0/SPI_Data_0/USPI/UTXF/empty_out:D</cell>
 <cell>8.522</cell>
 <cell></cell>
 <cell>8.522</cell>
 <cell></cell>
 <cell>0.000</cell>
 <cell>7.655</cell>
</row>
</table>
<text></text>
<section><name>Expanded Path 1</name></section>
<table>
<header>
 <cell>Pin Name</cell>
 <cell>Type</cell>
 <cell>Net Name</cell>
 <cell>Cell Name</cell>
 <cell>Op</cell>
 <cell>Delay (ns)</cell>
 <cell>Total (ns)</cell>
 <cell>Fanout</cell>
 <cell>Edge</cell>
</header>
<row>
 <cell>From: PADDR_in[9]</cell>
 <cell></cell>
 <cell></cell>
 <cell></cell>
 <cell></cell>
 <cell></cell>
 <cell></cell>
 <cell></cell>
 <cell></cell>
</row>
<row>
 <cell>To: SPI_Data_0/SPI_Data_0/USPI/UTXF/empty_out:D</cell>
 <cell></cell>
 <cell></cell>
 <cell></cell>
 <cell></cell>
 <cell></cell>
 <cell></cell>
 <cell></cell>
 <cell></cell>
</row>
<row>
 <cell>data required time</cell>
 <cell></cell>
 <cell></cell>
 <cell></cell>
 <cell></cell>
 <cell></cell>
 <cell>N/C</cell>
 <cell></cell>
 <cell></cell>
</row>
<row>
 <cell>data arrival time</cell>
 <cell></cell>
 <cell></cell>
 <cell></cell>
 <cell>-</cell>
 <cell></cell>
 <cell>8.691</cell>
 <cell></cell>
 <cell></cell>
</row>
<row>
 <cell>slack</cell>
 <cell></cell>
 <cell></cell>
 <cell></cell>
 <cell></cell>
 <cell></cell>
 <cell>N/C</cell>
 <cell></cell>
 <cell></cell>
</row>
<row>
</row>
<row>
 <cell>Data arrival time calculation</cell>
 <cell></cell>
 <cell></cell>
 <cell></cell>
 <cell></cell>
 <cell></cell>
 <cell></cell>
 <cell></cell>
 <cell></cell>
</row>
<row>
 <cell>PADDR_in[9]</cell>
 <cell></cell>
 <cell></cell>
 <cell></cell>
 <cell></cell>
 <cell>0.000</cell>
 <cell>0.000</cell>
 <cell></cell>
 <cell>r</cell>
</row>
<row>
 <cell>BLOCK_INTERFACE_I_PADDR_in[9]:A</cell>
 <cell>net</cell>
 <cell>I_NET_PADDR_in[9]</cell>
 <cell></cell>
 <cell>+</cell>
 <cell>0.000</cell>
 <cell>0.000</cell>
 <cell></cell>
 <cell>r</cell>
</row>
<row>
 <cell>BLOCK_INTERFACE_I_PADDR_in[9]:Y</cell>
 <cell>cell</cell>
 <cell></cell>
 <cell>ADLIB:CFG1</cell>
 <cell>+</cell>
 <cell>0.064</cell>
 <cell>0.064</cell>
 <cell>1</cell>
 <cell>r</cell>
</row>
<row>
 <cell>APB3_Bus_0/APB3_Bus_0/m3_e:D</cell>
 <cell>net</cell>
 <cell>PADDR_in[9]</cell>
 <cell></cell>
 <cell>+</cell>
 <cell>0.698</cell>
 <cell>0.762</cell>
 <cell></cell>
 <cell>r</cell>
</row>
<row>
 <cell>APB3_Bus_0/APB3_Bus_0/m3_e:Y</cell>
 <cell>cell</cell>
 <cell></cell>
 <cell>ADLIB:CFG4</cell>
 <cell>+</cell>
 <cell>0.278</cell>
 <cell>1.040</cell>
 <cell>2</cell>
 <cell>f</cell>
</row>
<row>
 <cell>APB3_Bus_0/APB3_Bus_0/m4:A</cell>
 <cell>net</cell>
 <cell>APB3_Bus_0/APB3_Bus_0/N_9_mux</cell>
 <cell></cell>
 <cell>+</cell>
 <cell>0.704</cell>
 <cell>1.744</cell>
 <cell></cell>
 <cell>f</cell>
</row>
<row>
 <cell>APB3_Bus_0/APB3_Bus_0/m4:Y</cell>
 <cell>cell</cell>
 <cell></cell>
 <cell>ADLIB:CFG2</cell>
 <cell>+</cell>
 <cell>0.060</cell>
 <cell>1.804</cell>
 <cell>8</cell>
 <cell>f</cell>
</row>
<row>
 <cell>SPI_Data_0/SPI_Data_0/USPI/UCON/tx_fifo_write_sig16:A</cell>
 <cell>net</cell>
 <cell>APB3_Bus_0_APBmslave0_PSELx</cell>
 <cell></cell>
 <cell>+</cell>
 <cell>0.739</cell>
 <cell>2.543</cell>
 <cell></cell>
 <cell>f</cell>
</row>
<row>
 <cell>SPI_Data_0/SPI_Data_0/USPI/UCON/tx_fifo_write_sig16:Y</cell>
 <cell>cell</cell>
 <cell></cell>
 <cell>ADLIB:CFG2</cell>
 <cell>+</cell>
 <cell>0.060</cell>
 <cell>2.603</cell>
 <cell>4</cell>
 <cell>f</cell>
</row>
<row>
 <cell>SPI_Data_0/SPI_Data_0/USPI/UCON/tx_fifo_write_iv_i:B</cell>
 <cell>net</cell>
 <cell>SPI_Data_0/SPI_Data_0/USPI/prdata_1</cell>
 <cell></cell>
 <cell>+</cell>
 <cell>0.715</cell>
 <cell>3.318</cell>
 <cell></cell>
 <cell>f</cell>
</row>
<row>
 <cell>SPI_Data_0/SPI_Data_0/USPI/UCON/tx_fifo_write_iv_i:Y</cell>
 <cell>cell</cell>
 <cell></cell>
 <cell>ADLIB:CFG4</cell>
 <cell>+</cell>
 <cell>0.099</cell>
 <cell>3.417</cell>
 <cell>4</cell>
 <cell>f</cell>
</row>
<row>
 <cell>SPI_Data_0/SPI_Data_0/USPI/UTXF/full_out_RNI5I8O:D</cell>
 <cell>net</cell>
 <cell>SPI_Data_0/SPI_Data_0/USPI/N_28</cell>
 <cell></cell>
 <cell>+</cell>
 <cell>0.715</cell>
 <cell>4.132</cell>
 <cell></cell>
 <cell>f</cell>
</row>
<row>
 <cell>SPI_Data_0/SPI_Data_0/USPI/UTXF/full_out_RNI5I8O:P</cell>
 <cell>cell</cell>
 <cell></cell>
 <cell>ADLIB:ARI1_CC</cell>
 <cell>+</cell>
 <cell>0.226</cell>
 <cell>4.358</cell>
 <cell>1</cell>
 <cell>f</cell>
</row>
<row>
 <cell>SPI_Data_0/SPI_Data_0/USPI/UTXF/full_out_RNI5I8O_CC_0:P[0]</cell>
 <cell>net</cell>
 <cell>NET_CC_CONFIG</cell>
 <cell></cell>
 <cell>+</cell>
 <cell>0.000</cell>
 <cell>4.358</cell>
 <cell></cell>
 <cell>f</cell>
</row>
<row>
 <cell>SPI_Data_0/SPI_Data_0/USPI/UTXF/full_out_RNI5I8O_CC_0:CC[3]</cell>
 <cell>cell</cell>
 <cell></cell>
 <cell>ADLIB:CC_CONFIG</cell>
 <cell>+</cell>
 <cell>0.401</cell>
 <cell>4.759</cell>
 <cell>1</cell>
 <cell>f</cell>
</row>
<row>
 <cell>SPI_Data_0/SPI_Data_0/USPI/UTXF/counter_q_RNI88EV[2]:CC</cell>
 <cell>net</cell>
 <cell>NET_CC_CONFIG14</cell>
 <cell></cell>
 <cell>+</cell>
 <cell>0.000</cell>
 <cell>4.759</cell>
 <cell></cell>
 <cell>f</cell>
</row>
<row>
 <cell>SPI_Data_0/SPI_Data_0/USPI/UTXF/counter_q_RNI88EV[2]:S</cell>
 <cell>cell</cell>
 <cell></cell>
 <cell>ADLIB:ARI1_CC</cell>
 <cell>+</cell>
 <cell>0.057</cell>
 <cell>4.816</cell>
 <cell>1</cell>
 <cell>f</cell>
</row>
<row>
 <cell>SPI_Data_0/SPI_Data_0/USPI/UTXF/counter_q_RNI9JDD4[2]:D</cell>
 <cell>net</cell>
 <cell>SPI_Data_0/SPI_Data_0/USPI/UTXF/un1_counter_q0[2]</cell>
 <cell></cell>
 <cell>+</cell>
 <cell>0.698</cell>
 <cell>5.514</cell>
 <cell></cell>
 <cell>f</cell>
</row>
<row>
 <cell>SPI_Data_0/SPI_Data_0/USPI/UTXF/counter_q_RNI9JDD4[2]:P</cell>
 <cell>cell</cell>
 <cell></cell>
 <cell>ADLIB:ARI1_CC</cell>
 <cell>+</cell>
 <cell>0.226</cell>
 <cell>5.740</cell>
 <cell>1</cell>
 <cell>f</cell>
</row>
<row>
 <cell>SPI_Data_0/SPI_Data_0/USPI/UTXF/counter_q_RNIMTNC1[0]_CC_0:P[2]</cell>
 <cell>net</cell>
 <cell>NET_CC_CONFIG91</cell>
 <cell></cell>
 <cell>+</cell>
 <cell>0.000</cell>
 <cell>5.740</cell>
 <cell></cell>
 <cell>f</cell>
</row>
<row>
 <cell>SPI_Data_0/SPI_Data_0/USPI/UTXF/counter_q_RNIMTNC1[0]_CC_0:CC[4]</cell>
 <cell>cell</cell>
 <cell></cell>
 <cell>ADLIB:CC_CONFIG</cell>
 <cell>+</cell>
 <cell>0.421</cell>
 <cell>6.161</cell>
 <cell>1</cell>
 <cell>f</cell>
</row>
<row>
 <cell>SPI_Data_0/SPI_Data_0/USPI/UTXF/counter_q_RNICTLN7[4]:CC</cell>
 <cell>net</cell>
 <cell>NET_CC_CONFIG102</cell>
 <cell></cell>
 <cell>+</cell>
 <cell>0.000</cell>
 <cell>6.161</cell>
 <cell></cell>
 <cell>f</cell>
</row>
<row>
 <cell>SPI_Data_0/SPI_Data_0/USPI/UTXF/counter_q_RNICTLN7[4]:S</cell>
 <cell>cell</cell>
 <cell></cell>
 <cell>ADLIB:ARI1_CC</cell>
 <cell>+</cell>
 <cell>0.047</cell>
 <cell>6.208</cell>
 <cell>3</cell>
 <cell>r</cell>
</row>
<row>
 <cell>SPI_Data_0/SPI_Data_0/USPI/UTXF/empty_out_2_0_a2_3:D</cell>
 <cell>net</cell>
 <cell>SPI_Data_0/SPI_Data_0/USPI/UTXF/N_180</cell>
 <cell></cell>
 <cell>+</cell>
 <cell>0.710</cell>
 <cell>6.918</cell>
 <cell></cell>
 <cell>r</cell>
</row>
<row>
 <cell>SPI_Data_0/SPI_Data_0/USPI/UTXF/empty_out_2_0_a2_3:Y</cell>
 <cell>cell</cell>
 <cell></cell>
 <cell>ADLIB:CFG4</cell>
 <cell>+</cell>
 <cell>0.278</cell>
 <cell>7.196</cell>
 <cell>1</cell>
 <cell>f</cell>
</row>
<row>
 <cell>SPI_Data_0/SPI_Data_0/USPI/UTXF/empty_out_2_0:B</cell>
 <cell>net</cell>
 <cell>SPI_Data_0/SPI_Data_0/USPI/UTXF/empty_out_2_0_a2_3_Z</cell>
 <cell></cell>
 <cell>+</cell>
 <cell>0.698</cell>
 <cell>7.894</cell>
 <cell></cell>
 <cell>f</cell>
</row>
<row>
 <cell>SPI_Data_0/SPI_Data_0/USPI/UTXF/empty_out_2_0:Y</cell>
 <cell>cell</cell>
 <cell></cell>
 <cell>ADLIB:CFG4</cell>
 <cell>+</cell>
 <cell>0.099</cell>
 <cell>7.993</cell>
 <cell>1</cell>
 <cell>f</cell>
</row>
<row>
 <cell>SPI_Data_0/SPI_Data_0/USPI/UTXF/empty_out:D</cell>
 <cell>net</cell>
 <cell>SPI_Data_0/SPI_Data_0/USPI/UTXF/empty_out_2</cell>
 <cell></cell>
 <cell>+</cell>
 <cell>0.698</cell>
 <cell>8.691</cell>
 <cell></cell>
 <cell>f</cell>
</row>
<row>
 <cell>data arrival time</cell>
 <cell></cell>
 <cell></cell>
 <cell></cell>
 <cell></cell>
 <cell></cell>
 <cell>8.691</cell>
 <cell></cell>
 <cell></cell>
</row>
<row>
</row>
<row>
 <cell>Data required time calculation</cell>
 <cell></cell>
 <cell></cell>
 <cell></cell>
 <cell></cell>
 <cell></cell>
 <cell></cell>
 <cell></cell>
 <cell></cell>
</row>
<row>
 <cell>PCLK</cell>
 <cell></cell>
 <cell></cell>
 <cell></cell>
 <cell></cell>
 <cell>N/C</cell>
 <cell>N/C</cell>
 <cell></cell>
 <cell></cell>
</row>
<row>
 <cell>PCLK</cell>
 <cell>Clock source</cell>
 <cell></cell>
 <cell></cell>
 <cell>+</cell>
 <cell>0.000</cell>
 <cell>N/C</cell>
 <cell></cell>
 <cell>r</cell>
</row>
<row>
 <cell>BLOCK_INTERFACE_I_PCLK:A</cell>
 <cell>net</cell>
 <cell>I_NET_PCLK</cell>
 <cell></cell>
 <cell>+</cell>
 <cell>0.000</cell>
 <cell>N/C</cell>
 <cell></cell>
 <cell>r</cell>
</row>
<row>
 <cell>BLOCK_INTERFACE_I_PCLK:Y</cell>
 <cell>cell</cell>
 <cell></cell>
 <cell>ADLIB:CFG1</cell>
 <cell>+</cell>
 <cell>0.052</cell>
 <cell>N/C</cell>
 <cell>1</cell>
 <cell>r</cell>
</row>
<row>
 <cell>PCLK_RNIAB1A:A</cell>
 <cell>net</cell>
 <cell>PCLK</cell>
 <cell></cell>
 <cell>+</cell>
 <cell>0.596</cell>
 <cell>N/C</cell>
 <cell></cell>
 <cell>r</cell>
</row>
<row>
 <cell>PCLK_RNIAB1A:Y</cell>
 <cell>cell</cell>
 <cell></cell>
 <cell>ADLIB:GB</cell>
 <cell>+</cell>
 <cell>0.153</cell>
 <cell>N/C</cell>
 <cell>1</cell>
 <cell>r</cell>
</row>
<row>
 <cell>PCLK_RNIAB1A/U0_RGB1:A</cell>
 <cell>net</cell>
 <cell>PCLK_RNIAB1A/U0_Y</cell>
 <cell></cell>
 <cell>+</cell>
 <cell>0.000</cell>
 <cell>N/C</cell>
 <cell></cell>
 <cell>r</cell>
</row>
<row>
 <cell>PCLK_RNIAB1A/U0_RGB1:Y</cell>
 <cell>cell</cell>
 <cell></cell>
 <cell>ADLIB:RGB</cell>
 <cell>+</cell>
 <cell>0.066</cell>
 <cell>N/C</cell>
 <cell>195</cell>
 <cell>f</cell>
</row>
<row>
 <cell>SPI_Data_0/SPI_Data_0/USPI/UTXF/empty_out:CLK</cell>
 <cell>net</cell>
 <cell>NN_1</cell>
 <cell></cell>
 <cell>+</cell>
 <cell>0.000</cell>
 <cell>N/C</cell>
 <cell></cell>
 <cell>r</cell>
</row>
<row>
 <cell>SPI_Data_0/SPI_Data_0/USPI/UTXF/empty_out:D</cell>
 <cell>Library setup time</cell>
 <cell></cell>
 <cell>ADLIB:SLE</cell>
 <cell>-</cell>
 <cell>0.000</cell>
 <cell>N/C</cell>
 <cell></cell>
 <cell></cell>
</row>
<row>
</row>
</table>
</section>
<section>
<name>SET Clock to Output</name>
<table>
<header>
 <cell/>
 <cell>From</cell>
 <cell>To</cell>
 <cell>Delay (ns)</cell>
 <cell>Slack (ns)</cell>
 <cell>Arrival (ns)</cell>
 <cell>Required (ns)</cell>
 <cell>Clock to Out (ns)</cell>
</header>
<row>
 <cell>Path 1</cell>
 <cell>SPI_Data_0/SPI_Data_0/USPI/URXF/rd_pointer_q[0]:CLK</cell>
 <cell>PRDATA_in[0]</cell>
 <cell>6.789</cell>
 <cell></cell>
 <cell>7.802</cell>
 <cell></cell>
 <cell>7.802</cell>
</row>
<row>
 <cell>Path 2</cell>
 <cell>SPI_Data_0/SPI_Data_0/USPI/URXF/rd_pointer_q[1]:CLK</cell>
 <cell>PRDATA_in[0]</cell>
 <cell>6.777</cell>
 <cell></cell>
 <cell>7.790</cell>
 <cell></cell>
 <cell>7.790</cell>
</row>
<row>
 <cell>Path 3</cell>
 <cell>SPI_Data_0/SPI_Data_0/USPI/URXF/rd_pointer_q[2]:CLK</cell>
 <cell>PRDATA_in[0]</cell>
 <cell>6.776</cell>
 <cell></cell>
 <cell>7.789</cell>
 <cell></cell>
 <cell>7.789</cell>
</row>
<row>
 <cell>Path 4</cell>
 <cell>SPI_Data_0/SPI_Data_0/USPI/URXF/rd_pointer_q[3]:CLK</cell>
 <cell>PRDATA_in[0]</cell>
 <cell>6.761</cell>
 <cell></cell>
 <cell>7.774</cell>
 <cell></cell>
 <cell>7.774</cell>
</row>
<row>
 <cell>Path 5</cell>
 <cell>SPI_Data_0/SPI_Data_0/USPI/URF/control1[4]:CLK</cell>
 <cell>PRDATA_in[4]</cell>
 <cell>5.628</cell>
 <cell></cell>
 <cell>6.641</cell>
 <cell></cell>
 <cell>6.641</cell>
</row>
</table>
<text></text>
<section><name>Expanded Path 1</name></section>
<table>
<header>
 <cell>Pin Name</cell>
 <cell>Type</cell>
 <cell>Net Name</cell>
 <cell>Cell Name</cell>
 <cell>Op</cell>
 <cell>Delay (ns)</cell>
 <cell>Total (ns)</cell>
 <cell>Fanout</cell>
 <cell>Edge</cell>
</header>
<row>
 <cell>From: SPI_Data_0/SPI_Data_0/USPI/URXF/rd_pointer_q[0]:CLK</cell>
 <cell></cell>
 <cell></cell>
 <cell></cell>
 <cell></cell>
 <cell></cell>
 <cell></cell>
 <cell></cell>
 <cell></cell>
</row>
<row>
 <cell>To: PRDATA_in[0]</cell>
 <cell></cell>
 <cell></cell>
 <cell></cell>
 <cell></cell>
 <cell></cell>
 <cell></cell>
 <cell></cell>
 <cell></cell>
</row>
<row>
 <cell>data required time</cell>
 <cell></cell>
 <cell></cell>
 <cell></cell>
 <cell></cell>
 <cell></cell>
 <cell>N/C</cell>
 <cell></cell>
 <cell></cell>
</row>
<row>
 <cell>data arrival time</cell>
 <cell></cell>
 <cell></cell>
 <cell></cell>
 <cell>-</cell>
 <cell></cell>
 <cell>7.802</cell>
 <cell></cell>
 <cell></cell>
</row>
<row>
 <cell>slack</cell>
 <cell></cell>
 <cell></cell>
 <cell></cell>
 <cell></cell>
 <cell></cell>
 <cell>N/C</cell>
 <cell></cell>
 <cell></cell>
</row>
<row>
</row>
<row>
 <cell>Data arrival time calculation</cell>
 <cell></cell>
 <cell></cell>
 <cell></cell>
 <cell></cell>
 <cell></cell>
 <cell></cell>
 <cell></cell>
 <cell></cell>
</row>
<row>
 <cell>PCLK</cell>
 <cell></cell>
 <cell></cell>
 <cell></cell>
 <cell></cell>
 <cell>0.000</cell>
 <cell>0.000</cell>
 <cell></cell>
 <cell></cell>
</row>
<row>
 <cell>PCLK</cell>
 <cell>Clock source</cell>
 <cell></cell>
 <cell></cell>
 <cell>+</cell>
 <cell>0.000</cell>
 <cell>0.000</cell>
 <cell></cell>
 <cell>r</cell>
</row>
<row>
 <cell>BLOCK_INTERFACE_I_PCLK:A</cell>
 <cell>net</cell>
 <cell>I_NET_PCLK</cell>
 <cell></cell>
 <cell>+</cell>
 <cell>0.000</cell>
 <cell>0.000</cell>
 <cell></cell>
 <cell>r</cell>
</row>
<row>
 <cell>BLOCK_INTERFACE_I_PCLK:Y</cell>
 <cell>cell</cell>
 <cell></cell>
 <cell>ADLIB:CFG1</cell>
 <cell>+</cell>
 <cell>0.064</cell>
 <cell>0.064</cell>
 <cell>1</cell>
 <cell>r</cell>
</row>
<row>
 <cell>PCLK_RNIAB1A:A</cell>
 <cell>net</cell>
 <cell>PCLK</cell>
 <cell></cell>
 <cell>+</cell>
 <cell>0.698</cell>
 <cell>0.762</cell>
 <cell></cell>
 <cell>r</cell>
</row>
<row>
 <cell>PCLK_RNIAB1A:Y</cell>
 <cell>cell</cell>
 <cell></cell>
 <cell>ADLIB:GB</cell>
 <cell>+</cell>
 <cell>0.175</cell>
 <cell>0.937</cell>
 <cell>1</cell>
 <cell>r</cell>
</row>
<row>
 <cell>PCLK_RNIAB1A/U0_RGB1:A</cell>
 <cell>net</cell>
 <cell>PCLK_RNIAB1A/U0_Y</cell>
 <cell></cell>
 <cell>+</cell>
 <cell>0.000</cell>
 <cell>0.937</cell>
 <cell></cell>
 <cell>r</cell>
</row>
<row>
 <cell>PCLK_RNIAB1A/U0_RGB1:Y</cell>
 <cell>cell</cell>
 <cell></cell>
 <cell>ADLIB:RGB</cell>
 <cell>+</cell>
 <cell>0.076</cell>
 <cell>1.013</cell>
 <cell>195</cell>
 <cell>f</cell>
</row>
<row>
 <cell>SPI_Data_0/SPI_Data_0/USPI/URXF/rd_pointer_q[0]:CLK</cell>
 <cell>net</cell>
 <cell>NN_1</cell>
 <cell></cell>
 <cell>+</cell>
 <cell>0.000</cell>
 <cell>1.013</cell>
 <cell></cell>
 <cell>r</cell>
</row>
<row>
 <cell>SPI_Data_0/SPI_Data_0/USPI/URXF/rd_pointer_q[0]:Q</cell>
 <cell>cell</cell>
 <cell></cell>
 <cell>ADLIB:SLE</cell>
 <cell>+</cell>
 <cell>0.203</cell>
 <cell>1.216</cell>
 <cell>5</cell>
 <cell>r</cell>
</row>
<row>
 <cell>SPI_Data_0/SPI_Data_0/USPI/URXF/fifo_mem_q_fifo_mem_q_0_0/RAM64x12_PHYS_0/CFG_11:D</cell>
 <cell>net</cell>
 <cell>SPI_Data_0/SPI_Data_0/USPI/URXF/rd_pointer_q[0]</cell>
 <cell></cell>
 <cell>+</cell>
 <cell>0.721</cell>
 <cell>1.937</cell>
 <cell></cell>
 <cell>r</cell>
</row>
<row>
 <cell>SPI_Data_0/SPI_Data_0/USPI/URXF/fifo_mem_q_fifo_mem_q_0_0/RAM64x12_PHYS_0/CFG_11:IPD</cell>
 <cell>cell</cell>
 <cell></cell>
 <cell>ADLIB:CFG4_IP_ABCD</cell>
 <cell>+</cell>
 <cell>0.035</cell>
 <cell>1.972</cell>
 <cell>1</cell>
 <cell>f</cell>
</row>
<row>
 <cell>SPI_Data_0/SPI_Data_0/USPI/URXF/fifo_mem_q_fifo_mem_q_0_0/RAM64x12_PHYS_0/INST_RAM64x12_IP:R_ADDR[0]</cell>
 <cell>net</cell>
 <cell>SPI_Data_0/SPI_Data_0/USPI/URXF/fifo_mem_q_fifo_mem_q_0_0/RAM64x12_PHYS_0/R_ADDR_net[0]</cell>
 <cell></cell>
 <cell>+</cell>
 <cell>0.698</cell>
 <cell>2.670</cell>
 <cell></cell>
 <cell>r</cell>
</row>
<row>
 <cell>SPI_Data_0/SPI_Data_0/USPI/URXF/fifo_mem_q_fifo_mem_q_0_0/RAM64x12_PHYS_0/INST_RAM64x12_IP:R_DATA[0]</cell>
 <cell>cell</cell>
 <cell></cell>
 <cell>ADLIB:RAM64x12_IP</cell>
 <cell>+</cell>
 <cell>0.917</cell>
 <cell>3.587</cell>
 <cell>1</cell>
 <cell>r</cell>
</row>
<row>
 <cell>SPI_Data_0/SPI_Data_0/USPI/URF/prdata_2_1[0]:B</cell>
 <cell>net</cell>
 <cell>SPI_Data_0/SPI_Data_0/USPI/fifo_mem_q[8]</cell>
 <cell></cell>
 <cell>+</cell>
 <cell>0.698</cell>
 <cell>4.285</cell>
 <cell></cell>
 <cell>r</cell>
</row>
<row>
 <cell>SPI_Data_0/SPI_Data_0/USPI/URF/prdata_2_1[0]:Y</cell>
 <cell>cell</cell>
 <cell></cell>
 <cell>ADLIB:CFG4</cell>
 <cell>+</cell>
 <cell>0.101</cell>
 <cell>4.386</cell>
 <cell>1</cell>
 <cell>r</cell>
</row>
<row>
 <cell>SPI_Data_0/SPI_Data_0/USPI/PRDDATA_1[0]:D</cell>
 <cell>net</cell>
 <cell>SPI_Data_0/SPI_Data_0/USPI/N_185</cell>
 <cell></cell>
 <cell>+</cell>
 <cell>0.698</cell>
 <cell>5.084</cell>
 <cell></cell>
 <cell>r</cell>
</row>
<row>
 <cell>SPI_Data_0/SPI_Data_0/USPI/PRDDATA_1[0]:Y</cell>
 <cell>cell</cell>
 <cell></cell>
 <cell>ADLIB:CFG4</cell>
 <cell>+</cell>
 <cell>0.278</cell>
 <cell>5.362</cell>
 <cell>1</cell>
 <cell>f</cell>
</row>
<row>
 <cell>SPI_Data_0/SPI_Data_0/USPI/PRDDATA[0]:B</cell>
 <cell>net</cell>
 <cell>SPI_Data_0/SPI_Data_0/USPI/PRDDATA_1_Z[0]</cell>
 <cell></cell>
 <cell>+</cell>
 <cell>0.698</cell>
 <cell>6.060</cell>
 <cell></cell>
 <cell>f</cell>
</row>
<row>
 <cell>SPI_Data_0/SPI_Data_0/USPI/PRDDATA[0]:Y</cell>
 <cell>cell</cell>
 <cell></cell>
 <cell>ADLIB:CFG3</cell>
 <cell>+</cell>
 <cell>0.103</cell>
 <cell>6.163</cell>
 <cell>1</cell>
 <cell>r</cell>
</row>
<row>
 <cell>APB3_Bus_0/APB3_Bus_0/u_mux_p_to_b3/PRDATA_ns[0]:C</cell>
 <cell>net</cell>
 <cell>APB3_Bus_0_APBmslave0_PRDATA[0]</cell>
 <cell></cell>
 <cell>+</cell>
 <cell>0.698</cell>
 <cell>6.861</cell>
 <cell></cell>
 <cell>r</cell>
</row>
<row>
 <cell>APB3_Bus_0/APB3_Bus_0/u_mux_p_to_b3/PRDATA_ns[0]:Y</cell>
 <cell>cell</cell>
 <cell></cell>
 <cell>ADLIB:CFG4</cell>
 <cell>+</cell>
 <cell>0.179</cell>
 <cell>7.040</cell>
 <cell>1</cell>
 <cell>r</cell>
</row>
<row>
 <cell>BLOCK_INTERFACE_I_PRDATA_in[0]:A</cell>
 <cell>net</cell>
 <cell>PRDATA_in[0]</cell>
 <cell></cell>
 <cell>+</cell>
 <cell>0.698</cell>
 <cell>7.738</cell>
 <cell></cell>
 <cell>r</cell>
</row>
<row>
 <cell>BLOCK_INTERFACE_I_PRDATA_in[0]:Y</cell>
 <cell>cell</cell>
 <cell></cell>
 <cell>ADLIB:CFG1</cell>
 <cell>+</cell>
 <cell>0.064</cell>
 <cell>7.802</cell>
 <cell>0</cell>
 <cell>r</cell>
</row>
<row>
 <cell>PRDATA_in[0]</cell>
 <cell>net</cell>
 <cell>I_NET_PRDATA_in[0]</cell>
 <cell></cell>
 <cell>+</cell>
 <cell>0.000</cell>
 <cell>7.802</cell>
 <cell></cell>
 <cell>r</cell>
</row>
<row>
 <cell>data arrival time</cell>
 <cell></cell>
 <cell></cell>
 <cell></cell>
 <cell></cell>
 <cell></cell>
 <cell>7.802</cell>
 <cell></cell>
 <cell></cell>
</row>
<row>
</row>
<row>
 <cell>Data required time calculation</cell>
 <cell></cell>
 <cell></cell>
 <cell></cell>
 <cell></cell>
 <cell></cell>
 <cell></cell>
 <cell></cell>
 <cell></cell>
</row>
<row>
 <cell>PCLK</cell>
 <cell></cell>
 <cell></cell>
 <cell></cell>
 <cell></cell>
 <cell>N/C</cell>
 <cell>N/C</cell>
 <cell></cell>
 <cell></cell>
</row>
<row>
 <cell>PCLK</cell>
 <cell>Clock source</cell>
 <cell></cell>
 <cell></cell>
 <cell>+</cell>
 <cell>0.000</cell>
 <cell>N/C</cell>
 <cell></cell>
 <cell>r</cell>
</row>
<row>
 <cell>PRDATA_in[0]</cell>
 <cell></cell>
 <cell></cell>
 <cell></cell>
 <cell></cell>
 <cell></cell>
 <cell>N/C</cell>
 <cell></cell>
 <cell>r</cell>
</row>
<row>
</row>
</table>
</section>
<section>
<name>SET Register to Asynchronous</name>
<table>
<header>
 <cell/>
 <cell>From</cell>
 <cell>To</cell>
 <cell>Delay (ns)</cell>
 <cell>Slack (ns)</cell>
 <cell>Arrival (ns)</cell>
 <cell>Required (ns)</cell>
 <cell>Recovery (ns)</cell>
 <cell>Minimum Period (ns)</cell>
 <cell>Skew (ns)</cell>
</header>
<row>
 <cell>Path 1</cell>
 <cell>SPI_Data_0/SPI_Data_0/USPI/UCC/ssel_rx_q2:CLK</cell>
 <cell>SPI_Data_0/SPI_Data_0/USPI/UCC/stxs_bitcnt[0]:ALn</cell>
 <cell>1.850</cell>
 <cell></cell>
 <cell>2.863</cell>
 <cell></cell>
 <cell>0.227</cell>
 <cell>2.077</cell>
 <cell>0.000</cell>
</row>
<row>
 <cell>Path 2</cell>
 <cell>SPI_Data_0/SPI_Data_0/USPI/UCC/ssel_rx_q2:CLK</cell>
 <cell>SPI_Data_0/SPI_Data_0/USPI/UCC/stxs_bitcnt[1]:ALn</cell>
 <cell>1.850</cell>
 <cell></cell>
 <cell>2.863</cell>
 <cell></cell>
 <cell>0.227</cell>
 <cell>2.077</cell>
 <cell>0.000</cell>
</row>
<row>
 <cell>Path 3</cell>
 <cell>SPI_Data_0/SPI_Data_0/USPI/UCC/ssel_rx_q2:CLK</cell>
 <cell>SPI_Data_0/SPI_Data_0/USPI/UCC/stxs_bitcnt[2]:ALn</cell>
 <cell>1.850</cell>
 <cell></cell>
 <cell>2.863</cell>
 <cell></cell>
 <cell>0.227</cell>
 <cell>2.077</cell>
 <cell>0.000</cell>
</row>
<row>
 <cell>Path 4</cell>
 <cell>SPI_Data_0/SPI_Data_0/USPI/UCC/ssel_rx_q2:CLK</cell>
 <cell>SPI_Data_0/SPI_Data_0/USPI/UCC/stxs_bitcnt[3]:ALn</cell>
 <cell>1.850</cell>
 <cell></cell>
 <cell>2.863</cell>
 <cell></cell>
 <cell>0.227</cell>
 <cell>2.077</cell>
 <cell>0.000</cell>
</row>
<row>
 <cell>Path 5</cell>
 <cell>SPI_Data_0/SPI_Data_0/USPI/UCC/ssel_rx_q2:CLK</cell>
 <cell>SPI_Data_0/SPI_Data_0/USPI/UCC/stxs_bitcnt[4]:ALn</cell>
 <cell>1.850</cell>
 <cell></cell>
 <cell>2.863</cell>
 <cell></cell>
 <cell>0.227</cell>
 <cell>2.077</cell>
 <cell>0.000</cell>
</row>
</table>
<text></text>
<section><name>Expanded Path 1</name></section>
<table>
<header>
 <cell>Pin Name</cell>
 <cell>Type</cell>
 <cell>Net Name</cell>
 <cell>Cell Name</cell>
 <cell>Op</cell>
 <cell>Delay (ns)</cell>
 <cell>Total (ns)</cell>
 <cell>Fanout</cell>
 <cell>Edge</cell>
</header>
<row>
 <cell>From: SPI_Data_0/SPI_Data_0/USPI/UCC/ssel_rx_q2:CLK</cell>
 <cell></cell>
 <cell></cell>
 <cell></cell>
 <cell></cell>
 <cell></cell>
 <cell></cell>
 <cell></cell>
 <cell></cell>
</row>
<row>
 <cell>To: SPI_Data_0/SPI_Data_0/USPI/UCC/stxs_bitcnt[0]:ALn</cell>
 <cell></cell>
 <cell></cell>
 <cell></cell>
 <cell></cell>
 <cell></cell>
 <cell></cell>
 <cell></cell>
 <cell></cell>
</row>
<row>
 <cell>data required time</cell>
 <cell></cell>
 <cell></cell>
 <cell></cell>
 <cell></cell>
 <cell></cell>
 <cell>N/C</cell>
 <cell></cell>
 <cell></cell>
</row>
<row>
 <cell>data arrival time</cell>
 <cell></cell>
 <cell></cell>
 <cell></cell>
 <cell>-</cell>
 <cell></cell>
 <cell>2.863</cell>
 <cell></cell>
 <cell></cell>
</row>
<row>
 <cell>slack</cell>
 <cell></cell>
 <cell></cell>
 <cell></cell>
 <cell></cell>
 <cell></cell>
 <cell>N/C</cell>
 <cell></cell>
 <cell></cell>
</row>
<row>
</row>
<row>
 <cell>Data arrival time calculation</cell>
 <cell></cell>
 <cell></cell>
 <cell></cell>
 <cell></cell>
 <cell></cell>
 <cell></cell>
 <cell></cell>
 <cell></cell>
</row>
<row>
 <cell>PCLK</cell>
 <cell></cell>
 <cell></cell>
 <cell></cell>
 <cell></cell>
 <cell>0.000</cell>
 <cell>0.000</cell>
 <cell></cell>
 <cell></cell>
</row>
<row>
 <cell>PCLK</cell>
 <cell>Clock source</cell>
 <cell></cell>
 <cell></cell>
 <cell>+</cell>
 <cell>0.000</cell>
 <cell>0.000</cell>
 <cell></cell>
 <cell>r</cell>
</row>
<row>
 <cell>BLOCK_INTERFACE_I_PCLK:A</cell>
 <cell>net</cell>
 <cell>I_NET_PCLK</cell>
 <cell></cell>
 <cell>+</cell>
 <cell>0.000</cell>
 <cell>0.000</cell>
 <cell></cell>
 <cell>r</cell>
</row>
<row>
 <cell>BLOCK_INTERFACE_I_PCLK:Y</cell>
 <cell>cell</cell>
 <cell></cell>
 <cell>ADLIB:CFG1</cell>
 <cell>+</cell>
 <cell>0.064</cell>
 <cell>0.064</cell>
 <cell>1</cell>
 <cell>r</cell>
</row>
<row>
 <cell>PCLK_RNIAB1A:A</cell>
 <cell>net</cell>
 <cell>PCLK</cell>
 <cell></cell>
 <cell>+</cell>
 <cell>0.698</cell>
 <cell>0.762</cell>
 <cell></cell>
 <cell>r</cell>
</row>
<row>
 <cell>PCLK_RNIAB1A:Y</cell>
 <cell>cell</cell>
 <cell></cell>
 <cell>ADLIB:GB</cell>
 <cell>+</cell>
 <cell>0.175</cell>
 <cell>0.937</cell>
 <cell>1</cell>
 <cell>r</cell>
</row>
<row>
 <cell>PCLK_RNIAB1A/U0_RGB1:A</cell>
 <cell>net</cell>
 <cell>PCLK_RNIAB1A/U0_Y</cell>
 <cell></cell>
 <cell>+</cell>
 <cell>0.000</cell>
 <cell>0.937</cell>
 <cell></cell>
 <cell>r</cell>
</row>
<row>
 <cell>PCLK_RNIAB1A/U0_RGB1:Y</cell>
 <cell>cell</cell>
 <cell></cell>
 <cell>ADLIB:RGB</cell>
 <cell>+</cell>
 <cell>0.076</cell>
 <cell>1.013</cell>
 <cell>195</cell>
 <cell>f</cell>
</row>
<row>
 <cell>SPI_Data_0/SPI_Data_0/USPI/UCC/ssel_rx_q2:CLK</cell>
 <cell>net</cell>
 <cell>NN_1</cell>
 <cell></cell>
 <cell>+</cell>
 <cell>0.000</cell>
 <cell>1.013</cell>
 <cell></cell>
 <cell>r</cell>
</row>
<row>
 <cell>SPI_Data_0/SPI_Data_0/USPI/UCC/ssel_rx_q2:Q</cell>
 <cell>cell</cell>
 <cell></cell>
 <cell>ADLIB:SLE</cell>
 <cell>+</cell>
 <cell>0.198</cell>
 <cell>1.211</cell>
 <cell>2</cell>
 <cell>f</cell>
</row>
<row>
 <cell>SPI_Data_0/SPI_Data_0/USPI/UCC/un1_resetn_tx:B</cell>
 <cell>net</cell>
 <cell>SPI_Data_0/SPI_Data_0/USPI/UCC/ssel_rx_q2_Z</cell>
 <cell></cell>
 <cell>+</cell>
 <cell>0.704</cell>
 <cell>1.915</cell>
 <cell></cell>
 <cell>f</cell>
</row>
<row>
 <cell>SPI_Data_0/SPI_Data_0/USPI/UCC/un1_resetn_tx:Y</cell>
 <cell>cell</cell>
 <cell></cell>
 <cell>ADLIB:CFG3</cell>
 <cell>+</cell>
 <cell>0.103</cell>
 <cell>2.018</cell>
 <cell>26</cell>
 <cell>r</cell>
</row>
<row>
 <cell>SPI_Data_0/SPI_Data_0/USPI/UCC/stxs_bitcnt[0]:ALn</cell>
 <cell>net</cell>
 <cell>SPI_Data_0/SPI_Data_0/USPI/UCC/un1_resetn_tx_i</cell>
 <cell></cell>
 <cell>+</cell>
 <cell>0.845</cell>
 <cell>2.863</cell>
 <cell></cell>
 <cell>r</cell>
</row>
<row>
 <cell>data arrival time</cell>
 <cell></cell>
 <cell></cell>
 <cell></cell>
 <cell></cell>
 <cell></cell>
 <cell>2.863</cell>
 <cell></cell>
 <cell></cell>
</row>
<row>
</row>
<row>
 <cell>Data required time calculation</cell>
 <cell></cell>
 <cell></cell>
 <cell></cell>
 <cell></cell>
 <cell></cell>
 <cell></cell>
 <cell></cell>
 <cell></cell>
</row>
<row>
 <cell>PCLK</cell>
 <cell></cell>
 <cell></cell>
 <cell></cell>
 <cell></cell>
 <cell>N/C</cell>
 <cell>N/C</cell>
 <cell></cell>
 <cell></cell>
</row>
<row>
 <cell>PCLK</cell>
 <cell>Clock source</cell>
 <cell></cell>
 <cell></cell>
 <cell>+</cell>
 <cell>0.000</cell>
 <cell>N/C</cell>
 <cell></cell>
 <cell>r</cell>
</row>
<row>
 <cell>BLOCK_INTERFACE_I_PCLK:A</cell>
 <cell>net</cell>
 <cell>I_NET_PCLK</cell>
 <cell></cell>
 <cell>+</cell>
 <cell>0.000</cell>
 <cell>N/C</cell>
 <cell></cell>
 <cell>r</cell>
</row>
<row>
 <cell>BLOCK_INTERFACE_I_PCLK:Y</cell>
 <cell>cell</cell>
 <cell></cell>
 <cell>ADLIB:CFG1</cell>
 <cell>+</cell>
 <cell>0.052</cell>
 <cell>N/C</cell>
 <cell>1</cell>
 <cell>r</cell>
</row>
<row>
 <cell>PCLK_RNIAB1A:A</cell>
 <cell>net</cell>
 <cell>PCLK</cell>
 <cell></cell>
 <cell>+</cell>
 <cell>0.596</cell>
 <cell>N/C</cell>
 <cell></cell>
 <cell>r</cell>
</row>
<row>
 <cell>PCLK_RNIAB1A:Y</cell>
 <cell>cell</cell>
 <cell></cell>
 <cell>ADLIB:GB</cell>
 <cell>+</cell>
 <cell>0.153</cell>
 <cell>N/C</cell>
 <cell>1</cell>
 <cell>r</cell>
</row>
<row>
 <cell>PCLK_RNIAB1A/U0_RGB1:A</cell>
 <cell>net</cell>
 <cell>PCLK_RNIAB1A/U0_Y</cell>
 <cell></cell>
 <cell>+</cell>
 <cell>0.000</cell>
 <cell>N/C</cell>
 <cell></cell>
 <cell>r</cell>
</row>
<row>
 <cell>PCLK_RNIAB1A/U0_RGB1:Y</cell>
 <cell>cell</cell>
 <cell></cell>
 <cell>ADLIB:RGB</cell>
 <cell>+</cell>
 <cell>0.066</cell>
 <cell>N/C</cell>
 <cell>195</cell>
 <cell>f</cell>
</row>
<row>
 <cell>SPI_Data_0/SPI_Data_0/USPI/UCC/stxs_bitcnt[0]:CLK</cell>
 <cell>net</cell>
 <cell>NN_1</cell>
 <cell></cell>
 <cell>+</cell>
 <cell>0.000</cell>
 <cell>N/C</cell>
 <cell></cell>
 <cell>r</cell>
</row>
<row>
 <cell>clock reconvergence pessimism</cell>
 <cell></cell>
 <cell></cell>
 <cell></cell>
 <cell>+</cell>
 <cell>0.146</cell>
 <cell>N/C</cell>
 <cell></cell>
 <cell></cell>
</row>
<row>
 <cell>SPI_Data_0/SPI_Data_0/USPI/UCC/stxs_bitcnt[0]:ALn</cell>
 <cell>Library recovery time</cell>
 <cell></cell>
 <cell>ADLIB:SLE</cell>
 <cell>-</cell>
 <cell>0.227</cell>
 <cell>N/C</cell>
 <cell></cell>
 <cell></cell>
</row>
<row>
</row>
</table>
</section>
<section>
<name>SET External Recovery</name>
<table>
<header>
 <cell/>
 <cell>From</cell>
 <cell>To</cell>
 <cell>Delay (ns)</cell>
 <cell>Slack (ns)</cell>
 <cell>Arrival (ns)</cell>
 <cell>Required (ns)</cell>
 <cell>Recovery (ns)</cell>
 <cell>External Recovery (ns)</cell>
</header>
<row>
 <cell>Path 1</cell>
 <cell>PRESETN</cell>
 <cell>SPI_Data_0/SPI_Data_0/USPI/UCC/stxs_bitcnt[0]:ALn</cell>
 <cell>2.689</cell>
 <cell></cell>
 <cell>2.689</cell>
 <cell></cell>
 <cell>0.227</cell>
 <cell>2.049</cell>
</row>
<row>
 <cell>Path 2</cell>
 <cell>PRESETN</cell>
 <cell>SPI_Data_0/SPI_Data_0/USPI/UCC/stxs_bitcnt[1]:ALn</cell>
 <cell>2.689</cell>
 <cell></cell>
 <cell>2.689</cell>
 <cell></cell>
 <cell>0.227</cell>
 <cell>2.049</cell>
</row>
<row>
 <cell>Path 3</cell>
 <cell>PRESETN</cell>
 <cell>SPI_Data_0/SPI_Data_0/USPI/UCC/stxs_bitcnt[2]:ALn</cell>
 <cell>2.689</cell>
 <cell></cell>
 <cell>2.689</cell>
 <cell></cell>
 <cell>0.227</cell>
 <cell>2.049</cell>
</row>
<row>
 <cell>Path 4</cell>
 <cell>PRESETN</cell>
 <cell>SPI_Data_0/SPI_Data_0/USPI/UCC/stxs_bitcnt[3]:ALn</cell>
 <cell>2.689</cell>
 <cell></cell>
 <cell>2.689</cell>
 <cell></cell>
 <cell>0.227</cell>
 <cell>2.049</cell>
</row>
<row>
 <cell>Path 5</cell>
 <cell>PRESETN</cell>
 <cell>SPI_Data_0/SPI_Data_0/USPI/UCC/stxs_bitcnt[4]:ALn</cell>
 <cell>2.689</cell>
 <cell></cell>
 <cell>2.689</cell>
 <cell></cell>
 <cell>0.227</cell>
 <cell>2.049</cell>
</row>
</table>
<text></text>
<section><name>Expanded Path 1</name></section>
<table>
<header>
 <cell>Pin Name</cell>
 <cell>Type</cell>
 <cell>Net Name</cell>
 <cell>Cell Name</cell>
 <cell>Op</cell>
 <cell>Delay (ns)</cell>
 <cell>Total (ns)</cell>
 <cell>Fanout</cell>
 <cell>Edge</cell>
</header>
<row>
 <cell>From: PRESETN</cell>
 <cell></cell>
 <cell></cell>
 <cell></cell>
 <cell></cell>
 <cell></cell>
 <cell></cell>
 <cell></cell>
 <cell></cell>
</row>
<row>
 <cell>To: SPI_Data_0/SPI_Data_0/USPI/UCC/stxs_bitcnt[0]:ALn</cell>
 <cell></cell>
 <cell></cell>
 <cell></cell>
 <cell></cell>
 <cell></cell>
 <cell></cell>
 <cell></cell>
 <cell></cell>
</row>
<row>
 <cell>data required time</cell>
 <cell></cell>
 <cell></cell>
 <cell></cell>
 <cell></cell>
 <cell></cell>
 <cell>N/C</cell>
 <cell></cell>
 <cell></cell>
</row>
<row>
 <cell>data arrival time</cell>
 <cell></cell>
 <cell></cell>
 <cell></cell>
 <cell>-</cell>
 <cell></cell>
 <cell>2.689</cell>
 <cell></cell>
 <cell></cell>
</row>
<row>
 <cell>slack</cell>
 <cell></cell>
 <cell></cell>
 <cell></cell>
 <cell></cell>
 <cell></cell>
 <cell>N/C</cell>
 <cell></cell>
 <cell></cell>
</row>
<row>
</row>
<row>
 <cell>Data arrival time calculation</cell>
 <cell></cell>
 <cell></cell>
 <cell></cell>
 <cell></cell>
 <cell></cell>
 <cell></cell>
 <cell></cell>
 <cell></cell>
</row>
<row>
 <cell>PRESETN</cell>
 <cell></cell>
 <cell></cell>
 <cell></cell>
 <cell></cell>
 <cell>0.000</cell>
 <cell>0.000</cell>
 <cell></cell>
 <cell>r</cell>
</row>
<row>
 <cell>BLOCK_INTERFACE_I_PRESETN:A</cell>
 <cell>net</cell>
 <cell>I_NET_PRESETN</cell>
 <cell></cell>
 <cell>+</cell>
 <cell>0.000</cell>
 <cell>0.000</cell>
 <cell></cell>
 <cell>r</cell>
</row>
<row>
 <cell>BLOCK_INTERFACE_I_PRESETN:Y</cell>
 <cell>cell</cell>
 <cell></cell>
 <cell>ADLIB:CFG1</cell>
 <cell>+</cell>
 <cell>0.064</cell>
 <cell>0.064</cell>
 <cell>169</cell>
 <cell>r</cell>
</row>
<row>
 <cell>SPI_Data_0/SPI_Data_0/USPI/UCC/un1_resetn_tx:C</cell>
 <cell>net</cell>
 <cell>PRESETN</cell>
 <cell></cell>
 <cell>+</cell>
 <cell>1.601</cell>
 <cell>1.665</cell>
 <cell></cell>
 <cell>r</cell>
</row>
<row>
 <cell>SPI_Data_0/SPI_Data_0/USPI/UCC/un1_resetn_tx:Y</cell>
 <cell>cell</cell>
 <cell></cell>
 <cell>ADLIB:CFG3</cell>
 <cell>+</cell>
 <cell>0.179</cell>
 <cell>1.844</cell>
 <cell>26</cell>
 <cell>r</cell>
</row>
<row>
 <cell>SPI_Data_0/SPI_Data_0/USPI/UCC/stxs_bitcnt[0]:ALn</cell>
 <cell>net</cell>
 <cell>SPI_Data_0/SPI_Data_0/USPI/UCC/un1_resetn_tx_i</cell>
 <cell></cell>
 <cell>+</cell>
 <cell>0.845</cell>
 <cell>2.689</cell>
 <cell></cell>
 <cell>r</cell>
</row>
<row>
 <cell>data arrival time</cell>
 <cell></cell>
 <cell></cell>
 <cell></cell>
 <cell></cell>
 <cell></cell>
 <cell>2.689</cell>
 <cell></cell>
 <cell></cell>
</row>
<row>
</row>
<row>
 <cell>Data required time calculation</cell>
 <cell></cell>
 <cell></cell>
 <cell></cell>
 <cell></cell>
 <cell></cell>
 <cell></cell>
 <cell></cell>
 <cell></cell>
</row>
<row>
 <cell>PCLK</cell>
 <cell></cell>
 <cell></cell>
 <cell></cell>
 <cell></cell>
 <cell>N/C</cell>
 <cell>N/C</cell>
 <cell></cell>
 <cell></cell>
</row>
<row>
 <cell>PCLK</cell>
 <cell>Clock source</cell>
 <cell></cell>
 <cell></cell>
 <cell>+</cell>
 <cell>0.000</cell>
 <cell>N/C</cell>
 <cell></cell>
 <cell>r</cell>
</row>
<row>
 <cell>BLOCK_INTERFACE_I_PCLK:A</cell>
 <cell>net</cell>
 <cell>I_NET_PCLK</cell>
 <cell></cell>
 <cell>+</cell>
 <cell>0.000</cell>
 <cell>N/C</cell>
 <cell></cell>
 <cell>r</cell>
</row>
<row>
 <cell>BLOCK_INTERFACE_I_PCLK:Y</cell>
 <cell>cell</cell>
 <cell></cell>
 <cell>ADLIB:CFG1</cell>
 <cell>+</cell>
 <cell>0.052</cell>
 <cell>N/C</cell>
 <cell>1</cell>
 <cell>r</cell>
</row>
<row>
 <cell>PCLK_RNIAB1A:A</cell>
 <cell>net</cell>
 <cell>PCLK</cell>
 <cell></cell>
 <cell>+</cell>
 <cell>0.596</cell>
 <cell>N/C</cell>
 <cell></cell>
 <cell>r</cell>
</row>
<row>
 <cell>PCLK_RNIAB1A:Y</cell>
 <cell>cell</cell>
 <cell></cell>
 <cell>ADLIB:GB</cell>
 <cell>+</cell>
 <cell>0.153</cell>
 <cell>N/C</cell>
 <cell>1</cell>
 <cell>r</cell>
</row>
<row>
 <cell>PCLK_RNIAB1A/U0_RGB1:A</cell>
 <cell>net</cell>
 <cell>PCLK_RNIAB1A/U0_Y</cell>
 <cell></cell>
 <cell>+</cell>
 <cell>0.000</cell>
 <cell>N/C</cell>
 <cell></cell>
 <cell>r</cell>
</row>
<row>
 <cell>PCLK_RNIAB1A/U0_RGB1:Y</cell>
 <cell>cell</cell>
 <cell></cell>
 <cell>ADLIB:RGB</cell>
 <cell>+</cell>
 <cell>0.066</cell>
 <cell>N/C</cell>
 <cell>195</cell>
 <cell>f</cell>
</row>
<row>
 <cell>SPI_Data_0/SPI_Data_0/USPI/UCC/stxs_bitcnt[0]:CLK</cell>
 <cell>net</cell>
 <cell>NN_1</cell>
 <cell></cell>
 <cell>+</cell>
 <cell>0.000</cell>
 <cell>N/C</cell>
 <cell></cell>
 <cell>r</cell>
</row>
<row>
 <cell>SPI_Data_0/SPI_Data_0/USPI/UCC/stxs_bitcnt[0]:ALn</cell>
 <cell>Library recovery time</cell>
 <cell></cell>
 <cell>ADLIB:SLE</cell>
 <cell>-</cell>
 <cell>0.227</cell>
 <cell>N/C</cell>
 <cell></cell>
 <cell></cell>
</row>
<row>
</row>
</table>
</section>
<section>
<name>SET Asynchronous to Register</name>
<text>No Path</text>
</section>
</section>
<section>
<name>Path Set Pin to Pin</name>
<section>
<name>SET Input to Output</name>
<table>
<header>
 <cell/>
 <cell>From</cell>
 <cell>To</cell>
 <cell>Delay (ns)</cell>
 <cell>Slack (ns)</cell>
 <cell>Arrival (ns)</cell>
 <cell>Required (ns)</cell>
</header>
<row>
 <cell>Path 1</cell>
 <cell>PADDR_in[9]</cell>
 <cell>PRDATA_in[4]</cell>
 <cell>8.644</cell>
 <cell></cell>
 <cell>8.644</cell>
 <cell></cell>
</row>
<row>
 <cell>Path 2</cell>
 <cell>PADDR_in[10]</cell>
 <cell>PRDATA_in[4]</cell>
 <cell>8.530</cell>
 <cell></cell>
 <cell>8.530</cell>
 <cell></cell>
</row>
<row>
 <cell>Path 3</cell>
 <cell>PADDR_in[9]</cell>
 <cell>PRDATA_in[0]</cell>
 <cell>8.478</cell>
 <cell></cell>
 <cell>8.478</cell>
 <cell></cell>
</row>
<row>
 <cell>Path 4</cell>
 <cell>PADDR_in[9]</cell>
 <cell>PRDATA_in[1]</cell>
 <cell>8.478</cell>
 <cell></cell>
 <cell>8.478</cell>
 <cell></cell>
</row>
<row>
 <cell>Path 5</cell>
 <cell>PADDR_in[11]</cell>
 <cell>PRDATA_in[4]</cell>
 <cell>8.475</cell>
 <cell></cell>
 <cell>8.475</cell>
 <cell></cell>
</row>
</table>
<text></text>
<section><name>Expanded Path 1</name></section>
<table>
<header>
 <cell>Pin Name</cell>
 <cell>Type</cell>
 <cell>Net Name</cell>
 <cell>Cell Name</cell>
 <cell>Op</cell>
 <cell>Delay (ns)</cell>
 <cell>Total (ns)</cell>
 <cell>Fanout</cell>
 <cell>Edge</cell>
</header>
<row>
 <cell>From: PADDR_in[9]</cell>
 <cell></cell>
 <cell></cell>
 <cell></cell>
 <cell></cell>
 <cell></cell>
 <cell></cell>
 <cell></cell>
 <cell></cell>
</row>
<row>
 <cell>To: PRDATA_in[4]</cell>
 <cell></cell>
 <cell></cell>
 <cell></cell>
 <cell></cell>
 <cell></cell>
 <cell></cell>
 <cell></cell>
 <cell></cell>
</row>
<row>
 <cell>data required time</cell>
 <cell></cell>
 <cell></cell>
 <cell></cell>
 <cell></cell>
 <cell></cell>
 <cell>N/C</cell>
 <cell></cell>
 <cell></cell>
</row>
<row>
 <cell>data arrival time</cell>
 <cell></cell>
 <cell></cell>
 <cell></cell>
 <cell>-</cell>
 <cell></cell>
 <cell>8.644</cell>
 <cell></cell>
 <cell></cell>
</row>
<row>
 <cell>slack</cell>
 <cell></cell>
 <cell></cell>
 <cell></cell>
 <cell></cell>
 <cell></cell>
 <cell>N/C</cell>
 <cell></cell>
 <cell></cell>
</row>
<row>
</row>
<row>
 <cell>Data arrival time calculation</cell>
 <cell></cell>
 <cell></cell>
 <cell></cell>
 <cell></cell>
 <cell></cell>
 <cell></cell>
 <cell></cell>
 <cell></cell>
</row>
<row>
 <cell>PADDR_in[9]</cell>
 <cell></cell>
 <cell></cell>
 <cell></cell>
 <cell></cell>
 <cell>0.000</cell>
 <cell>0.000</cell>
 <cell></cell>
 <cell>r</cell>
</row>
<row>
 <cell>BLOCK_INTERFACE_I_PADDR_in[9]:A</cell>
 <cell>net</cell>
 <cell>I_NET_PADDR_in[9]</cell>
 <cell></cell>
 <cell>+</cell>
 <cell>0.000</cell>
 <cell>0.000</cell>
 <cell></cell>
 <cell>r</cell>
</row>
<row>
 <cell>BLOCK_INTERFACE_I_PADDR_in[9]:Y</cell>
 <cell>cell</cell>
 <cell></cell>
 <cell>ADLIB:CFG1</cell>
 <cell>+</cell>
 <cell>0.064</cell>
 <cell>0.064</cell>
 <cell>1</cell>
 <cell>r</cell>
</row>
<row>
 <cell>APB3_Bus_0/APB3_Bus_0/m3_e:D</cell>
 <cell>net</cell>
 <cell>PADDR_in[9]</cell>
 <cell></cell>
 <cell>+</cell>
 <cell>0.698</cell>
 <cell>0.762</cell>
 <cell></cell>
 <cell>r</cell>
</row>
<row>
 <cell>APB3_Bus_0/APB3_Bus_0/m3_e:Y</cell>
 <cell>cell</cell>
 <cell></cell>
 <cell>ADLIB:CFG4</cell>
 <cell>+</cell>
 <cell>0.278</cell>
 <cell>1.040</cell>
 <cell>2</cell>
 <cell>f</cell>
</row>
<row>
 <cell>APB3_Bus_0/APB3_Bus_0/m4:A</cell>
 <cell>net</cell>
 <cell>APB3_Bus_0/APB3_Bus_0/N_9_mux</cell>
 <cell></cell>
 <cell>+</cell>
 <cell>0.704</cell>
 <cell>1.744</cell>
 <cell></cell>
 <cell>f</cell>
</row>
<row>
 <cell>APB3_Bus_0/APB3_Bus_0/m4:Y</cell>
 <cell>cell</cell>
 <cell></cell>
 <cell>ADLIB:CFG2</cell>
 <cell>+</cell>
 <cell>0.060</cell>
 <cell>1.804</cell>
 <cell>8</cell>
 <cell>f</cell>
</row>
<row>
 <cell>SPI_Data_0/SPI_Data_0/USPI/UCON/tx_fifo_write_sig16:A</cell>
 <cell>net</cell>
 <cell>APB3_Bus_0_APBmslave0_PSELx</cell>
 <cell></cell>
 <cell>+</cell>
 <cell>0.739</cell>
 <cell>2.543</cell>
 <cell></cell>
 <cell>f</cell>
</row>
<row>
 <cell>SPI_Data_0/SPI_Data_0/USPI/UCON/tx_fifo_write_sig16:Y</cell>
 <cell>cell</cell>
 <cell></cell>
 <cell>ADLIB:CFG2</cell>
 <cell>+</cell>
 <cell>0.060</cell>
 <cell>2.603</cell>
 <cell>4</cell>
 <cell>f</cell>
</row>
<row>
 <cell>SPI_Data_0/SPI_Data_0/USPI/URF/prdata_2_sn_m5_i_o3:B</cell>
 <cell>net</cell>
 <cell>SPI_Data_0/SPI_Data_0/USPI/prdata_1</cell>
 <cell></cell>
 <cell>+</cell>
 <cell>0.715</cell>
 <cell>3.318</cell>
 <cell></cell>
 <cell>f</cell>
</row>
<row>
 <cell>SPI_Data_0/SPI_Data_0/USPI/URF/prdata_2_sn_m5_i_o3:Y</cell>
 <cell>cell</cell>
 <cell></cell>
 <cell>ADLIB:CFG2</cell>
 <cell>+</cell>
 <cell>0.103</cell>
 <cell>3.421</cell>
 <cell>2</cell>
 <cell>r</cell>
</row>
<row>
 <cell>SPI_Data_0/SPI_Data_0/USPI/URF/prdata_2_sn_m11:D</cell>
 <cell>net</cell>
 <cell>SPI_Data_0/SPI_Data_0/USPI/URF/N_130</cell>
 <cell></cell>
 <cell>+</cell>
 <cell>0.704</cell>
 <cell>4.125</cell>
 <cell></cell>
 <cell>r</cell>
</row>
<row>
 <cell>SPI_Data_0/SPI_Data_0/USPI/URF/prdata_2_sn_m11:Y</cell>
 <cell>cell</cell>
 <cell></cell>
 <cell>ADLIB:CFG4</cell>
 <cell>+</cell>
 <cell>0.278</cell>
 <cell>4.403</cell>
 <cell>2</cell>
 <cell>f</cell>
</row>
<row>
 <cell>APB3_Bus_0/APB3_Bus_0/u_mux_p_to_b3/PRDATA_0_a3_2[4]:A</cell>
 <cell>net</cell>
 <cell>SPI_Data_0.SPI_Data_0.USPI.URF.prdata_2_sn_i3_mux</cell>
 <cell></cell>
 <cell>+</cell>
 <cell>0.704</cell>
 <cell>5.107</cell>
 <cell></cell>
 <cell>f</cell>
</row>
<row>
 <cell>APB3_Bus_0/APB3_Bus_0/u_mux_p_to_b3/PRDATA_0_a3_2[4]:Y</cell>
 <cell>cell</cell>
 <cell></cell>
 <cell>ADLIB:CFG4</cell>
 <cell>+</cell>
 <cell>0.060</cell>
 <cell>5.167</cell>
 <cell>1</cell>
 <cell>f</cell>
</row>
<row>
 <cell>APB3_Bus_0/APB3_Bus_0/u_mux_p_to_b3/PRDATA_0_a3[4]:D</cell>
 <cell>net</cell>
 <cell>APB3_Bus_0/APB3_Bus_0/u_mux_p_to_b3/PRDATA_0_a3_2[4]</cell>
 <cell></cell>
 <cell>+</cell>
 <cell>0.698</cell>
 <cell>5.865</cell>
 <cell></cell>
 <cell>f</cell>
</row>
<row>
 <cell>APB3_Bus_0/APB3_Bus_0/u_mux_p_to_b3/PRDATA_0_a3[4]:Y</cell>
 <cell>cell</cell>
 <cell></cell>
 <cell>ADLIB:CFG4</cell>
 <cell>+</cell>
 <cell>0.226</cell>
 <cell>6.091</cell>
 <cell>1</cell>
 <cell>f</cell>
</row>
<row>
 <cell>APB3_Bus_0/APB3_Bus_0/u_mux_p_to_b3/iPRDATA_0_sqmuxa_i_o3_RNIG956C:C</cell>
 <cell>net</cell>
 <cell>APB3_Bus_0/APB3_Bus_0/u_mux_p_to_b3/N_102</cell>
 <cell></cell>
 <cell>+</cell>
 <cell>0.698</cell>
 <cell>6.789</cell>
 <cell></cell>
 <cell>f</cell>
</row>
<row>
 <cell>APB3_Bus_0/APB3_Bus_0/u_mux_p_to_b3/iPRDATA_0_sqmuxa_i_o3_RNIG956C:Y</cell>
 <cell>cell</cell>
 <cell></cell>
 <cell>ADLIB:CFG4</cell>
 <cell>+</cell>
 <cell>0.173</cell>
 <cell>6.962</cell>
 <cell>1</cell>
 <cell>f</cell>
</row>
<row>
 <cell>APB3_Bus_0/APB3_Bus_0/u_mux_p_to_b3/iPRDATA_0_sqmuxa_i_o3_RNI5125D:D</cell>
 <cell>net</cell>
 <cell>APB3_Bus_0/APB3_Bus_0/u_mux_p_to_b3/PRDATA_0_0[4]</cell>
 <cell></cell>
 <cell>+</cell>
 <cell>0.698</cell>
 <cell>7.660</cell>
 <cell></cell>
 <cell>f</cell>
</row>
<row>
 <cell>APB3_Bus_0/APB3_Bus_0/u_mux_p_to_b3/iPRDATA_0_sqmuxa_i_o3_RNI5125D:Y</cell>
 <cell>cell</cell>
 <cell></cell>
 <cell>ADLIB:CFG4</cell>
 <cell>+</cell>
 <cell>0.226</cell>
 <cell>7.886</cell>
 <cell>1</cell>
 <cell>f</cell>
</row>
<row>
 <cell>BLOCK_INTERFACE_I_PRDATA_in[4]:A</cell>
 <cell>net</cell>
 <cell>PRDATA_in[4]</cell>
 <cell></cell>
 <cell>+</cell>
 <cell>0.698</cell>
 <cell>8.584</cell>
 <cell></cell>
 <cell>f</cell>
</row>
<row>
 <cell>BLOCK_INTERFACE_I_PRDATA_in[4]:Y</cell>
 <cell>cell</cell>
 <cell></cell>
 <cell>ADLIB:CFG1</cell>
 <cell>+</cell>
 <cell>0.060</cell>
 <cell>8.644</cell>
 <cell>0</cell>
 <cell>f</cell>
</row>
<row>
 <cell>PRDATA_in[4]</cell>
 <cell>net</cell>
 <cell>I_NET_PRDATA_in[4]</cell>
 <cell></cell>
 <cell>+</cell>
 <cell>0.000</cell>
 <cell>8.644</cell>
 <cell></cell>
 <cell>f</cell>
</row>
<row>
 <cell>data arrival time</cell>
 <cell></cell>
 <cell></cell>
 <cell></cell>
 <cell></cell>
 <cell></cell>
 <cell>8.644</cell>
 <cell></cell>
 <cell></cell>
</row>
<row>
</row>
<row>
 <cell>Data required time calculation</cell>
 <cell></cell>
 <cell></cell>
 <cell></cell>
 <cell></cell>
 <cell></cell>
 <cell></cell>
 <cell></cell>
 <cell></cell>
</row>
<row>
 <cell>PADDR_in[9]</cell>
 <cell></cell>
 <cell></cell>
 <cell></cell>
 <cell></cell>
 <cell>N/C</cell>
 <cell>N/C</cell>
 <cell></cell>
 <cell>r</cell>
</row>
<row>
 <cell>PRDATA_in[4]</cell>
 <cell></cell>
 <cell></cell>
 <cell></cell>
 <cell></cell>
 <cell></cell>
 <cell>N/C</cell>
 <cell></cell>
 <cell>f</cell>
</row>
<row>
 <cell>data required time</cell>
 <cell></cell>
 <cell></cell>
 <cell></cell>
 <cell></cell>
 <cell></cell>
 <cell>N/C</cell>
 <cell></cell>
 <cell></cell>
</row>
<row>
</row>
</table>
</section>
</section>
<section>
<name>Path Set User Sets</name>
</section>
</doc>
