Detailed Resource Usage
Module Name,Fabric 4LUT,Fabric DFF,Interface 4LUT,Interface DFF,uSRAM 1K,Chip Globals
APB3_Bus_0/APB3_Bus_0/Primitives,3,0,0,0,0,0
APB3_Bus_0/APB3_Bus_0/u_mux_p_to_b3/Primitives,17,0,0,0,0,0
GPIO_Cmd_0/GPIO_Data_0/Primitives,4,2,0,0,0,0
Primitives/Primitives,64,0,0,0,0,1
SPI_Data_0/SPI_Data_0/USPI/Primitives,10,0,0,0,0,0
SPI_Data_0/SPI_Data_0/USPI/UCC/Primitives,164,125,0,0,0,0
SPI_Data_0/SPI_Data_0/USPI/UCC/UCLKMUX1/Primitives,1,0,0,0,0,0
SPI_Data_0/SPI_Data_0/USPI/UCON/Primitives,9,0,0,0,0,0
SPI_Data_0/SPI_Data_0/USPI/URF/Primitives,53,35,0,0,0,0
SPI_Data_0/SPI_Data_0/USPI/URXF/Primitives,25,16,0,0,0,0
SPI_Data_0/SPI_Data_0/USPI/URXF/fifo_mem_q_fifo_mem_q_0_0/Primitives,0,0,12,12,1,0
SPI_Data_0/SPI_Data_0/USPI/UTXF/Primitives,39,16,0,0,0,0
SPI_Data_0/SPI_Data_0/USPI/UTXF/fifo_mem_q_fifo_mem_q_0_0/Primitives,0,0,12,12,1,0
