<?xml version="1.0" encoding="UTF-8" standalone="no" ?>
<?xml-stylesheet href="rptstyle.xsl" type="text/xsl" ?>
<doc>
<title>Timing Report Min Delay Analysis
</title>
<text>SmartTime Version 12.200.10.15</text>
<text>Microsemi Corporation - Microsemi Libero Software Release PolarFire v2.1 (Version 12.200.10.15)</text>
<text>Date: Tue Jun 05 10:51:56 2018
</text>
<table>
<header>
</header>
<row>
 <cell>Design</cell>
 <cell>MCP9303_Interface</cell>
</row>
<row>
 <cell>Family</cell>
 <cell>PolarFire</cell>
</row>
<row>
 <cell>Die</cell>
 <cell>MPF300TS_ES</cell>
</row>
<row>
 <cell>Package</cell>
 <cell>FCG484</cell>
</row>
<row>
 <cell>Temperature Range</cell>
 <cell>0 - 100 C</cell>
</row>
<row>
 <cell>Voltage Range</cell>
 <cell>0.97 - 1.03 V</cell>
</row>
<row>
 <cell>Speed Grade</cell>
 <cell>-1</cell>
</row>
<row>
 <cell>Design State</cell>
 <cell>Pre-Layout</cell>
</row>
<row>
 <cell>Data source</cell>
 <cell></cell>
</row>
<row>
 <cell>Operating Conditions</cell>
 <cell>slow_lv_ht</cell>
</row>
<row>
 <cell>Scenario for Timing Analysis</cell>
 <cell>Primary</cell>
</row>
</table>
<text></text>
<section>
<name>Summary</name>
<table>
<header>
 <cell>Clock Domain</cell>
 <cell>Required Period (ns)</cell>
 <cell>Required Frequency (MHz)</cell>
 <cell>External Hold (ns)</cell>
 <cell>Min Clock-To-Out (ns)</cell>
</header>
<row>
 <cell>PCLK</cell>
 <cell>N/A</cell>
 <cell>N/A</cell>
 <cell>0.479</cell>
 <cell>1.677</cell>
</row>
</table>
<text></text>
<table>
<header>
 <cell></cell>
 <cell>Min Delay (ns)</cell>
 <cell>Max Delay (ns)</cell>
</header>
<row>
 <cell>Input to Output</cell>
 <cell>0.000</cell>
</row>
</table>
</section>
<section>
<name>Clock Domain PCLK</name>
<text></text>
<section>
<name>SET Register to Register</name>
<table>
<header>
 <cell/>
 <cell>From</cell>
 <cell>To</cell>
 <cell>Delay (ns)</cell>
 <cell>Slack (ns)</cell>
 <cell>Arrival (ns)</cell>
 <cell>Required (ns)</cell>
 <cell>Hold (ns)</cell>
</header>
<row>
 <cell>Path 1</cell>
 <cell>SPI_Data_0/SPI_Data_0/USPI/UCC/SYNC1_msrxp_pktsel:CLK</cell>
 <cell>SPI_Data_0/SPI_Data_0/USPI/UCC/SYNC2_msrxp_pktsel:D</cell>
 <cell>0.756</cell>
 <cell></cell>
 <cell>1.623</cell>
 <cell></cell>
 <cell>0.116</cell>
</row>
<row>
 <cell>Path 2</cell>
 <cell>SPI_Data_0/SPI_Data_0/USPI/UCC/SYNC1_msrxp_strobe:CLK</cell>
 <cell>SPI_Data_0/SPI_Data_0/USPI/UCC/SYNC2_msrxp_strobe:D</cell>
 <cell>0.756</cell>
 <cell></cell>
 <cell>1.623</cell>
 <cell></cell>
 <cell>0.116</cell>
</row>
<row>
 <cell>Path 3</cell>
 <cell>SPI_Data_0/SPI_Data_0/USPI/UCC/SYNC1_stxp_dataerr:CLK</cell>
 <cell>SPI_Data_0/SPI_Data_0/USPI/UCC/SYNC2_stxp_dataerr_Z:D</cell>
 <cell>0.756</cell>
 <cell></cell>
 <cell>1.623</cell>
 <cell></cell>
 <cell>0.116</cell>
</row>
<row>
 <cell>Path 4</cell>
 <cell>SPI_Data_0/SPI_Data_0/USPI/UCC/SYNC1_stxp_strobetx:CLK</cell>
 <cell>SPI_Data_0/SPI_Data_0/USPI/UCC/SYNC2_stxp_strobetx:D</cell>
 <cell>0.756</cell>
 <cell></cell>
 <cell>1.623</cell>
 <cell></cell>
 <cell>0.116</cell>
</row>
<row>
 <cell>Path 5</cell>
 <cell>SPI_Data_0/SPI_Data_0/USPI/UCC/clock_rx_q1:CLK</cell>
 <cell>SPI_Data_0/SPI_Data_0/USPI/UCC/clock_rx_q2:D</cell>
 <cell>0.756</cell>
 <cell></cell>
 <cell>1.623</cell>
 <cell></cell>
 <cell>0.116</cell>
</row>
</table>
<text></text>
<section><name>Expanded Path 1</name></section>
<table>
<header>
 <cell>Pin Name</cell>
 <cell>Type</cell>
 <cell>Net Name</cell>
 <cell>Cell Name</cell>
 <cell>Op</cell>
 <cell>Delay (ns)</cell>
 <cell>Total (ns)</cell>
 <cell>Fanout</cell>
 <cell>Edge</cell>
</header>
<row>
 <cell>From: SPI_Data_0/SPI_Data_0/USPI/UCC/SYNC1_msrxp_pktsel:CLK</cell>
 <cell></cell>
 <cell></cell>
 <cell></cell>
 <cell></cell>
 <cell></cell>
 <cell></cell>
 <cell></cell>
 <cell></cell>
</row>
<row>
 <cell>To: SPI_Data_0/SPI_Data_0/USPI/UCC/SYNC2_msrxp_pktsel:D</cell>
 <cell></cell>
 <cell></cell>
 <cell></cell>
 <cell></cell>
 <cell></cell>
 <cell></cell>
 <cell></cell>
 <cell></cell>
</row>
<row>
 <cell>data arrival time</cell>
 <cell></cell>
 <cell></cell>
 <cell></cell>
 <cell></cell>
 <cell></cell>
 <cell>1.623</cell>
 <cell></cell>
 <cell></cell>
</row>
<row>
 <cell>data required time</cell>
 <cell></cell>
 <cell></cell>
 <cell></cell>
 <cell>-</cell>
 <cell></cell>
 <cell>N/C</cell>
 <cell></cell>
 <cell></cell>
</row>
<row>
 <cell>slack</cell>
 <cell></cell>
 <cell></cell>
 <cell></cell>
 <cell></cell>
 <cell></cell>
 <cell>N/C</cell>
 <cell></cell>
 <cell></cell>
</row>
<row>
</row>
<row>
 <cell>Data arrival time calculation</cell>
 <cell></cell>
 <cell></cell>
 <cell></cell>
 <cell></cell>
 <cell></cell>
 <cell></cell>
 <cell></cell>
 <cell></cell>
</row>
<row>
 <cell>PCLK</cell>
 <cell></cell>
 <cell></cell>
 <cell></cell>
 <cell></cell>
 <cell>0.000</cell>
 <cell>0.000</cell>
 <cell></cell>
 <cell></cell>
</row>
<row>
 <cell>PCLK</cell>
 <cell>Clock source</cell>
 <cell></cell>
 <cell></cell>
 <cell>+</cell>
 <cell>0.000</cell>
 <cell>0.000</cell>
 <cell></cell>
 <cell>r</cell>
</row>
<row>
 <cell>BLOCK_INTERFACE_I_PCLK:A</cell>
 <cell>net</cell>
 <cell>I_NET_PCLK</cell>
 <cell></cell>
 <cell>+</cell>
 <cell>0.000</cell>
 <cell>0.000</cell>
 <cell></cell>
 <cell>r</cell>
</row>
<row>
 <cell>BLOCK_INTERFACE_I_PCLK:Y</cell>
 <cell>cell</cell>
 <cell></cell>
 <cell>ADLIB:CFG1</cell>
 <cell>+</cell>
 <cell>0.052</cell>
 <cell>0.052</cell>
 <cell>1</cell>
 <cell>r</cell>
</row>
<row>
 <cell>PCLK_RNIAB1A:A</cell>
 <cell>net</cell>
 <cell>PCLK</cell>
 <cell></cell>
 <cell>+</cell>
 <cell>0.596</cell>
 <cell>0.648</cell>
 <cell></cell>
 <cell>r</cell>
</row>
<row>
 <cell>PCLK_RNIAB1A:Y</cell>
 <cell>cell</cell>
 <cell></cell>
 <cell>ADLIB:GB</cell>
 <cell>+</cell>
 <cell>0.153</cell>
 <cell>0.801</cell>
 <cell>1</cell>
 <cell>r</cell>
</row>
<row>
 <cell>PCLK_RNIAB1A/U0_RGB1:A</cell>
 <cell>net</cell>
 <cell>PCLK_RNIAB1A/U0_Y</cell>
 <cell></cell>
 <cell>+</cell>
 <cell>0.000</cell>
 <cell>0.801</cell>
 <cell></cell>
 <cell>r</cell>
</row>
<row>
 <cell>PCLK_RNIAB1A/U0_RGB1:Y</cell>
 <cell>cell</cell>
 <cell></cell>
 <cell>ADLIB:RGB</cell>
 <cell>+</cell>
 <cell>0.066</cell>
 <cell>0.867</cell>
 <cell>195</cell>
 <cell>f</cell>
</row>
<row>
 <cell>SPI_Data_0/SPI_Data_0/USPI/UCC/SYNC1_msrxp_pktsel:CLK</cell>
 <cell>net</cell>
 <cell>NN_1</cell>
 <cell></cell>
 <cell>+</cell>
 <cell>0.000</cell>
 <cell>0.867</cell>
 <cell></cell>
 <cell>r</cell>
</row>
<row>
 <cell>SPI_Data_0/SPI_Data_0/USPI/UCC/SYNC1_msrxp_pktsel:Q</cell>
 <cell>cell</cell>
 <cell></cell>
 <cell>ADLIB:SLE</cell>
 <cell>+</cell>
 <cell>0.160</cell>
 <cell>1.027</cell>
 <cell>1</cell>
 <cell>f</cell>
</row>
<row>
 <cell>SPI_Data_0/SPI_Data_0/USPI/UCC/SYNC2_msrxp_pktsel:D</cell>
 <cell>net</cell>
 <cell>SPI_Data_0/SPI_Data_0/USPI/UCC/SYNC1_msrxp_pktsel_Z</cell>
 <cell></cell>
 <cell>+</cell>
 <cell>0.596</cell>
 <cell>1.623</cell>
 <cell></cell>
 <cell>f</cell>
</row>
<row>
 <cell>data arrival time</cell>
 <cell></cell>
 <cell></cell>
 <cell></cell>
 <cell></cell>
 <cell></cell>
 <cell>1.623</cell>
 <cell></cell>
 <cell></cell>
</row>
<row>
</row>
<row>
 <cell>Data required time calculation</cell>
 <cell></cell>
 <cell></cell>
 <cell></cell>
 <cell></cell>
 <cell></cell>
 <cell></cell>
 <cell></cell>
 <cell></cell>
</row>
<row>
 <cell>PCLK</cell>
 <cell></cell>
 <cell></cell>
 <cell></cell>
 <cell></cell>
 <cell>N/C</cell>
 <cell>N/C</cell>
 <cell></cell>
 <cell></cell>
</row>
<row>
 <cell>PCLK</cell>
 <cell>Clock source</cell>
 <cell></cell>
 <cell></cell>
 <cell>+</cell>
 <cell>0.000</cell>
 <cell>N/C</cell>
 <cell></cell>
 <cell>r</cell>
</row>
<row>
 <cell>BLOCK_INTERFACE_I_PCLK:A</cell>
 <cell>net</cell>
 <cell>I_NET_PCLK</cell>
 <cell></cell>
 <cell>+</cell>
 <cell>0.000</cell>
 <cell>N/C</cell>
 <cell></cell>
 <cell>r</cell>
</row>
<row>
 <cell>BLOCK_INTERFACE_I_PCLK:Y</cell>
 <cell>cell</cell>
 <cell></cell>
 <cell>ADLIB:CFG1</cell>
 <cell>+</cell>
 <cell>0.064</cell>
 <cell>N/C</cell>
 <cell>1</cell>
 <cell>r</cell>
</row>
<row>
 <cell>PCLK_RNIAB1A:A</cell>
 <cell>net</cell>
 <cell>PCLK</cell>
 <cell></cell>
 <cell>+</cell>
 <cell>0.698</cell>
 <cell>N/C</cell>
 <cell></cell>
 <cell>r</cell>
</row>
<row>
 <cell>PCLK_RNIAB1A:Y</cell>
 <cell>cell</cell>
 <cell></cell>
 <cell>ADLIB:GB</cell>
 <cell>+</cell>
 <cell>0.175</cell>
 <cell>N/C</cell>
 <cell>1</cell>
 <cell>r</cell>
</row>
<row>
 <cell>PCLK_RNIAB1A/U0_RGB1:A</cell>
 <cell>net</cell>
 <cell>PCLK_RNIAB1A/U0_Y</cell>
 <cell></cell>
 <cell>+</cell>
 <cell>0.000</cell>
 <cell>N/C</cell>
 <cell></cell>
 <cell>r</cell>
</row>
<row>
 <cell>PCLK_RNIAB1A/U0_RGB1:Y</cell>
 <cell>cell</cell>
 <cell></cell>
 <cell>ADLIB:RGB</cell>
 <cell>+</cell>
 <cell>0.076</cell>
 <cell>N/C</cell>
 <cell>195</cell>
 <cell>f</cell>
</row>
<row>
 <cell>SPI_Data_0/SPI_Data_0/USPI/UCC/SYNC2_msrxp_pktsel:CLK</cell>
 <cell>net</cell>
 <cell>NN_1</cell>
 <cell></cell>
 <cell>+</cell>
 <cell>0.000</cell>
 <cell>N/C</cell>
 <cell></cell>
 <cell>r</cell>
</row>
<row>
 <cell>clock reconvergence pessimism</cell>
 <cell></cell>
 <cell></cell>
 <cell></cell>
 <cell>+</cell>
 <cell>-0.146</cell>
 <cell>N/C</cell>
 <cell></cell>
 <cell></cell>
</row>
<row>
 <cell>SPI_Data_0/SPI_Data_0/USPI/UCC/SYNC2_msrxp_pktsel:D</cell>
 <cell>Library hold time</cell>
 <cell></cell>
 <cell>ADLIB:SLE</cell>
 <cell>+</cell>
 <cell>0.116</cell>
 <cell>N/C</cell>
 <cell></cell>
 <cell></cell>
</row>
<row>
</row>
</table>
</section>
<section>
<name>SET External Hold</name>
<table>
<header>
 <cell/>
 <cell>From</cell>
 <cell>To</cell>
 <cell>Delay (ns)</cell>
 <cell>Slack (ns)</cell>
 <cell>Arrival (ns)</cell>
 <cell>Required (ns)</cell>
 <cell>Hold (ns)</cell>
 <cell>External Hold (ns)</cell>
</header>
<row>
 <cell>Path 1</cell>
 <cell>ADC_SDO</cell>
 <cell>SPI_Data_0/SPI_Data_0/USPI/UCC/data_rx_q1:D</cell>
 <cell>0.650</cell>
 <cell></cell>
 <cell>0.650</cell>
 <cell></cell>
 <cell>0.116</cell>
 <cell>0.479</cell>
</row>
<row>
 <cell>Path 2</cell>
 <cell>PWDATA_in[3]</cell>
 <cell>SPI_Data_0/SPI_Data_0/USPI/URF/cfg_ssel[3]:D</cell>
 <cell>0.660</cell>
 <cell></cell>
 <cell>0.660</cell>
 <cell></cell>
 <cell>0.116</cell>
 <cell>0.469</cell>
</row>
<row>
 <cell>Path 3</cell>
 <cell>PWDATA_in[3]</cell>
 <cell>SPI_Data_0/SPI_Data_0/USPI/URF/control1[3]:D</cell>
 <cell>0.660</cell>
 <cell></cell>
 <cell>0.660</cell>
 <cell></cell>
 <cell>0.116</cell>
 <cell>0.469</cell>
</row>
<row>
 <cell>Path 4</cell>
 <cell>PWDATA_in[2]</cell>
 <cell>SPI_Data_0/SPI_Data_0/USPI/URF/cfg_ssel[2]:D</cell>
 <cell>0.666</cell>
 <cell></cell>
 <cell>0.666</cell>
 <cell></cell>
 <cell>0.116</cell>
 <cell>0.463</cell>
</row>
<row>
 <cell>Path 5</cell>
 <cell>PWDATA_in[2]</cell>
 <cell>SPI_Data_0/SPI_Data_0/USPI/URF/control1[2]:D</cell>
 <cell>0.666</cell>
 <cell></cell>
 <cell>0.666</cell>
 <cell></cell>
 <cell>0.116</cell>
 <cell>0.463</cell>
</row>
</table>
<text></text>
<section><name>Expanded Path 1</name></section>
<table>
<header>
 <cell>Pin Name</cell>
 <cell>Type</cell>
 <cell>Net Name</cell>
 <cell>Cell Name</cell>
 <cell>Op</cell>
 <cell>Delay (ns)</cell>
 <cell>Total (ns)</cell>
 <cell>Fanout</cell>
 <cell>Edge</cell>
</header>
<row>
 <cell>From: ADC_SDO</cell>
 <cell></cell>
 <cell></cell>
 <cell></cell>
 <cell></cell>
 <cell></cell>
 <cell></cell>
 <cell></cell>
 <cell></cell>
</row>
<row>
 <cell>To: SPI_Data_0/SPI_Data_0/USPI/UCC/data_rx_q1:D</cell>
 <cell></cell>
 <cell></cell>
 <cell></cell>
 <cell></cell>
 <cell></cell>
 <cell></cell>
 <cell></cell>
 <cell></cell>
</row>
<row>
 <cell>data arrival time</cell>
 <cell></cell>
 <cell></cell>
 <cell></cell>
 <cell></cell>
 <cell></cell>
 <cell>0.650</cell>
 <cell></cell>
 <cell></cell>
</row>
<row>
 <cell>data required time</cell>
 <cell></cell>
 <cell></cell>
 <cell></cell>
 <cell>-</cell>
 <cell></cell>
 <cell>N/C</cell>
 <cell></cell>
 <cell></cell>
</row>
<row>
 <cell>slack</cell>
 <cell></cell>
 <cell></cell>
 <cell></cell>
 <cell></cell>
 <cell></cell>
 <cell>N/C</cell>
 <cell></cell>
 <cell></cell>
</row>
<row>
</row>
<row>
 <cell>Data arrival time calculation</cell>
 <cell></cell>
 <cell></cell>
 <cell></cell>
 <cell></cell>
 <cell></cell>
 <cell></cell>
 <cell></cell>
 <cell></cell>
</row>
<row>
 <cell>ADC_SDO</cell>
 <cell></cell>
 <cell></cell>
 <cell></cell>
 <cell></cell>
 <cell>0.000</cell>
 <cell>0.000</cell>
 <cell></cell>
 <cell>f</cell>
</row>
<row>
 <cell>BLOCK_INTERFACE_I_ADC_SDO:A</cell>
 <cell>net</cell>
 <cell>I_NET_ADC_SDO</cell>
 <cell></cell>
 <cell>+</cell>
 <cell>0.000</cell>
 <cell>0.000</cell>
 <cell></cell>
 <cell>f</cell>
</row>
<row>
 <cell>BLOCK_INTERFACE_I_ADC_SDO:Y</cell>
 <cell>cell</cell>
 <cell></cell>
 <cell>ADLIB:CFG1</cell>
 <cell>+</cell>
 <cell>0.049</cell>
 <cell>0.049</cell>
 <cell>2</cell>
 <cell>f</cell>
</row>
<row>
 <cell>SPI_Data_0/SPI_Data_0/USPI/UCC/data_rx_q1:D</cell>
 <cell>net</cell>
 <cell>ADC_SDO</cell>
 <cell></cell>
 <cell>+</cell>
 <cell>0.601</cell>
 <cell>0.650</cell>
 <cell></cell>
 <cell>f</cell>
</row>
<row>
 <cell>data arrival time</cell>
 <cell></cell>
 <cell></cell>
 <cell></cell>
 <cell></cell>
 <cell></cell>
 <cell>0.650</cell>
 <cell></cell>
 <cell></cell>
</row>
<row>
</row>
<row>
 <cell>Data required time calculation</cell>
 <cell></cell>
 <cell></cell>
 <cell></cell>
 <cell></cell>
 <cell></cell>
 <cell></cell>
 <cell></cell>
 <cell></cell>
</row>
<row>
 <cell>PCLK</cell>
 <cell></cell>
 <cell></cell>
 <cell></cell>
 <cell></cell>
 <cell>N/C</cell>
 <cell>N/C</cell>
 <cell></cell>
 <cell></cell>
</row>
<row>
 <cell>PCLK</cell>
 <cell>Clock source</cell>
 <cell></cell>
 <cell></cell>
 <cell>+</cell>
 <cell>0.000</cell>
 <cell>N/C</cell>
 <cell></cell>
 <cell>r</cell>
</row>
<row>
 <cell>BLOCK_INTERFACE_I_PCLK:A</cell>
 <cell>net</cell>
 <cell>I_NET_PCLK</cell>
 <cell></cell>
 <cell>+</cell>
 <cell>0.000</cell>
 <cell>N/C</cell>
 <cell></cell>
 <cell>r</cell>
</row>
<row>
 <cell>BLOCK_INTERFACE_I_PCLK:Y</cell>
 <cell>cell</cell>
 <cell></cell>
 <cell>ADLIB:CFG1</cell>
 <cell>+</cell>
 <cell>0.064</cell>
 <cell>N/C</cell>
 <cell>1</cell>
 <cell>r</cell>
</row>
<row>
 <cell>PCLK_RNIAB1A:A</cell>
 <cell>net</cell>
 <cell>PCLK</cell>
 <cell></cell>
 <cell>+</cell>
 <cell>0.698</cell>
 <cell>N/C</cell>
 <cell></cell>
 <cell>r</cell>
</row>
<row>
 <cell>PCLK_RNIAB1A:Y</cell>
 <cell>cell</cell>
 <cell></cell>
 <cell>ADLIB:GB</cell>
 <cell>+</cell>
 <cell>0.175</cell>
 <cell>N/C</cell>
 <cell>1</cell>
 <cell>r</cell>
</row>
<row>
 <cell>PCLK_RNIAB1A/U0_RGB1:A</cell>
 <cell>net</cell>
 <cell>PCLK_RNIAB1A/U0_Y</cell>
 <cell></cell>
 <cell>+</cell>
 <cell>0.000</cell>
 <cell>N/C</cell>
 <cell></cell>
 <cell>r</cell>
</row>
<row>
 <cell>PCLK_RNIAB1A/U0_RGB1:Y</cell>
 <cell>cell</cell>
 <cell></cell>
 <cell>ADLIB:RGB</cell>
 <cell>+</cell>
 <cell>0.076</cell>
 <cell>N/C</cell>
 <cell>195</cell>
 <cell>f</cell>
</row>
<row>
 <cell>SPI_Data_0/SPI_Data_0/USPI/UCC/data_rx_q1:CLK</cell>
 <cell>net</cell>
 <cell>NN_1</cell>
 <cell></cell>
 <cell>+</cell>
 <cell>0.000</cell>
 <cell>N/C</cell>
 <cell></cell>
 <cell>r</cell>
</row>
<row>
 <cell>SPI_Data_0/SPI_Data_0/USPI/UCC/data_rx_q1:D</cell>
 <cell>Library hold time</cell>
 <cell></cell>
 <cell>ADLIB:SLE</cell>
 <cell>+</cell>
 <cell>0.116</cell>
 <cell>N/C</cell>
 <cell></cell>
 <cell></cell>
</row>
<row>
</row>
</table>
</section>
<section>
<name>SET Clock to Output</name>
<table>
<header>
 <cell/>
 <cell>From</cell>
 <cell>To</cell>
 <cell>Delay (ns)</cell>
 <cell>Slack (ns)</cell>
 <cell>Arrival (ns)</cell>
 <cell>Required (ns)</cell>
 <cell>Clock to Out (ns)</cell>
</header>
<row>
 <cell>Path 1</cell>
 <cell>GPIO_Cmd_0/GPIO_Data_0/xhdl1.GEN_BITS[0].APB_32.GPOUT_reg[0]:CLK</cell>
 <cell>ADC_RST</cell>
 <cell>0.810</cell>
 <cell></cell>
 <cell>1.677</cell>
 <cell></cell>
 <cell>1.677</cell>
</row>
<row>
 <cell>Path 2</cell>
 <cell>GPIO_Cmd_0/GPIO_Data_0/xhdl1.GEN_BITS[1].APB_32.GPOUT_reg[1]:CLK</cell>
 <cell>ADC_CS_N</cell>
 <cell>0.810</cell>
 <cell></cell>
 <cell>1.677</cell>
 <cell></cell>
 <cell>1.677</cell>
</row>
<row>
 <cell>Path 3</cell>
 <cell>SPI_Data_0/SPI_Data_0/USPI/UCC/spi_clk_out:CLK</cell>
 <cell>ADC_SCK</cell>
 <cell>0.810</cell>
 <cell></cell>
 <cell>1.677</cell>
 <cell></cell>
 <cell>1.677</cell>
</row>
<row>
 <cell>Path 4</cell>
 <cell>SPI_Data_0/SPI_Data_0/USPI/UCC/stxs_txzeros:CLK</cell>
 <cell>ADC_SDI</cell>
 <cell>1.454</cell>
 <cell></cell>
 <cell>2.321</cell>
 <cell></cell>
 <cell>2.321</cell>
</row>
<row>
 <cell>Path 5</cell>
 <cell>SPI_Data_0/SPI_Data_0/USPI/UCC/mtx_spi_data_out:CLK</cell>
 <cell>ADC_SDI</cell>
 <cell>1.536</cell>
 <cell></cell>
 <cell>2.403</cell>
 <cell></cell>
 <cell>2.403</cell>
</row>
</table>
<text></text>
<section><name>Expanded Path 1</name></section>
<table>
<header>
 <cell>Pin Name</cell>
 <cell>Type</cell>
 <cell>Net Name</cell>
 <cell>Cell Name</cell>
 <cell>Op</cell>
 <cell>Delay (ns)</cell>
 <cell>Total (ns)</cell>
 <cell>Fanout</cell>
 <cell>Edge</cell>
</header>
<row>
 <cell>From: GPIO_Cmd_0/GPIO_Data_0/xhdl1.GEN_BITS[0].APB_32.GPOUT_reg[0]:CLK</cell>
 <cell></cell>
 <cell></cell>
 <cell></cell>
 <cell></cell>
 <cell></cell>
 <cell></cell>
 <cell></cell>
 <cell></cell>
</row>
<row>
 <cell>To: ADC_RST</cell>
 <cell></cell>
 <cell></cell>
 <cell></cell>
 <cell></cell>
 <cell></cell>
 <cell></cell>
 <cell></cell>
 <cell></cell>
</row>
<row>
 <cell>data arrival time</cell>
 <cell></cell>
 <cell></cell>
 <cell></cell>
 <cell></cell>
 <cell></cell>
 <cell>1.677</cell>
 <cell></cell>
 <cell></cell>
</row>
<row>
 <cell>data required time</cell>
 <cell></cell>
 <cell></cell>
 <cell></cell>
 <cell>-</cell>
 <cell></cell>
 <cell>N/C</cell>
 <cell></cell>
 <cell></cell>
</row>
<row>
 <cell>slack</cell>
 <cell></cell>
 <cell></cell>
 <cell></cell>
 <cell></cell>
 <cell></cell>
 <cell>N/C</cell>
 <cell></cell>
 <cell></cell>
</row>
<row>
</row>
<row>
 <cell>Data arrival time calculation</cell>
 <cell></cell>
 <cell></cell>
 <cell></cell>
 <cell></cell>
 <cell></cell>
 <cell></cell>
 <cell></cell>
 <cell></cell>
</row>
<row>
 <cell>PCLK</cell>
 <cell></cell>
 <cell></cell>
 <cell></cell>
 <cell></cell>
 <cell>0.000</cell>
 <cell>0.000</cell>
 <cell></cell>
 <cell></cell>
</row>
<row>
 <cell>PCLK</cell>
 <cell>Clock source</cell>
 <cell></cell>
 <cell></cell>
 <cell>+</cell>
 <cell>0.000</cell>
 <cell>0.000</cell>
 <cell></cell>
 <cell>r</cell>
</row>
<row>
 <cell>BLOCK_INTERFACE_I_PCLK:A</cell>
 <cell>net</cell>
 <cell>I_NET_PCLK</cell>
 <cell></cell>
 <cell>+</cell>
 <cell>0.000</cell>
 <cell>0.000</cell>
 <cell></cell>
 <cell>r</cell>
</row>
<row>
 <cell>BLOCK_INTERFACE_I_PCLK:Y</cell>
 <cell>cell</cell>
 <cell></cell>
 <cell>ADLIB:CFG1</cell>
 <cell>+</cell>
 <cell>0.052</cell>
 <cell>0.052</cell>
 <cell>1</cell>
 <cell>r</cell>
</row>
<row>
 <cell>PCLK_RNIAB1A:A</cell>
 <cell>net</cell>
 <cell>PCLK</cell>
 <cell></cell>
 <cell>+</cell>
 <cell>0.596</cell>
 <cell>0.648</cell>
 <cell></cell>
 <cell>r</cell>
</row>
<row>
 <cell>PCLK_RNIAB1A:Y</cell>
 <cell>cell</cell>
 <cell></cell>
 <cell>ADLIB:GB</cell>
 <cell>+</cell>
 <cell>0.153</cell>
 <cell>0.801</cell>
 <cell>1</cell>
 <cell>r</cell>
</row>
<row>
 <cell>PCLK_RNIAB1A/U0_RGB1:A</cell>
 <cell>net</cell>
 <cell>PCLK_RNIAB1A/U0_Y</cell>
 <cell></cell>
 <cell>+</cell>
 <cell>0.000</cell>
 <cell>0.801</cell>
 <cell></cell>
 <cell>r</cell>
</row>
<row>
 <cell>PCLK_RNIAB1A/U0_RGB1:Y</cell>
 <cell>cell</cell>
 <cell></cell>
 <cell>ADLIB:RGB</cell>
 <cell>+</cell>
 <cell>0.066</cell>
 <cell>0.867</cell>
 <cell>195</cell>
 <cell>f</cell>
</row>
<row>
 <cell>GPIO_Cmd_0/GPIO_Data_0/xhdl1.GEN_BITS[0].APB_32.GPOUT_reg[0]:CLK</cell>
 <cell>net</cell>
 <cell>NN_1</cell>
 <cell></cell>
 <cell>+</cell>
 <cell>0.000</cell>
 <cell>0.867</cell>
 <cell></cell>
 <cell>r</cell>
</row>
<row>
 <cell>GPIO_Cmd_0/GPIO_Data_0/xhdl1.GEN_BITS[0].APB_32.GPOUT_reg[0]:Q</cell>
 <cell>cell</cell>
 <cell></cell>
 <cell>ADLIB:SLE</cell>
 <cell>+</cell>
 <cell>0.160</cell>
 <cell>1.027</cell>
 <cell>2</cell>
 <cell>f</cell>
</row>
<row>
 <cell>BLOCK_INTERFACE_I_ADC_RST:A</cell>
 <cell>net</cell>
 <cell>ADC_RST</cell>
 <cell></cell>
 <cell>+</cell>
 <cell>0.601</cell>
 <cell>1.628</cell>
 <cell></cell>
 <cell>f</cell>
</row>
<row>
 <cell>BLOCK_INTERFACE_I_ADC_RST:Y</cell>
 <cell>cell</cell>
 <cell></cell>
 <cell>ADLIB:CFG1</cell>
 <cell>+</cell>
 <cell>0.049</cell>
 <cell>1.677</cell>
 <cell>0</cell>
 <cell>f</cell>
</row>
<row>
 <cell>ADC_RST</cell>
 <cell>net</cell>
 <cell>I_NET_ADC_RST</cell>
 <cell></cell>
 <cell>+</cell>
 <cell>0.000</cell>
 <cell>1.677</cell>
 <cell></cell>
 <cell>f</cell>
</row>
<row>
 <cell>data arrival time</cell>
 <cell></cell>
 <cell></cell>
 <cell></cell>
 <cell></cell>
 <cell></cell>
 <cell>1.677</cell>
 <cell></cell>
 <cell></cell>
</row>
<row>
</row>
<row>
 <cell>Data required time calculation</cell>
 <cell></cell>
 <cell></cell>
 <cell></cell>
 <cell></cell>
 <cell></cell>
 <cell></cell>
 <cell></cell>
 <cell></cell>
</row>
<row>
 <cell>PCLK</cell>
 <cell></cell>
 <cell></cell>
 <cell></cell>
 <cell></cell>
 <cell>N/C</cell>
 <cell>N/C</cell>
 <cell></cell>
 <cell></cell>
</row>
<row>
 <cell>PCLK</cell>
 <cell>Clock source</cell>
 <cell></cell>
 <cell></cell>
 <cell>+</cell>
 <cell>0.000</cell>
 <cell>N/C</cell>
 <cell></cell>
 <cell>r</cell>
</row>
<row>
 <cell>ADC_RST</cell>
 <cell></cell>
 <cell></cell>
 <cell></cell>
 <cell></cell>
 <cell></cell>
 <cell>N/C</cell>
 <cell></cell>
 <cell>f</cell>
</row>
<row>
</row>
</table>
</section>
<section>
<name>SET Register to Asynchronous</name>
<table>
<header>
 <cell/>
 <cell>From</cell>
 <cell>To</cell>
 <cell>Delay (ns)</cell>
 <cell>Slack (ns)</cell>
 <cell>Arrival (ns)</cell>
 <cell>Required (ns)</cell>
 <cell>Removal (ns)</cell>
 <cell>Skew (ns)</cell>
</header>
<row>
 <cell>Path 1</cell>
 <cell>SPI_Data_0/SPI_Data_0/USPI/UCC/stx_async_reset_ok:CLK</cell>
 <cell>SPI_Data_0/SPI_Data_0/USPI/UCC/stxs_bitcnt[0]:ALn</cell>
 <cell>1.524</cell>
 <cell></cell>
 <cell>2.391</cell>
 <cell></cell>
 <cell>-0.082</cell>
 <cell>0.000</cell>
</row>
<row>
 <cell>Path 2</cell>
 <cell>SPI_Data_0/SPI_Data_0/USPI/UCC/stx_async_reset_ok:CLK</cell>
 <cell>SPI_Data_0/SPI_Data_0/USPI/UCC/stxs_bitcnt[1]:ALn</cell>
 <cell>1.524</cell>
 <cell></cell>
 <cell>2.391</cell>
 <cell></cell>
 <cell>-0.082</cell>
 <cell>0.000</cell>
</row>
<row>
 <cell>Path 3</cell>
 <cell>SPI_Data_0/SPI_Data_0/USPI/UCC/stx_async_reset_ok:CLK</cell>
 <cell>SPI_Data_0/SPI_Data_0/USPI/UCC/stxs_bitcnt[2]:ALn</cell>
 <cell>1.524</cell>
 <cell></cell>
 <cell>2.391</cell>
 <cell></cell>
 <cell>-0.082</cell>
 <cell>0.000</cell>
</row>
<row>
 <cell>Path 4</cell>
 <cell>SPI_Data_0/SPI_Data_0/USPI/UCC/stx_async_reset_ok:CLK</cell>
 <cell>SPI_Data_0/SPI_Data_0/USPI/UCC/stxs_bitcnt[3]:ALn</cell>
 <cell>1.524</cell>
 <cell></cell>
 <cell>2.391</cell>
 <cell></cell>
 <cell>-0.082</cell>
 <cell>0.000</cell>
</row>
<row>
 <cell>Path 5</cell>
 <cell>SPI_Data_0/SPI_Data_0/USPI/UCC/stx_async_reset_ok:CLK</cell>
 <cell>SPI_Data_0/SPI_Data_0/USPI/UCC/stxs_bitcnt[4]:ALn</cell>
 <cell>1.524</cell>
 <cell></cell>
 <cell>2.391</cell>
 <cell></cell>
 <cell>-0.082</cell>
 <cell>0.000</cell>
</row>
</table>
<text></text>
<section><name>Expanded Path 1</name></section>
<table>
<header>
 <cell>Pin Name</cell>
 <cell>Type</cell>
 <cell>Net Name</cell>
 <cell>Cell Name</cell>
 <cell>Op</cell>
 <cell>Delay (ns)</cell>
 <cell>Total (ns)</cell>
 <cell>Fanout</cell>
 <cell>Edge</cell>
</header>
<row>
 <cell>From: SPI_Data_0/SPI_Data_0/USPI/UCC/stx_async_reset_ok:CLK</cell>
 <cell></cell>
 <cell></cell>
 <cell></cell>
 <cell></cell>
 <cell></cell>
 <cell></cell>
 <cell></cell>
 <cell></cell>
</row>
<row>
 <cell>To: SPI_Data_0/SPI_Data_0/USPI/UCC/stxs_bitcnt[0]:ALn</cell>
 <cell></cell>
 <cell></cell>
 <cell></cell>
 <cell></cell>
 <cell></cell>
 <cell></cell>
 <cell></cell>
 <cell></cell>
</row>
<row>
 <cell>data arrival time</cell>
 <cell></cell>
 <cell></cell>
 <cell></cell>
 <cell></cell>
 <cell></cell>
 <cell>2.391</cell>
 <cell></cell>
 <cell></cell>
</row>
<row>
 <cell>data required time</cell>
 <cell></cell>
 <cell></cell>
 <cell></cell>
 <cell>-</cell>
 <cell></cell>
 <cell>N/C</cell>
 <cell></cell>
 <cell></cell>
</row>
<row>
 <cell>slack</cell>
 <cell></cell>
 <cell></cell>
 <cell></cell>
 <cell></cell>
 <cell></cell>
 <cell>N/C</cell>
 <cell></cell>
 <cell></cell>
</row>
<row>
</row>
<row>
 <cell>Data arrival time calculation</cell>
 <cell></cell>
 <cell></cell>
 <cell></cell>
 <cell></cell>
 <cell></cell>
 <cell></cell>
 <cell></cell>
 <cell></cell>
</row>
<row>
 <cell>PCLK</cell>
 <cell></cell>
 <cell></cell>
 <cell></cell>
 <cell></cell>
 <cell>0.000</cell>
 <cell>0.000</cell>
 <cell></cell>
 <cell></cell>
</row>
<row>
 <cell>PCLK</cell>
 <cell>Clock source</cell>
 <cell></cell>
 <cell></cell>
 <cell>+</cell>
 <cell>0.000</cell>
 <cell>0.000</cell>
 <cell></cell>
 <cell>r</cell>
</row>
<row>
 <cell>BLOCK_INTERFACE_I_PCLK:A</cell>
 <cell>net</cell>
 <cell>I_NET_PCLK</cell>
 <cell></cell>
 <cell>+</cell>
 <cell>0.000</cell>
 <cell>0.000</cell>
 <cell></cell>
 <cell>r</cell>
</row>
<row>
 <cell>BLOCK_INTERFACE_I_PCLK:Y</cell>
 <cell>cell</cell>
 <cell></cell>
 <cell>ADLIB:CFG1</cell>
 <cell>+</cell>
 <cell>0.052</cell>
 <cell>0.052</cell>
 <cell>1</cell>
 <cell>r</cell>
</row>
<row>
 <cell>PCLK_RNIAB1A:A</cell>
 <cell>net</cell>
 <cell>PCLK</cell>
 <cell></cell>
 <cell>+</cell>
 <cell>0.596</cell>
 <cell>0.648</cell>
 <cell></cell>
 <cell>r</cell>
</row>
<row>
 <cell>PCLK_RNIAB1A:Y</cell>
 <cell>cell</cell>
 <cell></cell>
 <cell>ADLIB:GB</cell>
 <cell>+</cell>
 <cell>0.153</cell>
 <cell>0.801</cell>
 <cell>1</cell>
 <cell>r</cell>
</row>
<row>
 <cell>PCLK_RNIAB1A/U0_RGB1:A</cell>
 <cell>net</cell>
 <cell>PCLK_RNIAB1A/U0_Y</cell>
 <cell></cell>
 <cell>+</cell>
 <cell>0.000</cell>
 <cell>0.801</cell>
 <cell></cell>
 <cell>r</cell>
</row>
<row>
 <cell>PCLK_RNIAB1A/U0_RGB1:Y</cell>
 <cell>cell</cell>
 <cell></cell>
 <cell>ADLIB:RGB</cell>
 <cell>+</cell>
 <cell>0.066</cell>
 <cell>0.867</cell>
 <cell>195</cell>
 <cell>f</cell>
</row>
<row>
 <cell>SPI_Data_0/SPI_Data_0/USPI/UCC/stx_async_reset_ok:CLK</cell>
 <cell>net</cell>
 <cell>NN_1</cell>
 <cell></cell>
 <cell>+</cell>
 <cell>0.000</cell>
 <cell>0.867</cell>
 <cell></cell>
 <cell>r</cell>
</row>
<row>
 <cell>SPI_Data_0/SPI_Data_0/USPI/UCC/stx_async_reset_ok:Q</cell>
 <cell>cell</cell>
 <cell></cell>
 <cell>ADLIB:SLE</cell>
 <cell>+</cell>
 <cell>0.160</cell>
 <cell>1.027</cell>
 <cell>1</cell>
 <cell>f</cell>
</row>
<row>
 <cell>SPI_Data_0/SPI_Data_0/USPI/UCC/un1_resetn_tx:A</cell>
 <cell>net</cell>
 <cell>SPI_Data_0/SPI_Data_0/USPI/UCC/stx_async_reset_ok_Z</cell>
 <cell></cell>
 <cell>+</cell>
 <cell>0.596</cell>
 <cell>1.623</cell>
 <cell></cell>
 <cell>f</cell>
</row>
<row>
 <cell>SPI_Data_0/SPI_Data_0/USPI/UCC/un1_resetn_tx:Y</cell>
 <cell>cell</cell>
 <cell></cell>
 <cell>ADLIB:CFG3</cell>
 <cell>+</cell>
 <cell>0.046</cell>
 <cell>1.669</cell>
 <cell>26</cell>
 <cell>r</cell>
</row>
<row>
 <cell>SPI_Data_0/SPI_Data_0/USPI/UCC/stxs_bitcnt[0]:ALn</cell>
 <cell>net</cell>
 <cell>SPI_Data_0/SPI_Data_0/USPI/UCC/un1_resetn_tx_i</cell>
 <cell></cell>
 <cell>+</cell>
 <cell>0.722</cell>
 <cell>2.391</cell>
 <cell></cell>
 <cell>r</cell>
</row>
<row>
 <cell>data arrival time</cell>
 <cell></cell>
 <cell></cell>
 <cell></cell>
 <cell></cell>
 <cell></cell>
 <cell>2.391</cell>
 <cell></cell>
 <cell></cell>
</row>
<row>
</row>
<row>
 <cell>Data required time calculation</cell>
 <cell></cell>
 <cell></cell>
 <cell></cell>
 <cell></cell>
 <cell></cell>
 <cell></cell>
 <cell></cell>
 <cell></cell>
</row>
<row>
 <cell>PCLK</cell>
 <cell></cell>
 <cell></cell>
 <cell></cell>
 <cell></cell>
 <cell>N/C</cell>
 <cell>N/C</cell>
 <cell></cell>
 <cell></cell>
</row>
<row>
 <cell>PCLK</cell>
 <cell>Clock source</cell>
 <cell></cell>
 <cell></cell>
 <cell>+</cell>
 <cell>0.000</cell>
 <cell>N/C</cell>
 <cell></cell>
 <cell>r</cell>
</row>
<row>
 <cell>BLOCK_INTERFACE_I_PCLK:A</cell>
 <cell>net</cell>
 <cell>I_NET_PCLK</cell>
 <cell></cell>
 <cell>+</cell>
 <cell>0.000</cell>
 <cell>N/C</cell>
 <cell></cell>
 <cell>r</cell>
</row>
<row>
 <cell>BLOCK_INTERFACE_I_PCLK:Y</cell>
 <cell>cell</cell>
 <cell></cell>
 <cell>ADLIB:CFG1</cell>
 <cell>+</cell>
 <cell>0.064</cell>
 <cell>N/C</cell>
 <cell>1</cell>
 <cell>r</cell>
</row>
<row>
 <cell>PCLK_RNIAB1A:A</cell>
 <cell>net</cell>
 <cell>PCLK</cell>
 <cell></cell>
 <cell>+</cell>
 <cell>0.698</cell>
 <cell>N/C</cell>
 <cell></cell>
 <cell>r</cell>
</row>
<row>
 <cell>PCLK_RNIAB1A:Y</cell>
 <cell>cell</cell>
 <cell></cell>
 <cell>ADLIB:GB</cell>
 <cell>+</cell>
 <cell>0.175</cell>
 <cell>N/C</cell>
 <cell>1</cell>
 <cell>r</cell>
</row>
<row>
 <cell>PCLK_RNIAB1A/U0_RGB1:A</cell>
 <cell>net</cell>
 <cell>PCLK_RNIAB1A/U0_Y</cell>
 <cell></cell>
 <cell>+</cell>
 <cell>0.000</cell>
 <cell>N/C</cell>
 <cell></cell>
 <cell>r</cell>
</row>
<row>
 <cell>PCLK_RNIAB1A/U0_RGB1:Y</cell>
 <cell>cell</cell>
 <cell></cell>
 <cell>ADLIB:RGB</cell>
 <cell>+</cell>
 <cell>0.076</cell>
 <cell>N/C</cell>
 <cell>195</cell>
 <cell>f</cell>
</row>
<row>
 <cell>SPI_Data_0/SPI_Data_0/USPI/UCC/stxs_bitcnt[0]:CLK</cell>
 <cell>net</cell>
 <cell>NN_1</cell>
 <cell></cell>
 <cell>+</cell>
 <cell>0.000</cell>
 <cell>N/C</cell>
 <cell></cell>
 <cell>r</cell>
</row>
<row>
 <cell>clock reconvergence pessimism</cell>
 <cell></cell>
 <cell></cell>
 <cell></cell>
 <cell>+</cell>
 <cell>-0.146</cell>
 <cell>N/C</cell>
 <cell></cell>
 <cell></cell>
</row>
<row>
 <cell>SPI_Data_0/SPI_Data_0/USPI/UCC/stxs_bitcnt[0]:ALn</cell>
 <cell>Library removal time</cell>
 <cell></cell>
 <cell>ADLIB:SLE</cell>
 <cell>+</cell>
 <cell>-0.082</cell>
 <cell>N/C</cell>
 <cell></cell>
 <cell></cell>
</row>
<row>
</row>
</table>
</section>
<section>
<name>SET External Removal</name>
<table>
<header>
 <cell/>
 <cell>From</cell>
 <cell>To</cell>
 <cell>Delay (ns)</cell>
 <cell>Slack (ns)</cell>
 <cell>Arrival (ns)</cell>
 <cell>Required (ns)</cell>
 <cell>Removal (ns)</cell>
 <cell>External Removal (ns)</cell>
</header>
<row>
 <cell>Path 1</cell>
 <cell>PRESETN</cell>
 <cell>GPIO_Cmd_0/GPIO_Data_0/xhdl1.GEN_BITS[0].APB_32.GPOUT_reg[0]:ALn</cell>
 <cell>1.420</cell>
 <cell></cell>
 <cell>1.420</cell>
 <cell></cell>
 <cell>-0.082</cell>
 <cell>-0.489</cell>
</row>
<row>
 <cell>Path 2</cell>
 <cell>PRESETN</cell>
 <cell>GPIO_Cmd_0/GPIO_Data_0/xhdl1.GEN_BITS[1].APB_32.GPOUT_reg[1]:ALn</cell>
 <cell>1.420</cell>
 <cell></cell>
 <cell>1.420</cell>
 <cell></cell>
 <cell>-0.082</cell>
 <cell>-0.489</cell>
</row>
<row>
 <cell>Path 3</cell>
 <cell>PRESETN</cell>
 <cell>SPI_Data_0/SPI_Data_0/USPI/UCC/SYNC1_msrxp_pktsel:ALn</cell>
 <cell>1.420</cell>
 <cell></cell>
 <cell>1.420</cell>
 <cell></cell>
 <cell>-0.082</cell>
 <cell>-0.489</cell>
</row>
<row>
 <cell>Path 4</cell>
 <cell>PRESETN</cell>
 <cell>SPI_Data_0/SPI_Data_0/USPI/UCC/SYNC1_msrxp_strobe:ALn</cell>
 <cell>1.420</cell>
 <cell></cell>
 <cell>1.420</cell>
 <cell></cell>
 <cell>-0.082</cell>
 <cell>-0.489</cell>
</row>
<row>
 <cell>Path 5</cell>
 <cell>PRESETN</cell>
 <cell>SPI_Data_0/SPI_Data_0/USPI/UCC/SYNC1_stxp_dataerr:ALn</cell>
 <cell>1.420</cell>
 <cell></cell>
 <cell>1.420</cell>
 <cell></cell>
 <cell>-0.082</cell>
 <cell>-0.489</cell>
</row>
</table>
<text></text>
<section><name>Expanded Path 1</name></section>
<table>
<header>
 <cell>Pin Name</cell>
 <cell>Type</cell>
 <cell>Net Name</cell>
 <cell>Cell Name</cell>
 <cell>Op</cell>
 <cell>Delay (ns)</cell>
 <cell>Total (ns)</cell>
 <cell>Fanout</cell>
 <cell>Edge</cell>
</header>
<row>
 <cell>From: PRESETN</cell>
 <cell></cell>
 <cell></cell>
 <cell></cell>
 <cell></cell>
 <cell></cell>
 <cell></cell>
 <cell></cell>
 <cell></cell>
</row>
<row>
 <cell>To: GPIO_Cmd_0/GPIO_Data_0/xhdl1.GEN_BITS[0].APB_32.GPOUT_reg[0]:ALn</cell>
 <cell></cell>
 <cell></cell>
 <cell></cell>
 <cell></cell>
 <cell></cell>
 <cell></cell>
 <cell></cell>
 <cell></cell>
</row>
<row>
 <cell>data arrival time</cell>
 <cell></cell>
 <cell></cell>
 <cell></cell>
 <cell></cell>
 <cell></cell>
 <cell>1.420</cell>
 <cell></cell>
 <cell></cell>
</row>
<row>
 <cell>data required time</cell>
 <cell></cell>
 <cell></cell>
 <cell></cell>
 <cell>-</cell>
 <cell></cell>
 <cell>N/C</cell>
 <cell></cell>
 <cell></cell>
</row>
<row>
 <cell>slack</cell>
 <cell></cell>
 <cell></cell>
 <cell></cell>
 <cell></cell>
 <cell></cell>
 <cell>N/C</cell>
 <cell></cell>
 <cell></cell>
</row>
<row>
</row>
<row>
 <cell>Data arrival time calculation</cell>
 <cell></cell>
 <cell></cell>
 <cell></cell>
 <cell></cell>
 <cell></cell>
 <cell></cell>
 <cell></cell>
 <cell></cell>
</row>
<row>
 <cell>PRESETN</cell>
 <cell></cell>
 <cell></cell>
 <cell></cell>
 <cell></cell>
 <cell>0.000</cell>
 <cell>0.000</cell>
 <cell></cell>
 <cell>r</cell>
</row>
<row>
 <cell>BLOCK_INTERFACE_I_PRESETN:A</cell>
 <cell>net</cell>
 <cell>I_NET_PRESETN</cell>
 <cell></cell>
 <cell>+</cell>
 <cell>0.000</cell>
 <cell>0.000</cell>
 <cell></cell>
 <cell>r</cell>
</row>
<row>
 <cell>BLOCK_INTERFACE_I_PRESETN:Y</cell>
 <cell>cell</cell>
 <cell></cell>
 <cell>ADLIB:CFG1</cell>
 <cell>+</cell>
 <cell>0.052</cell>
 <cell>0.052</cell>
 <cell>169</cell>
 <cell>r</cell>
</row>
<row>
 <cell>GPIO_Cmd_0/GPIO_Data_0/xhdl1.GEN_BITS[0].APB_32.GPOUT_reg[0]:ALn</cell>
 <cell>net</cell>
 <cell>PRESETN</cell>
 <cell></cell>
 <cell>+</cell>
 <cell>1.368</cell>
 <cell>1.420</cell>
 <cell></cell>
 <cell>r</cell>
</row>
<row>
 <cell>data arrival time</cell>
 <cell></cell>
 <cell></cell>
 <cell></cell>
 <cell></cell>
 <cell></cell>
 <cell>1.420</cell>
 <cell></cell>
 <cell></cell>
</row>
<row>
</row>
<row>
 <cell>Data required time calculation</cell>
 <cell></cell>
 <cell></cell>
 <cell></cell>
 <cell></cell>
 <cell></cell>
 <cell></cell>
 <cell></cell>
 <cell></cell>
</row>
<row>
 <cell>PCLK</cell>
 <cell></cell>
 <cell></cell>
 <cell></cell>
 <cell></cell>
 <cell>N/C</cell>
 <cell>N/C</cell>
 <cell></cell>
 <cell></cell>
</row>
<row>
 <cell>PCLK</cell>
 <cell>Clock source</cell>
 <cell></cell>
 <cell></cell>
 <cell>+</cell>
 <cell>0.000</cell>
 <cell>N/C</cell>
 <cell></cell>
 <cell>r</cell>
</row>
<row>
 <cell>BLOCK_INTERFACE_I_PCLK:A</cell>
 <cell>net</cell>
 <cell>I_NET_PCLK</cell>
 <cell></cell>
 <cell>+</cell>
 <cell>0.000</cell>
 <cell>N/C</cell>
 <cell></cell>
 <cell>r</cell>
</row>
<row>
 <cell>BLOCK_INTERFACE_I_PCLK:Y</cell>
 <cell>cell</cell>
 <cell></cell>
 <cell>ADLIB:CFG1</cell>
 <cell>+</cell>
 <cell>0.064</cell>
 <cell>N/C</cell>
 <cell>1</cell>
 <cell>r</cell>
</row>
<row>
 <cell>PCLK_RNIAB1A:A</cell>
 <cell>net</cell>
 <cell>PCLK</cell>
 <cell></cell>
 <cell>+</cell>
 <cell>0.698</cell>
 <cell>N/C</cell>
 <cell></cell>
 <cell>r</cell>
</row>
<row>
 <cell>PCLK_RNIAB1A:Y</cell>
 <cell>cell</cell>
 <cell></cell>
 <cell>ADLIB:GB</cell>
 <cell>+</cell>
 <cell>0.175</cell>
 <cell>N/C</cell>
 <cell>1</cell>
 <cell>r</cell>
</row>
<row>
 <cell>PCLK_RNIAB1A/U0_RGB1:A</cell>
 <cell>net</cell>
 <cell>PCLK_RNIAB1A/U0_Y</cell>
 <cell></cell>
 <cell>+</cell>
 <cell>0.000</cell>
 <cell>N/C</cell>
 <cell></cell>
 <cell>r</cell>
</row>
<row>
 <cell>PCLK_RNIAB1A/U0_RGB1:Y</cell>
 <cell>cell</cell>
 <cell></cell>
 <cell>ADLIB:RGB</cell>
 <cell>+</cell>
 <cell>0.076</cell>
 <cell>N/C</cell>
 <cell>195</cell>
 <cell>f</cell>
</row>
<row>
 <cell>GPIO_Cmd_0/GPIO_Data_0/xhdl1.GEN_BITS[0].APB_32.GPOUT_reg[0]:CLK</cell>
 <cell>net</cell>
 <cell>NN_1</cell>
 <cell></cell>
 <cell>+</cell>
 <cell>0.000</cell>
 <cell>N/C</cell>
 <cell></cell>
 <cell>r</cell>
</row>
<row>
 <cell>GPIO_Cmd_0/GPIO_Data_0/xhdl1.GEN_BITS[0].APB_32.GPOUT_reg[0]:ALn</cell>
 <cell>Library removal time</cell>
 <cell></cell>
 <cell>ADLIB:SLE</cell>
 <cell>+</cell>
 <cell>-0.082</cell>
 <cell>N/C</cell>
 <cell></cell>
 <cell></cell>
</row>
<row>
</row>
</table>
</section>
<section>
<name>SET Asynchronous to Register</name>
<text>No Path</text>
</section>
</section>
<section>
<name>Path Set Pin to Pin</name>
<section>
<name>SET Input to Output</name>
<table>
<header>
 <cell/>
 <cell>From</cell>
 <cell>To</cell>
 <cell>Delay (ns)</cell>
 <cell>Slack (ns)</cell>
 <cell>Arrival (ns)</cell>
 <cell>Required (ns)</cell>
</header>
<row>
 <cell>Path 1</cell>
 <cell>ADC_CLK_IN</cell>
 <cell>CLK_4MHz</cell>
 <cell>0.000</cell>
 <cell></cell>
 <cell>0.000</cell>
 <cell></cell>
</row>
<row>
 <cell>Path 2</cell>
 <cell>ADC_DR_N</cell>
 <cell>DATA_IRQN</cell>
 <cell>0.000</cell>
 <cell></cell>
 <cell>0.000</cell>
 <cell></cell>
</row>
<row>
 <cell>Path 3</cell>
 <cell>CLK_4MHz</cell>
 <cell>ADC_CLK_IN</cell>
 <cell>0.000</cell>
 <cell></cell>
 <cell>0.000</cell>
 <cell></cell>
</row>
<row>
 <cell>Path 4</cell>
 <cell>DATA_IRQN</cell>
 <cell>ADC_DR_N</cell>
 <cell>0.000</cell>
 <cell></cell>
 <cell>0.000</cell>
 <cell></cell>
</row>
<row>
 <cell>Path 5</cell>
 <cell>PADDR_in[8]</cell>
 <cell>PRDATA_in[0]</cell>
 <cell>2.041</cell>
 <cell></cell>
 <cell>2.041</cell>
 <cell></cell>
</row>
</table>
<text></text>
<section><name>Expanded Path 1</name></section>
<table>
<header>
 <cell>Pin Name</cell>
 <cell>Type</cell>
 <cell>Net Name</cell>
 <cell>Cell Name</cell>
 <cell>Op</cell>
 <cell>Delay (ns)</cell>
 <cell>Total (ns)</cell>
 <cell>Fanout</cell>
 <cell>Edge</cell>
</header>
<row>
 <cell>From: ADC_CLK_IN</cell>
 <cell></cell>
 <cell></cell>
 <cell></cell>
 <cell></cell>
 <cell></cell>
 <cell></cell>
 <cell></cell>
 <cell></cell>
</row>
<row>
 <cell>To: CLK_4MHz</cell>
 <cell></cell>
 <cell></cell>
 <cell></cell>
 <cell></cell>
 <cell></cell>
 <cell></cell>
 <cell></cell>
 <cell></cell>
</row>
<row>
 <cell>data arrival time</cell>
 <cell></cell>
 <cell></cell>
 <cell></cell>
 <cell></cell>
 <cell></cell>
 <cell>0.000</cell>
 <cell></cell>
 <cell></cell>
</row>
<row>
 <cell>data required time</cell>
 <cell></cell>
 <cell></cell>
 <cell></cell>
 <cell>-</cell>
 <cell></cell>
 <cell>N/C</cell>
 <cell></cell>
 <cell></cell>
</row>
<row>
 <cell>slack</cell>
 <cell></cell>
 <cell></cell>
 <cell></cell>
 <cell></cell>
 <cell></cell>
 <cell>N/C</cell>
 <cell></cell>
 <cell></cell>
</row>
<row>
</row>
<row>
 <cell>Data arrival time calculation</cell>
 <cell></cell>
 <cell></cell>
 <cell></cell>
 <cell></cell>
 <cell></cell>
 <cell></cell>
 <cell></cell>
 <cell></cell>
</row>
<row>
 <cell>ADC_CLK_IN</cell>
 <cell></cell>
 <cell></cell>
 <cell></cell>
 <cell></cell>
 <cell>0.000</cell>
 <cell>0.000</cell>
 <cell></cell>
 <cell>r</cell>
</row>
<row>
 <cell>CLK_4MHz</cell>
 <cell>net</cell>
 <cell>ADC_CLK_IN</cell>
 <cell></cell>
 <cell>+</cell>
 <cell>0.000</cell>
 <cell>0.000</cell>
 <cell></cell>
 <cell>r</cell>
</row>
<row>
 <cell>data arrival time</cell>
 <cell></cell>
 <cell></cell>
 <cell></cell>
 <cell></cell>
 <cell></cell>
 <cell>0.000</cell>
 <cell></cell>
 <cell></cell>
</row>
<row>
</row>
<row>
 <cell>Data required time calculation</cell>
 <cell></cell>
 <cell></cell>
 <cell></cell>
 <cell></cell>
 <cell></cell>
 <cell></cell>
 <cell></cell>
 <cell></cell>
</row>
<row>
 <cell>ADC_CLK_IN</cell>
 <cell></cell>
 <cell></cell>
 <cell></cell>
 <cell></cell>
 <cell>N/C</cell>
 <cell>N/C</cell>
 <cell></cell>
 <cell>r</cell>
</row>
<row>
 <cell>CLK_4MHz</cell>
 <cell></cell>
 <cell></cell>
 <cell></cell>
 <cell></cell>
 <cell></cell>
 <cell>N/C</cell>
 <cell></cell>
 <cell>r</cell>
</row>
<row>
 <cell>data required time</cell>
 <cell></cell>
 <cell></cell>
 <cell></cell>
 <cell></cell>
 <cell></cell>
 <cell>N/C</cell>
 <cell></cell>
 <cell></cell>
</row>
<row>
</row>
</table>
</section>
</section>
<section>
<name>Path Set User Sets</name>
</section>
</doc>
