<?xml version="1.0" encoding="ISO-8859-1" ?>
<?xml-stylesheet type="text/xsl" href="drcss.xsl"?>
<drcreport>
  <header>MCP9303_Interface</header>
  <drc>
    <status>C:\Microsemi\Libero_SoC_PolarFire_v2.0\Designer/data/drcreport\error.png</status>
    <StatusMessage>Error</StatusMessage>
    <message>No Top Level Ports</message>
    <detail>You must create at least one port for a valid design</detail>
    <crossprobe>liberoaction://cross_probe/smartdesign/MCP9303_Interface/instances/MCP9303_Interface</crossprobe>
  </drc>
  <drc>
    <status>C:\Microsemi\Libero_SoC_PolarFire_v2.0\Designer/data/drcreport\warn.png</status>
    <StatusMessage>Warning</StatusMessage>
    <message>Unconnected Bus Interface</message>
    <detail>Unconnected bus interface pin APB3_Bus_0:APB3mmaster</detail>
    <crossprobe>liberoaction://cross_probe/smartdesign/MCP9303_Interface/pins/APB3_Bus_0:APB3mmaster</crossprobe>
  </drc>
  <drc>
    <status>C:\Microsemi\Libero_SoC_PolarFire_v2.0\Designer/data/drcreport\warn.png</status>
    <StatusMessage>Warning</StatusMessage>
    <message>Unconnected Bus Interface</message>
    <detail>Unconnected bus interface pin APB3_Bus_0:APBmslave0</detail>
    <crossprobe>liberoaction://cross_probe/smartdesign/MCP9303_Interface/pins/APB3_Bus_0:APBmslave0</crossprobe>
  </drc>
  <drc>
    <status>C:\Microsemi\Libero_SoC_PolarFire_v2.0\Designer/data/drcreport\warn.png</status>
    <StatusMessage>Warning</StatusMessage>
    <message>Unconnected Bus Interface</message>
    <detail>Unconnected bus interface pin APB3_Bus_0:APBmslave1</detail>
    <crossprobe>liberoaction://cross_probe/smartdesign/MCP9303_Interface/pins/APB3_Bus_0:APBmslave1</crossprobe>
  </drc>
  <drc>
    <status>C:\Microsemi\Libero_SoC_PolarFire_v2.0\Designer/data/drcreport\error.png</status>
    <StatusMessage>Error</StatusMessage>
    <message>Undriven Pin</message>
    <detail>Unconnected input pin GPIO_Data_0:PRESETN</detail>
    <crossprobe>liberoaction://cross_probe/smartdesign/MCP9303_Interface/pins/GPIO_Data_0:PRESETN</crossprobe>
  </drc>
  <drc>
    <status>C:\Microsemi\Libero_SoC_PolarFire_v2.0\Designer/data/drcreport\error.png</status>
    <StatusMessage>Error</StatusMessage>
    <message>Undriven Pin</message>
    <detail>Unconnected input pin GPIO_Data_0:PCLK</detail>
    <crossprobe>liberoaction://cross_probe/smartdesign/MCP9303_Interface/pins/GPIO_Data_0:PCLK</crossprobe>
  </drc>
  <drc>
    <status>C:\Microsemi\Libero_SoC_PolarFire_v2.0\Designer/data/drcreport\warn.png</status>
    <StatusMessage>Warning</StatusMessage>
    <message>Floating Driver</message>
    <detail>Floating output bus pin GPIO_Data_0:INT[3:0]</detail>
    <crossprobe>liberoaction://cross_probe/smartdesign/MCP9303_Interface/pins/GPIO_Data_0:INT</crossprobe>
  </drc>
  <drc>
    <status>C:\Microsemi\Libero_SoC_PolarFire_v2.0\Designer/data/drcreport\error.png</status>
    <StatusMessage>Error</StatusMessage>
    <message>Undriven Pin</message>
    <detail>Unconnected input pin GPIO_Data_0:GPIO_IN[3:0]</detail>
    <crossprobe>liberoaction://cross_probe/smartdesign/MCP9303_Interface/pins/GPIO_Data_0:GPIO_IN</crossprobe>
  </drc>
  <drc>
    <status>C:\Microsemi\Libero_SoC_PolarFire_v2.0\Designer/data/drcreport\warn.png</status>
    <StatusMessage>Warning</StatusMessage>
    <message>Floating Driver</message>
    <detail>Floating output bus pin GPIO_Data_0:GPIO_OUT[3:0]</detail>
    <crossprobe>liberoaction://cross_probe/smartdesign/MCP9303_Interface/pins/GPIO_Data_0:GPIO_OUT</crossprobe>
  </drc>
  <drc>
    <status>C:\Microsemi\Libero_SoC_PolarFire_v2.0\Designer/data/drcreport\warn.png</status>
    <StatusMessage>Warning</StatusMessage>
    <message>Unconnected Bus Interface</message>
    <detail>Unconnected bus interface pin GPIO_Data_0:APB_bif</detail>
    <crossprobe>liberoaction://cross_probe/smartdesign/MCP9303_Interface/pins/GPIO_Data_0:APB_bif</crossprobe>
  </drc>
  <drc>
    <status>C:\Microsemi\Libero_SoC_PolarFire_v2.0\Designer/data/drcreport\error.png</status>
    <StatusMessage>Error</StatusMessage>
    <message>Undriven Pin</message>
    <detail>Unconnected input pin SPI_Data_0:PCLK</detail>
    <crossprobe>liberoaction://cross_probe/smartdesign/MCP9303_Interface/pins/SPI_Data_0:PCLK</crossprobe>
  </drc>
  <drc>
    <status>C:\Microsemi\Libero_SoC_PolarFire_v2.0\Designer/data/drcreport\error.png</status>
    <StatusMessage>Error</StatusMessage>
    <message>Undriven Pin</message>
    <detail>Unconnected input pin SPI_Data_0:PRESETN</detail>
    <crossprobe>liberoaction://cross_probe/smartdesign/MCP9303_Interface/pins/SPI_Data_0:PRESETN</crossprobe>
  </drc>
  <drc>
    <status>C:\Microsemi\Libero_SoC_PolarFire_v2.0\Designer/data/drcreport\warn.png</status>
    <StatusMessage>Warning</StatusMessage>
    <message>Floating Driver</message>
    <detail>Floating output pin SPI_Data_0:SPIINT</detail>
    <crossprobe>liberoaction://cross_probe/smartdesign/MCP9303_Interface/pins/SPI_Data_0:SPIINT</crossprobe>
  </drc>
  <drc>
    <status>C:\Microsemi\Libero_SoC_PolarFire_v2.0\Designer/data/drcreport\warn.png</status>
    <StatusMessage>Warning</StatusMessage>
    <message>Floating Driver</message>
    <detail>Floating output pin SPI_Data_0:SPIRXAVAIL</detail>
    <crossprobe>liberoaction://cross_probe/smartdesign/MCP9303_Interface/pins/SPI_Data_0:SPIRXAVAIL</crossprobe>
  </drc>
  <drc>
    <status>C:\Microsemi\Libero_SoC_PolarFire_v2.0\Designer/data/drcreport\warn.png</status>
    <StatusMessage>Warning</StatusMessage>
    <message>Floating Driver</message>
    <detail>Floating output pin SPI_Data_0:SPITXRFM</detail>
    <crossprobe>liberoaction://cross_probe/smartdesign/MCP9303_Interface/pins/SPI_Data_0:SPITXRFM</crossprobe>
  </drc>
  <drc>
    <status>C:\Microsemi\Libero_SoC_PolarFire_v2.0\Designer/data/drcreport\error.png</status>
    <StatusMessage>Error</StatusMessage>
    <message>Undriven Pin</message>
    <detail>Unconnected input pin SPI_Data_0:SPISSI</detail>
    <crossprobe>liberoaction://cross_probe/smartdesign/MCP9303_Interface/pins/SPI_Data_0:SPISSI</crossprobe>
  </drc>
  <drc>
    <status>C:\Microsemi\Libero_SoC_PolarFire_v2.0\Designer/data/drcreport\error.png</status>
    <StatusMessage>Error</StatusMessage>
    <message>Undriven Pin</message>
    <detail>Unconnected input pin SPI_Data_0:SPISDI</detail>
    <crossprobe>liberoaction://cross_probe/smartdesign/MCP9303_Interface/pins/SPI_Data_0:SPISDI</crossprobe>
  </drc>
  <drc>
    <status>C:\Microsemi\Libero_SoC_PolarFire_v2.0\Designer/data/drcreport\error.png</status>
    <StatusMessage>Error</StatusMessage>
    <message>Undriven Pin</message>
    <detail>Unconnected input pin SPI_Data_0:SPICLKI</detail>
    <crossprobe>liberoaction://cross_probe/smartdesign/MCP9303_Interface/pins/SPI_Data_0:SPICLKI</crossprobe>
  </drc>
  <drc>
    <status>C:\Microsemi\Libero_SoC_PolarFire_v2.0\Designer/data/drcreport\warn.png</status>
    <StatusMessage>Warning</StatusMessage>
    <message>Floating Driver</message>
    <detail>Floating output bus pin SPI_Data_0:SPISS[7:0]</detail>
    <crossprobe>liberoaction://cross_probe/smartdesign/MCP9303_Interface/pins/SPI_Data_0:SPISS</crossprobe>
  </drc>
  <drc>
    <status>C:\Microsemi\Libero_SoC_PolarFire_v2.0\Designer/data/drcreport\warn.png</status>
    <StatusMessage>Warning</StatusMessage>
    <message>Floating Driver</message>
    <detail>Floating output pin SPI_Data_0:SPISCLKO</detail>
    <crossprobe>liberoaction://cross_probe/smartdesign/MCP9303_Interface/pins/SPI_Data_0:SPISCLKO</crossprobe>
  </drc>
  <drc>
    <status>C:\Microsemi\Libero_SoC_PolarFire_v2.0\Designer/data/drcreport\warn.png</status>
    <StatusMessage>Warning</StatusMessage>
    <message>Floating Driver</message>
    <detail>Floating output pin SPI_Data_0:SPIOEN</detail>
    <crossprobe>liberoaction://cross_probe/smartdesign/MCP9303_Interface/pins/SPI_Data_0:SPIOEN</crossprobe>
  </drc>
  <drc>
    <status>C:\Microsemi\Libero_SoC_PolarFire_v2.0\Designer/data/drcreport\warn.png</status>
    <StatusMessage>Warning</StatusMessage>
    <message>Floating Driver</message>
    <detail>Floating output pin SPI_Data_0:SPISDO</detail>
    <crossprobe>liberoaction://cross_probe/smartdesign/MCP9303_Interface/pins/SPI_Data_0:SPISDO</crossprobe>
  </drc>
  <drc>
    <status>C:\Microsemi\Libero_SoC_PolarFire_v2.0\Designer/data/drcreport\warn.png</status>
    <StatusMessage>Warning</StatusMessage>
    <message>Floating Driver</message>
    <detail>Floating output pin SPI_Data_0:SPIMODE</detail>
    <crossprobe>liberoaction://cross_probe/smartdesign/MCP9303_Interface/pins/SPI_Data_0:SPIMODE</crossprobe>
  </drc>
  <drc>
    <status>C:\Microsemi\Libero_SoC_PolarFire_v2.0\Designer/data/drcreport\warn.png</status>
    <StatusMessage>Warning</StatusMessage>
    <message>Unconnected Bus Interface</message>
    <detail>Unconnected bus interface pin SPI_Data_0:APB_bif</detail>
    <crossprobe>liberoaction://cross_probe/smartdesign/MCP9303_Interface/pins/SPI_Data_0:APB_bif</crossprobe>
  </drc>
</drcreport>
