<?xml version="1.0" encoding="UTF-8" standalone="no" ?>
<?xml-stylesheet href="rptstyle.xsl" type="text/xsl" ?>
<doc>
<title>Timing Report Max Delay Analysis
</title>
<text>SmartTime Version 11.8.3.6</text>
<text>Microsemi Corporation - Microsemi Libero Software Release v11.8 SP3 (Version 11.8.3.6)</text>
<text>Date: Fri Mar 23 11:36:12 2018
</text>
<table>
<header>
</header>
<row>
 <cell>Design</cell>
 <cell>MCP9303_Interface</cell>
</row>
<row>
 <cell>Family</cell>
 <cell>SmartFusion2</cell>
</row>
<row>
 <cell>Die</cell>
 <cell>M2S025</cell>
</row>
<row>
 <cell>Package</cell>
 <cell>256 VF</cell>
</row>
<row>
 <cell>Temperature Range</cell>
 <cell>0 - 85 C</cell>
</row>
<row>
 <cell>Voltage Range</cell>
 <cell>1.14 - 1.26 V</cell>
</row>
<row>
 <cell>Speed Grade</cell>
 <cell>STD</cell>
</row>
<row>
 <cell>Design State</cell>
 <cell>Pre-Layout</cell>
</row>
<row>
 <cell>Data source</cell>
 <cell></cell>
</row>
<row>
 <cell>Min Operating Conditions</cell>
 <cell>BEST - 1.26 V - 0 C</cell>
</row>
<row>
 <cell>Max Operating Conditions</cell>
 <cell>WORST - 1.14 V - 85 C</cell>
</row>
<row>
 <cell>Scenario for Timing Analysis</cell>
 <cell>Primary</cell>
</row>
</table>
<text></text>
<section>
<name>Summary</name>
<table>
<header>
 <cell>Clock Domain</cell>
 <cell>Period (ns)</cell>
 <cell>Frequency (MHz)</cell>
 <cell>Required Period (ns)</cell>
 <cell>Required Frequency (MHz)</cell>
 <cell>External Setup (ns)</cell>
 <cell>External Hold (ns)</cell>
 <cell>Min Clock-To-Out (ns)</cell>
 <cell>Max Clock-To-Out (ns)</cell>
</header>
<row>
 <cell>PCLK</cell>
 <cell>8.573</cell>
 <cell>116.645</cell>
 <cell>N/A</cell>
 <cell>N/A</cell>
 <cell>9.609</cell>
 <cell>1.389</cell>
 <cell>2.542</cell>
 <cell>14.617</cell>
</row>
</table>
<text></text>
<table>
<header>
 <cell></cell>
 <cell>Min Delay (ns)</cell>
 <cell>Max Delay (ns)</cell>
</header>
<row>
 <cell>Input to Output</cell>
 <cell>0.000</cell>
 <cell>10.764</cell>
</row>
</table>
</section>
<section>
<name>Clock Domain PCLK</name>
<text></text>
<section>
<name>SET Register to Register</name>
<table>
<header>
 <cell/>
 <cell>From</cell>
 <cell>To</cell>
 <cell>Delay (ns)</cell>
 <cell>Slack (ns)</cell>
 <cell>Arrival (ns)</cell>
 <cell>Required (ns)</cell>
 <cell>Setup (ns)</cell>
 <cell>Minimum Period (ns)</cell>
</header>
<row>
 <cell>Path 1</cell>
 <cell>SPI_Data/USPI/UCC/mtx_bitsel[0]:CLK</cell>
 <cell>SPI_Data/USPI/UCC/mtx_bitsel[2]:D</cell>
 <cell>8.256</cell>
 <cell></cell>
 <cell>11.605</cell>
 <cell></cell>
 <cell>0.298</cell>
 <cell>8.573</cell>
</row>
<row>
 <cell>Path 2</cell>
 <cell>SPI_Data/USPI/URF/clr_txfifo:CLK</cell>
 <cell>SPI_Data/USPI/UTXF/full_out:D</cell>
 <cell>8.241</cell>
 <cell></cell>
 <cell>11.590</cell>
 <cell></cell>
 <cell>0.298</cell>
 <cell>8.558</cell>
</row>
<row>
 <cell>Path 3</cell>
 <cell>SPI_Data/USPI/URF/clr_txfifo:CLK</cell>
 <cell>SPI_Data/USPI/UTXF/empty_out:D</cell>
 <cell>8.241</cell>
 <cell></cell>
 <cell>11.590</cell>
 <cell></cell>
 <cell>0.298</cell>
 <cell>8.558</cell>
</row>
<row>
 <cell>Path 4</cell>
 <cell>SPI_Data/USPI/UCC/mtx_bitsel[1]:CLK</cell>
 <cell>SPI_Data/USPI/UCC/mtx_bitsel[2]:D</cell>
 <cell>8.173</cell>
 <cell></cell>
 <cell>11.522</cell>
 <cell></cell>
 <cell>0.298</cell>
 <cell>8.490</cell>
</row>
<row>
 <cell>Path 5</cell>
 <cell>SPI_Data/USPI/UCC/mtx_bitsel[0]:CLK</cell>
 <cell>SPI_Data/USPI/UCC/mtx_bitsel[3]:D</cell>
 <cell>8.166</cell>
 <cell></cell>
 <cell>11.515</cell>
 <cell></cell>
 <cell>0.298</cell>
 <cell>8.483</cell>
</row>
</table>
<text></text>
<section><name>Expanded Path 1</name></section>
<table>
<header>
 <cell>Pin Name</cell>
 <cell>Type</cell>
 <cell>Net Name</cell>
 <cell>Cell Name</cell>
 <cell>Op</cell>
 <cell>Delay (ns)</cell>
 <cell>Total (ns)</cell>
 <cell>Fanout</cell>
 <cell>Edge</cell>
</header>
<row>
 <cell>From: SPI_Data/USPI/UCC/mtx_bitsel[0]:CLK</cell>
 <cell></cell>
 <cell></cell>
 <cell></cell>
 <cell></cell>
 <cell></cell>
 <cell></cell>
 <cell></cell>
 <cell></cell>
</row>
<row>
 <cell>To: SPI_Data/USPI/UCC/mtx_bitsel[2]:D</cell>
 <cell></cell>
 <cell></cell>
 <cell></cell>
 <cell></cell>
 <cell></cell>
 <cell></cell>
 <cell></cell>
 <cell></cell>
</row>
<row>
 <cell>data required time</cell>
 <cell></cell>
 <cell></cell>
 <cell></cell>
 <cell></cell>
 <cell></cell>
 <cell>N/C</cell>
 <cell></cell>
 <cell></cell>
</row>
<row>
 <cell>data arrival time</cell>
 <cell></cell>
 <cell></cell>
 <cell></cell>
 <cell>-</cell>
 <cell></cell>
 <cell>11.605</cell>
 <cell></cell>
 <cell></cell>
</row>
<row>
 <cell>slack</cell>
 <cell></cell>
 <cell></cell>
 <cell></cell>
 <cell></cell>
 <cell></cell>
 <cell>N/C</cell>
 <cell></cell>
 <cell></cell>
</row>
<row>
</row>
<row>
 <cell>Data arrival time calculation</cell>
 <cell></cell>
 <cell></cell>
 <cell></cell>
 <cell></cell>
 <cell></cell>
 <cell></cell>
 <cell></cell>
 <cell></cell>
</row>
<row>
 <cell>PCLK</cell>
 <cell></cell>
 <cell></cell>
 <cell></cell>
 <cell></cell>
 <cell>0.000</cell>
 <cell>0.000</cell>
 <cell></cell>
 <cell></cell>
</row>
<row>
 <cell>PCLK</cell>
 <cell>Clock source</cell>
 <cell></cell>
 <cell></cell>
 <cell>+</cell>
 <cell>0.000</cell>
 <cell>0.000</cell>
 <cell></cell>
 <cell>r</cell>
</row>
<row>
 <cell>BLOCK_INTERFACE_I_PCLK:A</cell>
 <cell>net</cell>
 <cell>I_NET_PCLK</cell>
 <cell></cell>
 <cell>+</cell>
 <cell>0.000</cell>
 <cell>0.000</cell>
 <cell></cell>
 <cell>r</cell>
</row>
<row>
 <cell>BLOCK_INTERFACE_I_PCLK:Y</cell>
 <cell>cell</cell>
 <cell></cell>
 <cell>ADLIB:CFG1</cell>
 <cell>+</cell>
 <cell>0.088</cell>
 <cell>0.088</cell>
 <cell>1</cell>
 <cell>r</cell>
</row>
<row>
 <cell>PCLK_RNIAB1A:An</cell>
 <cell>net</cell>
 <cell>PCLK</cell>
 <cell></cell>
 <cell>+</cell>
 <cell>0.913</cell>
 <cell>1.001</cell>
 <cell></cell>
 <cell>f</cell>
</row>
<row>
 <cell>PCLK_RNIAB1A:YWn</cell>
 <cell>cell</cell>
 <cell></cell>
 <cell>ADLIB:GBM</cell>
 <cell>+</cell>
 <cell>0.440</cell>
 <cell>1.441</cell>
 <cell>1</cell>
 <cell>f</cell>
</row>
<row>
 <cell>PCLK_RNIAB1A/U0_RGB1:An</cell>
 <cell>net</cell>
 <cell>PCLK_RNIAB1A/U0_YWn</cell>
 <cell></cell>
 <cell>+</cell>
 <cell>0.913</cell>
 <cell>2.354</cell>
 <cell></cell>
 <cell>f</cell>
</row>
<row>
 <cell>PCLK_RNIAB1A/U0_RGB1:YL</cell>
 <cell>cell</cell>
 <cell></cell>
 <cell>ADLIB:RGB</cell>
 <cell>+</cell>
 <cell>0.372</cell>
 <cell>2.726</cell>
 <cell>195</cell>
 <cell>r</cell>
</row>
<row>
 <cell>SPI_Data/USPI/UCC/mtx_bitsel[0]:CLK</cell>
 <cell>net</cell>
 <cell>PCLK_0</cell>
 <cell></cell>
 <cell>+</cell>
 <cell>0.623</cell>
 <cell>3.349</cell>
 <cell></cell>
 <cell>r</cell>
</row>
<row>
 <cell>SPI_Data/USPI/UCC/mtx_bitsel[0]:Q</cell>
 <cell>cell</cell>
 <cell></cell>
 <cell>ADLIB:SLE</cell>
 <cell>+</cell>
 <cell>0.127</cell>
 <cell>3.476</cell>
 <cell>9</cell>
 <cell>f</cell>
</row>
<row>
 <cell>SPI_Data/USPI/UCC/mtx_bitsel_10_0_o2_0[1]:B</cell>
 <cell>net</cell>
 <cell>SPI_Data/USPI/UCC/mtx_bitsel[0]</cell>
 <cell></cell>
 <cell>+</cell>
 <cell>0.975</cell>
 <cell>4.451</cell>
 <cell></cell>
 <cell>f</cell>
</row>
<row>
 <cell>SPI_Data/USPI/UCC/mtx_bitsel_10_0_o2_0[1]:Y</cell>
 <cell>cell</cell>
 <cell></cell>
 <cell>ADLIB:CFG2</cell>
 <cell>+</cell>
 <cell>0.193</cell>
 <cell>4.644</cell>
 <cell>3</cell>
 <cell>f</cell>
</row>
<row>
 <cell>SPI_Data/USPI/UCC/mtx_bitsel_10_0_o2_0_RNI0U1H[1]:D</cell>
 <cell>net</cell>
 <cell>SPI_Data/USPI/UCC/N_299</cell>
 <cell></cell>
 <cell>+</cell>
 <cell>0.929</cell>
 <cell>5.573</cell>
 <cell></cell>
 <cell>f</cell>
</row>
<row>
 <cell>SPI_Data/USPI/UCC/mtx_bitsel_10_0_o2_0_RNI0U1H[1]:Y</cell>
 <cell>cell</cell>
 <cell></cell>
 <cell>ADLIB:CFG4</cell>
 <cell>+</cell>
 <cell>0.371</cell>
 <cell>5.944</cell>
 <cell>3</cell>
 <cell>r</cell>
</row>
<row>
 <cell>SPI_Data/USPI/UCC/mtx_state_RNIPRJK1[4]:C</cell>
 <cell>net</cell>
 <cell>SPI_Data/USPI/UCC/txfifo_dhold_dec[0]</cell>
 <cell></cell>
 <cell>+</cell>
 <cell>0.929</cell>
 <cell>6.873</cell>
 <cell></cell>
 <cell>r</cell>
</row>
<row>
 <cell>SPI_Data/USPI/UCC/mtx_state_RNIPRJK1[4]:Y</cell>
 <cell>cell</cell>
 <cell></cell>
 <cell>ADLIB:CFG4</cell>
 <cell>+</cell>
 <cell>0.237</cell>
 <cell>7.110</cell>
 <cell>4</cell>
 <cell>r</cell>
</row>
<row>
 <cell>SPI_Data/USPI/UCC/un1_sresetn_11_0_a2:C</cell>
 <cell>net</cell>
 <cell>SPI_Data/USPI/UCC/mtx_oen_1_sqmuxa</cell>
 <cell></cell>
 <cell>+</cell>
 <cell>0.937</cell>
 <cell>8.047</cell>
 <cell></cell>
 <cell>r</cell>
</row>
<row>
 <cell>SPI_Data/USPI/UCC/un1_sresetn_11_0_a2:Y</cell>
 <cell>cell</cell>
 <cell></cell>
 <cell>ADLIB:CFG3</cell>
 <cell>+</cell>
 <cell>0.237</cell>
 <cell>8.284</cell>
 <cell>3</cell>
 <cell>r</cell>
</row>
<row>
 <cell>SPI_Data/USPI/UCC/mtx_bitsel_10_i_o2[3]:B</cell>
 <cell>net</cell>
 <cell>SPI_Data/USPI/UCC/N_336</cell>
 <cell></cell>
 <cell>+</cell>
 <cell>0.929</cell>
 <cell>9.213</cell>
 <cell></cell>
 <cell>r</cell>
</row>
<row>
 <cell>SPI_Data/USPI/UCC/mtx_bitsel_10_i_o2[3]:Y</cell>
 <cell>cell</cell>
 <cell></cell>
 <cell>ADLIB:CFG3</cell>
 <cell>+</cell>
 <cell>0.186</cell>
 <cell>9.399</cell>
 <cell>4</cell>
 <cell>r</cell>
</row>
<row>
 <cell>SPI_Data/USPI/UCC/mtx_bitsel_10_0[2]:D</cell>
 <cell>net</cell>
 <cell>SPI_Data/USPI/UCC/N_293</cell>
 <cell></cell>
 <cell>+</cell>
 <cell>0.937</cell>
 <cell>10.336</cell>
 <cell></cell>
 <cell>r</cell>
</row>
<row>
 <cell>SPI_Data/USPI/UCC/mtx_bitsel_10_0[2]:Y</cell>
 <cell>cell</cell>
 <cell></cell>
 <cell>ADLIB:CFG4</cell>
 <cell>+</cell>
 <cell>0.356</cell>
 <cell>10.692</cell>
 <cell>1</cell>
 <cell>r</cell>
</row>
<row>
 <cell>SPI_Data/USPI/UCC/mtx_bitsel[2]:D</cell>
 <cell>net</cell>
 <cell>SPI_Data/USPI/UCC/mtx_bitsel_10[2]</cell>
 <cell></cell>
 <cell>+</cell>
 <cell>0.913</cell>
 <cell>11.605</cell>
 <cell></cell>
 <cell>r</cell>
</row>
<row>
 <cell>data arrival time</cell>
 <cell></cell>
 <cell></cell>
 <cell></cell>
 <cell></cell>
 <cell></cell>
 <cell>11.605</cell>
 <cell></cell>
 <cell></cell>
</row>
<row>
</row>
<row>
 <cell>Data required time calculation</cell>
 <cell></cell>
 <cell></cell>
 <cell></cell>
 <cell></cell>
 <cell></cell>
 <cell></cell>
 <cell></cell>
 <cell></cell>
</row>
<row>
 <cell>PCLK</cell>
 <cell></cell>
 <cell></cell>
 <cell></cell>
 <cell></cell>
 <cell>N/C</cell>
 <cell>N/C</cell>
 <cell></cell>
 <cell></cell>
</row>
<row>
 <cell>PCLK</cell>
 <cell>Clock source</cell>
 <cell></cell>
 <cell></cell>
 <cell>+</cell>
 <cell>0.000</cell>
 <cell>N/C</cell>
 <cell></cell>
 <cell>r</cell>
</row>
<row>
 <cell>BLOCK_INTERFACE_I_PCLK:A</cell>
 <cell>net</cell>
 <cell>I_NET_PCLK</cell>
 <cell></cell>
 <cell>+</cell>
 <cell>0.000</cell>
 <cell>N/C</cell>
 <cell></cell>
 <cell>r</cell>
</row>
<row>
 <cell>BLOCK_INTERFACE_I_PCLK:Y</cell>
 <cell>cell</cell>
 <cell></cell>
 <cell>ADLIB:CFG1</cell>
 <cell>+</cell>
 <cell>0.088</cell>
 <cell>N/C</cell>
 <cell>1</cell>
 <cell>r</cell>
</row>
<row>
 <cell>PCLK_RNIAB1A:An</cell>
 <cell>net</cell>
 <cell>PCLK</cell>
 <cell></cell>
 <cell>+</cell>
 <cell>0.913</cell>
 <cell>N/C</cell>
 <cell></cell>
 <cell>f</cell>
</row>
<row>
 <cell>PCLK_RNIAB1A:YWn</cell>
 <cell>cell</cell>
 <cell></cell>
 <cell>ADLIB:GBM</cell>
 <cell>+</cell>
 <cell>0.440</cell>
 <cell>N/C</cell>
 <cell>1</cell>
 <cell>f</cell>
</row>
<row>
 <cell>PCLK_RNIAB1A/U0_RGB1:An</cell>
 <cell>net</cell>
 <cell>PCLK_RNIAB1A/U0_YWn</cell>
 <cell></cell>
 <cell>+</cell>
 <cell>0.913</cell>
 <cell>N/C</cell>
 <cell></cell>
 <cell>f</cell>
</row>
<row>
 <cell>PCLK_RNIAB1A/U0_RGB1:YL</cell>
 <cell>cell</cell>
 <cell></cell>
 <cell>ADLIB:RGB</cell>
 <cell>+</cell>
 <cell>0.372</cell>
 <cell>N/C</cell>
 <cell>195</cell>
 <cell>r</cell>
</row>
<row>
 <cell>SPI_Data/USPI/UCC/mtx_bitsel[2]:CLK</cell>
 <cell>net</cell>
 <cell>PCLK_0</cell>
 <cell></cell>
 <cell>+</cell>
 <cell>0.604</cell>
 <cell>N/C</cell>
 <cell></cell>
 <cell>r</cell>
</row>
<row>
 <cell>SPI_Data/USPI/UCC/mtx_bitsel[2]:D</cell>
 <cell>Library setup time</cell>
 <cell></cell>
 <cell>ADLIB:SLE</cell>
 <cell>-</cell>
 <cell>0.298</cell>
 <cell>N/C</cell>
 <cell></cell>
 <cell></cell>
</row>
<row>
</row>
</table>
</section>
<section>
<name>SET External Setup</name>
<table>
<header>
 <cell/>
 <cell>From</cell>
 <cell>To</cell>
 <cell>Delay (ns)</cell>
 <cell>Slack (ns)</cell>
 <cell>Arrival (ns)</cell>
 <cell>Required (ns)</cell>
 <cell>Setup (ns)</cell>
 <cell>External Setup (ns)</cell>
</header>
<row>
 <cell>Path 1</cell>
 <cell>PADDR_in[9]</cell>
 <cell>SPI_Data/USPI/UTXF/full_out:D</cell>
 <cell>12.560</cell>
 <cell></cell>
 <cell>12.560</cell>
 <cell></cell>
 <cell>0.298</cell>
 <cell>9.609</cell>
</row>
<row>
 <cell>Path 2</cell>
 <cell>PADDR_in[9]</cell>
 <cell>SPI_Data/USPI/UTXF/empty_out:D</cell>
 <cell>12.560</cell>
 <cell></cell>
 <cell>12.560</cell>
 <cell></cell>
 <cell>0.298</cell>
 <cell>9.609</cell>
</row>
<row>
 <cell>Path 3</cell>
 <cell>PADDR_in[10]</cell>
 <cell>SPI_Data/USPI/UTXF/full_out:D</cell>
 <cell>12.450</cell>
 <cell></cell>
 <cell>12.450</cell>
 <cell></cell>
 <cell>0.298</cell>
 <cell>9.499</cell>
</row>
<row>
 <cell>Path 4</cell>
 <cell>PADDR_in[10]</cell>
 <cell>SPI_Data/USPI/UTXF/empty_out:D</cell>
 <cell>12.450</cell>
 <cell></cell>
 <cell>12.450</cell>
 <cell></cell>
 <cell>0.298</cell>
 <cell>9.499</cell>
</row>
<row>
 <cell>Path 5</cell>
 <cell>PADDR_in[11]</cell>
 <cell>SPI_Data/USPI/UTXF/full_out:D</cell>
 <cell>12.362</cell>
 <cell></cell>
 <cell>12.362</cell>
 <cell></cell>
 <cell>0.298</cell>
 <cell>9.411</cell>
</row>
</table>
<text></text>
<section><name>Expanded Path 1</name></section>
<table>
<header>
 <cell>Pin Name</cell>
 <cell>Type</cell>
 <cell>Net Name</cell>
 <cell>Cell Name</cell>
 <cell>Op</cell>
 <cell>Delay (ns)</cell>
 <cell>Total (ns)</cell>
 <cell>Fanout</cell>
 <cell>Edge</cell>
</header>
<row>
 <cell>From: PADDR_in[9]</cell>
 <cell></cell>
 <cell></cell>
 <cell></cell>
 <cell></cell>
 <cell></cell>
 <cell></cell>
 <cell></cell>
 <cell></cell>
</row>
<row>
 <cell>To: SPI_Data/USPI/UTXF/full_out:D</cell>
 <cell></cell>
 <cell></cell>
 <cell></cell>
 <cell></cell>
 <cell></cell>
 <cell></cell>
 <cell></cell>
 <cell></cell>
</row>
<row>
 <cell>data required time</cell>
 <cell></cell>
 <cell></cell>
 <cell></cell>
 <cell></cell>
 <cell></cell>
 <cell>N/C</cell>
 <cell></cell>
 <cell></cell>
</row>
<row>
 <cell>data arrival time</cell>
 <cell></cell>
 <cell></cell>
 <cell></cell>
 <cell>-</cell>
 <cell></cell>
 <cell>12.560</cell>
 <cell></cell>
 <cell></cell>
</row>
<row>
 <cell>slack</cell>
 <cell></cell>
 <cell></cell>
 <cell></cell>
 <cell></cell>
 <cell></cell>
 <cell>N/C</cell>
 <cell></cell>
 <cell></cell>
</row>
<row>
</row>
<row>
 <cell>Data arrival time calculation</cell>
 <cell></cell>
 <cell></cell>
 <cell></cell>
 <cell></cell>
 <cell></cell>
 <cell></cell>
 <cell></cell>
 <cell></cell>
</row>
<row>
 <cell>PADDR_in[9]</cell>
 <cell></cell>
 <cell></cell>
 <cell></cell>
 <cell></cell>
 <cell>0.000</cell>
 <cell>0.000</cell>
 <cell></cell>
 <cell>f</cell>
</row>
<row>
 <cell>BLOCK_INTERFACE_I_PADDR_in&lt;9&gt;:A</cell>
 <cell>net</cell>
 <cell>I_NET_PADDR_in&lt;9&gt;</cell>
 <cell></cell>
 <cell>+</cell>
 <cell>0.000</cell>
 <cell>0.000</cell>
 <cell></cell>
 <cell>f</cell>
</row>
<row>
 <cell>BLOCK_INTERFACE_I_PADDR_in&lt;9&gt;:Y</cell>
 <cell>cell</cell>
 <cell></cell>
 <cell>ADLIB:CFG1</cell>
 <cell>+</cell>
 <cell>0.102</cell>
 <cell>0.102</cell>
 <cell>1</cell>
 <cell>f</cell>
</row>
<row>
 <cell>CoreAPB3_0/m3_e:D</cell>
 <cell>net</cell>
 <cell>PADDR_in[9]</cell>
 <cell></cell>
 <cell>+</cell>
 <cell>0.913</cell>
 <cell>1.015</cell>
 <cell></cell>
 <cell>f</cell>
</row>
<row>
 <cell>CoreAPB3_0/m3_e:Y</cell>
 <cell>cell</cell>
 <cell></cell>
 <cell>ADLIB:CFG4</cell>
 <cell>+</cell>
 <cell>0.371</cell>
 <cell>1.386</cell>
 <cell>2</cell>
 <cell>r</cell>
</row>
<row>
 <cell>CoreAPB3_0/m4:A</cell>
 <cell>net</cell>
 <cell>CoreAPB3_0/N_9_mux</cell>
 <cell></cell>
 <cell>+</cell>
 <cell>0.921</cell>
 <cell>2.307</cell>
 <cell></cell>
 <cell>r</cell>
</row>
<row>
 <cell>CoreAPB3_0/m4:Y</cell>
 <cell>cell</cell>
 <cell></cell>
 <cell>ADLIB:CFG2</cell>
 <cell>+</cell>
 <cell>0.088</cell>
 <cell>2.395</cell>
 <cell>5</cell>
 <cell>r</cell>
</row>
<row>
 <cell>SPI_Data/USPI/UCON/tx_fifo_write_sig16:A</cell>
 <cell>net</cell>
 <cell>CoreAPB3_0_APBmslave0_PSELx</cell>
 <cell></cell>
 <cell>+</cell>
 <cell>0.944</cell>
 <cell>3.339</cell>
 <cell></cell>
 <cell>r</cell>
</row>
<row>
 <cell>SPI_Data/USPI/UCON/tx_fifo_write_sig16:Y</cell>
 <cell>cell</cell>
 <cell></cell>
 <cell>ADLIB:CFG2</cell>
 <cell>+</cell>
 <cell>0.088</cell>
 <cell>3.427</cell>
 <cell>6</cell>
 <cell>r</cell>
</row>
<row>
 <cell>SPI_Data/USPI/UCON/tx_fifo_write_iv_i:C</cell>
 <cell>net</cell>
 <cell>SPI_Data/USPI/N_192</cell>
 <cell></cell>
 <cell>+</cell>
 <cell>0.952</cell>
 <cell>4.379</cell>
 <cell></cell>
 <cell>r</cell>
</row>
<row>
 <cell>SPI_Data/USPI/UCON/tx_fifo_write_iv_i:Y</cell>
 <cell>cell</cell>
 <cell></cell>
 <cell>ADLIB:CFG4</cell>
 <cell>+</cell>
 <cell>0.265</cell>
 <cell>4.644</cell>
 <cell>11</cell>
 <cell>f</cell>
</row>
<row>
 <cell>SPI_Data/USPI/URF/clr_txfifo_RNIIEUK:A</cell>
 <cell>net</cell>
 <cell>SPI_Data/USPI/tx_fifo_write_i</cell>
 <cell></cell>
 <cell>+</cell>
 <cell>0.991</cell>
 <cell>5.635</cell>
 <cell></cell>
 <cell>f</cell>
</row>
<row>
 <cell>SPI_Data/USPI/URF/clr_txfifo_RNIIEUK:Y</cell>
 <cell>cell</cell>
 <cell></cell>
 <cell>ADLIB:CFG3</cell>
 <cell>+</cell>
 <cell>0.102</cell>
 <cell>5.737</cell>
 <cell>3</cell>
 <cell>f</cell>
</row>
<row>
 <cell>SPI_Data/USPI/UTXF/un1_counter_q_0_ac0_1:C</cell>
 <cell>net</cell>
 <cell>SPI_Data/USPI/clr_txfifo_RNIIEUK</cell>
 <cell></cell>
 <cell>+</cell>
 <cell>0.929</cell>
 <cell>6.666</cell>
 <cell></cell>
 <cell>f</cell>
</row>
<row>
 <cell>SPI_Data/USPI/UTXF/un1_counter_q_0_ac0_1:Y</cell>
 <cell>cell</cell>
 <cell></cell>
 <cell>ADLIB:CFG3</cell>
 <cell>+</cell>
 <cell>0.261</cell>
 <cell>6.927</cell>
 <cell>2</cell>
 <cell>r</cell>
</row>
<row>
 <cell>SPI_Data/USPI/UTXF/un1_counter_q_0_ac0_5:B</cell>
 <cell>net</cell>
 <cell>SPI_Data/USPI/UTXF/un1_counter_q_0_c2</cell>
 <cell></cell>
 <cell>+</cell>
 <cell>0.921</cell>
 <cell>7.848</cell>
 <cell></cell>
 <cell>r</cell>
</row>
<row>
 <cell>SPI_Data/USPI/UTXF/un1_counter_q_0_ac0_5:Y</cell>
 <cell>cell</cell>
 <cell></cell>
 <cell>ADLIB:CFG3</cell>
 <cell>+</cell>
 <cell>0.186</cell>
 <cell>8.034</cell>
 <cell>2</cell>
 <cell>r</cell>
</row>
<row>
 <cell>SPI_Data/USPI/UTXF/un1_counter_q_0_ac0_7:A</cell>
 <cell>net</cell>
 <cell>SPI_Data/USPI/UTXF/un1_counter_q_0_c4</cell>
 <cell></cell>
 <cell>+</cell>
 <cell>0.921</cell>
 <cell>8.955</cell>
 <cell></cell>
 <cell>r</cell>
</row>
<row>
 <cell>SPI_Data/USPI/UTXF/un1_counter_q_0_ac0_7:Y</cell>
 <cell>cell</cell>
 <cell></cell>
 <cell>ADLIB:CFG2</cell>
 <cell>+</cell>
 <cell>0.088</cell>
 <cell>9.043</cell>
 <cell>1</cell>
 <cell>r</cell>
</row>
<row>
 <cell>SPI_Data/USPI/UTXF/un1_counter_q_1_s_5_RNIMESH1:D</cell>
 <cell>net</cell>
 <cell>SPI_Data/USPI/UTXF/un1_counter_q_0_ac0_7</cell>
 <cell></cell>
 <cell>+</cell>
 <cell>0.913</cell>
 <cell>9.956</cell>
 <cell></cell>
 <cell>r</cell>
</row>
<row>
 <cell>SPI_Data/USPI/UTXF/un1_counter_q_1_s_5_RNIMESH1:Y</cell>
 <cell>cell</cell>
 <cell></cell>
 <cell>ADLIB:CFG4</cell>
 <cell>+</cell>
 <cell>0.391</cell>
 <cell>10.347</cell>
 <cell>3</cell>
 <cell>f</cell>
</row>
<row>
 <cell>SPI_Data/USPI/UTXF/full_out_2_0_a2_0_a2:D</cell>
 <cell>net</cell>
 <cell>SPI_Data/USPI/UTXF/N_253</cell>
 <cell></cell>
 <cell>+</cell>
 <cell>0.929</cell>
 <cell>11.276</cell>
 <cell></cell>
 <cell>f</cell>
</row>
<row>
 <cell>SPI_Data/USPI/UTXF/full_out_2_0_a2_0_a2:Y</cell>
 <cell>cell</cell>
 <cell></cell>
 <cell>ADLIB:CFG4</cell>
 <cell>+</cell>
 <cell>0.371</cell>
 <cell>11.647</cell>
 <cell>1</cell>
 <cell>r</cell>
</row>
<row>
 <cell>SPI_Data/USPI/UTXF/full_out:D</cell>
 <cell>net</cell>
 <cell>SPI_Data/USPI/UTXF/full_out_2</cell>
 <cell></cell>
 <cell>+</cell>
 <cell>0.913</cell>
 <cell>12.560</cell>
 <cell></cell>
 <cell>r</cell>
</row>
<row>
 <cell>data arrival time</cell>
 <cell></cell>
 <cell></cell>
 <cell></cell>
 <cell></cell>
 <cell></cell>
 <cell>12.560</cell>
 <cell></cell>
 <cell></cell>
</row>
<row>
</row>
<row>
 <cell>Data required time calculation</cell>
 <cell></cell>
 <cell></cell>
 <cell></cell>
 <cell></cell>
 <cell></cell>
 <cell></cell>
 <cell></cell>
 <cell></cell>
</row>
<row>
 <cell>PCLK</cell>
 <cell></cell>
 <cell></cell>
 <cell></cell>
 <cell></cell>
 <cell>N/C</cell>
 <cell>N/C</cell>
 <cell></cell>
 <cell></cell>
</row>
<row>
 <cell>PCLK</cell>
 <cell>Clock source</cell>
 <cell></cell>
 <cell></cell>
 <cell>+</cell>
 <cell>0.000</cell>
 <cell>N/C</cell>
 <cell></cell>
 <cell>r</cell>
</row>
<row>
 <cell>BLOCK_INTERFACE_I_PCLK:A</cell>
 <cell>net</cell>
 <cell>I_NET_PCLK</cell>
 <cell></cell>
 <cell>+</cell>
 <cell>0.000</cell>
 <cell>N/C</cell>
 <cell></cell>
 <cell>r</cell>
</row>
<row>
 <cell>BLOCK_INTERFACE_I_PCLK:Y</cell>
 <cell>cell</cell>
 <cell></cell>
 <cell>ADLIB:CFG1</cell>
 <cell>+</cell>
 <cell>0.085</cell>
 <cell>N/C</cell>
 <cell>1</cell>
 <cell>r</cell>
</row>
<row>
 <cell>PCLK_RNIAB1A:An</cell>
 <cell>net</cell>
 <cell>PCLK</cell>
 <cell></cell>
 <cell>+</cell>
 <cell>0.886</cell>
 <cell>N/C</cell>
 <cell></cell>
 <cell>f</cell>
</row>
<row>
 <cell>PCLK_RNIAB1A:YWn</cell>
 <cell>cell</cell>
 <cell></cell>
 <cell>ADLIB:GBM</cell>
 <cell>+</cell>
 <cell>0.427</cell>
 <cell>N/C</cell>
 <cell>1</cell>
 <cell>f</cell>
</row>
<row>
 <cell>PCLK_RNIAB1A/U0_RGB1:An</cell>
 <cell>net</cell>
 <cell>PCLK_RNIAB1A/U0_YWn</cell>
 <cell></cell>
 <cell>+</cell>
 <cell>0.886</cell>
 <cell>N/C</cell>
 <cell></cell>
 <cell>f</cell>
</row>
<row>
 <cell>PCLK_RNIAB1A/U0_RGB1:YL</cell>
 <cell>cell</cell>
 <cell></cell>
 <cell>ADLIB:RGB</cell>
 <cell>+</cell>
 <cell>0.361</cell>
 <cell>N/C</cell>
 <cell>195</cell>
 <cell>r</cell>
</row>
<row>
 <cell>SPI_Data/USPI/UTXF/full_out:CLK</cell>
 <cell>net</cell>
 <cell>PCLK_0</cell>
 <cell></cell>
 <cell>+</cell>
 <cell>0.604</cell>
 <cell>N/C</cell>
 <cell></cell>
 <cell>r</cell>
</row>
<row>
 <cell>SPI_Data/USPI/UTXF/full_out:D</cell>
 <cell>Library setup time</cell>
 <cell></cell>
 <cell>ADLIB:SLE</cell>
 <cell>-</cell>
 <cell>0.298</cell>
 <cell>N/C</cell>
 <cell></cell>
 <cell></cell>
</row>
<row>
</row>
</table>
</section>
<section>
<name>SET Clock to Output</name>
<table>
<header>
 <cell/>
 <cell>From</cell>
 <cell>To</cell>
 <cell>Delay (ns)</cell>
 <cell>Slack (ns)</cell>
 <cell>Arrival (ns)</cell>
 <cell>Required (ns)</cell>
 <cell>Clock to Out (ns)</cell>
</header>
<row>
 <cell>Path 1</cell>
 <cell>SPI_Data/USPI/URXF/rd_pointer_q[3]:CLK</cell>
 <cell>PRDATA_in[0]</cell>
 <cell>11.268</cell>
 <cell></cell>
 <cell>14.617</cell>
 <cell></cell>
 <cell>14.617</cell>
</row>
<row>
 <cell>Path 2</cell>
 <cell>SPI_Data/USPI/URXF/rd_pointer_q[2]:CLK</cell>
 <cell>PRDATA_in[0]</cell>
 <cell>10.870</cell>
 <cell></cell>
 <cell>14.219</cell>
 <cell></cell>
 <cell>14.219</cell>
</row>
<row>
 <cell>Path 3</cell>
 <cell>SPI_Data/USPI/URXF/rd_pointer_q[1]:CLK</cell>
 <cell>PRDATA_in[0]</cell>
 <cell>10.781</cell>
 <cell></cell>
 <cell>14.130</cell>
 <cell></cell>
 <cell>14.130</cell>
</row>
<row>
 <cell>Path 4</cell>
 <cell>SPI_Data/USPI/URXF/rd_pointer_q[0]:CLK</cell>
 <cell>PRDATA_in[0]</cell>
 <cell>10.565</cell>
 <cell></cell>
 <cell>13.914</cell>
 <cell></cell>
 <cell>13.914</cell>
</row>
<row>
 <cell>Path 5</cell>
 <cell>SPI_Data/USPI/UTXF/empty_out:CLK</cell>
 <cell>PRDATA_in[7]</cell>
 <cell>9.015</cell>
 <cell></cell>
 <cell>12.364</cell>
 <cell></cell>
 <cell>12.364</cell>
</row>
</table>
<text></text>
<section><name>Expanded Path 1</name></section>
<table>
<header>
 <cell>Pin Name</cell>
 <cell>Type</cell>
 <cell>Net Name</cell>
 <cell>Cell Name</cell>
 <cell>Op</cell>
 <cell>Delay (ns)</cell>
 <cell>Total (ns)</cell>
 <cell>Fanout</cell>
 <cell>Edge</cell>
</header>
<row>
 <cell>From: SPI_Data/USPI/URXF/rd_pointer_q[3]:CLK</cell>
 <cell></cell>
 <cell></cell>
 <cell></cell>
 <cell></cell>
 <cell></cell>
 <cell></cell>
 <cell></cell>
 <cell></cell>
</row>
<row>
 <cell>To: PRDATA_in[0]</cell>
 <cell></cell>
 <cell></cell>
 <cell></cell>
 <cell></cell>
 <cell></cell>
 <cell></cell>
 <cell></cell>
 <cell></cell>
</row>
<row>
 <cell>data required time</cell>
 <cell></cell>
 <cell></cell>
 <cell></cell>
 <cell></cell>
 <cell></cell>
 <cell>N/C</cell>
 <cell></cell>
 <cell></cell>
</row>
<row>
 <cell>data arrival time</cell>
 <cell></cell>
 <cell></cell>
 <cell></cell>
 <cell>-</cell>
 <cell></cell>
 <cell>14.617</cell>
 <cell></cell>
 <cell></cell>
</row>
<row>
 <cell>slack</cell>
 <cell></cell>
 <cell></cell>
 <cell></cell>
 <cell></cell>
 <cell></cell>
 <cell>N/C</cell>
 <cell></cell>
 <cell></cell>
</row>
<row>
</row>
<row>
 <cell>Data arrival time calculation</cell>
 <cell></cell>
 <cell></cell>
 <cell></cell>
 <cell></cell>
 <cell></cell>
 <cell></cell>
 <cell></cell>
 <cell></cell>
</row>
<row>
 <cell>PCLK</cell>
 <cell></cell>
 <cell></cell>
 <cell></cell>
 <cell></cell>
 <cell>0.000</cell>
 <cell>0.000</cell>
 <cell></cell>
 <cell></cell>
</row>
<row>
 <cell>PCLK</cell>
 <cell>Clock source</cell>
 <cell></cell>
 <cell></cell>
 <cell>+</cell>
 <cell>0.000</cell>
 <cell>0.000</cell>
 <cell></cell>
 <cell>r</cell>
</row>
<row>
 <cell>BLOCK_INTERFACE_I_PCLK:A</cell>
 <cell>net</cell>
 <cell>I_NET_PCLK</cell>
 <cell></cell>
 <cell>+</cell>
 <cell>0.000</cell>
 <cell>0.000</cell>
 <cell></cell>
 <cell>r</cell>
</row>
<row>
 <cell>BLOCK_INTERFACE_I_PCLK:Y</cell>
 <cell>cell</cell>
 <cell></cell>
 <cell>ADLIB:CFG1</cell>
 <cell>+</cell>
 <cell>0.088</cell>
 <cell>0.088</cell>
 <cell>1</cell>
 <cell>r</cell>
</row>
<row>
 <cell>PCLK_RNIAB1A:An</cell>
 <cell>net</cell>
 <cell>PCLK</cell>
 <cell></cell>
 <cell>+</cell>
 <cell>0.913</cell>
 <cell>1.001</cell>
 <cell></cell>
 <cell>f</cell>
</row>
<row>
 <cell>PCLK_RNIAB1A:YWn</cell>
 <cell>cell</cell>
 <cell></cell>
 <cell>ADLIB:GBM</cell>
 <cell>+</cell>
 <cell>0.440</cell>
 <cell>1.441</cell>
 <cell>1</cell>
 <cell>f</cell>
</row>
<row>
 <cell>PCLK_RNIAB1A/U0_RGB1:An</cell>
 <cell>net</cell>
 <cell>PCLK_RNIAB1A/U0_YWn</cell>
 <cell></cell>
 <cell>+</cell>
 <cell>0.913</cell>
 <cell>2.354</cell>
 <cell></cell>
 <cell>f</cell>
</row>
<row>
 <cell>PCLK_RNIAB1A/U0_RGB1:YL</cell>
 <cell>cell</cell>
 <cell></cell>
 <cell>ADLIB:RGB</cell>
 <cell>+</cell>
 <cell>0.372</cell>
 <cell>2.726</cell>
 <cell>195</cell>
 <cell>r</cell>
</row>
<row>
 <cell>SPI_Data/USPI/URXF/rd_pointer_q[3]:CLK</cell>
 <cell>net</cell>
 <cell>PCLK_0</cell>
 <cell></cell>
 <cell>+</cell>
 <cell>0.623</cell>
 <cell>3.349</cell>
 <cell></cell>
 <cell>r</cell>
</row>
<row>
 <cell>SPI_Data/USPI/URXF/rd_pointer_q[3]:Q</cell>
 <cell>cell</cell>
 <cell></cell>
 <cell>ADLIB:SLE</cell>
 <cell>+</cell>
 <cell>0.102</cell>
 <cell>3.451</cell>
 <cell>4</cell>
 <cell>r</cell>
</row>
<row>
 <cell>SPI_Data/USPI/URXF/fifo_mem_q_fifo_mem_q_0_0/CFG_27:C</cell>
 <cell>net</cell>
 <cell>SPI_Data/USPI/URXF/rd_pointer_q[3]</cell>
 <cell></cell>
 <cell>+</cell>
 <cell>0.937</cell>
 <cell>4.388</cell>
 <cell></cell>
 <cell>r</cell>
</row>
<row>
 <cell>SPI_Data/USPI/URXF/fifo_mem_q_fifo_mem_q_0_0/CFG_27:IPC</cell>
 <cell>cell</cell>
 <cell></cell>
 <cell>ADLIB:CFG1_IP_C</cell>
 <cell>+</cell>
 <cell>0.241</cell>
 <cell>4.629</cell>
 <cell>1</cell>
 <cell>r</cell>
</row>
<row>
 <cell>SPI_Data/USPI/URXF/fifo_mem_q_fifo_mem_q_0_0/INST_RAM64x18_IP:A_ADDR[6]</cell>
 <cell>net</cell>
 <cell>SPI_Data/USPI/URXF/fifo_mem_q_fifo_mem_q_0_0/A_ADDR_net[6]</cell>
 <cell></cell>
 <cell>+</cell>
 <cell>0.000</cell>
 <cell>4.629</cell>
 <cell></cell>
 <cell>r</cell>
</row>
<row>
 <cell>SPI_Data/USPI/URXF/fifo_mem_q_fifo_mem_q_0_0/INST_RAM64x18_IP:A_DOUT[0]</cell>
 <cell>cell</cell>
 <cell></cell>
 <cell>ADLIB:RAM64x18_IP</cell>
 <cell>+</cell>
 <cell>2.221</cell>
 <cell>6.850</cell>
 <cell>1</cell>
 <cell>r</cell>
</row>
<row>
 <cell>SPI_Data/USPI/URF/prdata_2_1_i_m3[0]:B</cell>
 <cell>net</cell>
 <cell>SPI_Data/USPI/fifo_mem_q[8]</cell>
 <cell></cell>
 <cell>+</cell>
 <cell>0.913</cell>
 <cell>7.763</cell>
 <cell></cell>
 <cell>r</cell>
</row>
<row>
 <cell>SPI_Data/USPI/URF/prdata_2_1_i_m3[0]:Y</cell>
 <cell>cell</cell>
 <cell></cell>
 <cell>ADLIB:CFG4</cell>
 <cell>+</cell>
 <cell>0.186</cell>
 <cell>7.949</cell>
 <cell>1</cell>
 <cell>r</cell>
</row>
<row>
 <cell>SPI_Data/USPI/URF/prdata_2_i_0[0]:D</cell>
 <cell>net</cell>
 <cell>SPI_Data/USPI/URF/N_125</cell>
 <cell></cell>
 <cell>+</cell>
 <cell>0.913</cell>
 <cell>8.862</cell>
 <cell></cell>
 <cell>r</cell>
</row>
<row>
 <cell>SPI_Data/USPI/URF/prdata_2_i_0[0]:Y</cell>
 <cell>cell</cell>
 <cell></cell>
 <cell>ADLIB:CFG4</cell>
 <cell>+</cell>
 <cell>0.391</cell>
 <cell>9.253</cell>
 <cell>1</cell>
 <cell>f</cell>
</row>
<row>
 <cell>SPI_Data/USPI/URF/prdata_2_i_3[0]:A</cell>
 <cell>net</cell>
 <cell>SPI_Data/USPI/URF/prdata_2_i_0[0]</cell>
 <cell></cell>
 <cell>+</cell>
 <cell>0.913</cell>
 <cell>10.166</cell>
 <cell></cell>
 <cell>f</cell>
</row>
<row>
 <cell>SPI_Data/USPI/URF/prdata_2_i_3[0]:Y</cell>
 <cell>cell</cell>
 <cell></cell>
 <cell>ADLIB:CFG4</cell>
 <cell>+</cell>
 <cell>0.102</cell>
 <cell>10.268</cell>
 <cell>1</cell>
 <cell>f</cell>
</row>
<row>
 <cell>SPI_Data/USPI/URF/prdata_2_i[0]:A</cell>
 <cell>net</cell>
 <cell>SPI_Data/USPI/URF/prdata_2_i_3[0]</cell>
 <cell></cell>
 <cell>+</cell>
 <cell>0.913</cell>
 <cell>11.181</cell>
 <cell></cell>
 <cell>f</cell>
</row>
<row>
 <cell>SPI_Data/USPI/URF/prdata_2_i[0]:Y</cell>
 <cell>cell</cell>
 <cell></cell>
 <cell>ADLIB:CFG4</cell>
 <cell>+</cell>
 <cell>0.102</cell>
 <cell>11.283</cell>
 <cell>1</cell>
 <cell>f</cell>
</row>
<row>
 <cell>CoreAPB3_0/u_mux_p_to_b3/PRDATA_ns_1[0]:C</cell>
 <cell>net</cell>
 <cell>N_144</cell>
 <cell></cell>
 <cell>+</cell>
 <cell>0.913</cell>
 <cell>12.196</cell>
 <cell></cell>
 <cell>f</cell>
</row>
<row>
 <cell>CoreAPB3_0/u_mux_p_to_b3/PRDATA_ns_1[0]:Y</cell>
 <cell>cell</cell>
 <cell></cell>
 <cell>ADLIB:CFG4</cell>
 <cell>+</cell>
 <cell>0.246</cell>
 <cell>12.442</cell>
 <cell>1</cell>
 <cell>f</cell>
</row>
<row>
 <cell>CoreAPB3_0/u_mux_p_to_b3/PRDATA_ns[0]:C</cell>
 <cell>net</cell>
 <cell>CoreAPB3_0/u_mux_p_to_b3/PRDATA_ns_1[0]</cell>
 <cell></cell>
 <cell>+</cell>
 <cell>0.913</cell>
 <cell>13.355</cell>
 <cell></cell>
 <cell>f</cell>
</row>
<row>
 <cell>CoreAPB3_0/u_mux_p_to_b3/PRDATA_ns[0]:Y</cell>
 <cell>cell</cell>
 <cell></cell>
 <cell>ADLIB:CFG4</cell>
 <cell>+</cell>
 <cell>0.261</cell>
 <cell>13.616</cell>
 <cell>1</cell>
 <cell>r</cell>
</row>
<row>
 <cell>BLOCK_INTERFACE_I_PRDATA_in&lt;0&gt;:A</cell>
 <cell>net</cell>
 <cell>PRDATA_in[0]</cell>
 <cell></cell>
 <cell>+</cell>
 <cell>0.913</cell>
 <cell>14.529</cell>
 <cell></cell>
 <cell>r</cell>
</row>
<row>
 <cell>BLOCK_INTERFACE_I_PRDATA_in&lt;0&gt;:Y</cell>
 <cell>cell</cell>
 <cell></cell>
 <cell>ADLIB:CFG1</cell>
 <cell>+</cell>
 <cell>0.088</cell>
 <cell>14.617</cell>
 <cell>0</cell>
 <cell>r</cell>
</row>
<row>
 <cell>PRDATA_in[0]</cell>
 <cell>net</cell>
 <cell>I_NET_PRDATA_in&lt;0&gt;</cell>
 <cell></cell>
 <cell>+</cell>
 <cell>0.000</cell>
 <cell>14.617</cell>
 <cell></cell>
 <cell>r</cell>
</row>
<row>
 <cell>data arrival time</cell>
 <cell></cell>
 <cell></cell>
 <cell></cell>
 <cell></cell>
 <cell></cell>
 <cell>14.617</cell>
 <cell></cell>
 <cell></cell>
</row>
<row>
</row>
<row>
 <cell>Data required time calculation</cell>
 <cell></cell>
 <cell></cell>
 <cell></cell>
 <cell></cell>
 <cell></cell>
 <cell></cell>
 <cell></cell>
 <cell></cell>
</row>
<row>
 <cell>PCLK</cell>
 <cell></cell>
 <cell></cell>
 <cell></cell>
 <cell></cell>
 <cell>N/C</cell>
 <cell>N/C</cell>
 <cell></cell>
 <cell></cell>
</row>
<row>
 <cell>PCLK</cell>
 <cell>Clock source</cell>
 <cell></cell>
 <cell></cell>
 <cell>+</cell>
 <cell>0.000</cell>
 <cell>N/C</cell>
 <cell></cell>
 <cell>r</cell>
</row>
<row>
 <cell>PRDATA_in[0]</cell>
 <cell></cell>
 <cell></cell>
 <cell></cell>
 <cell></cell>
 <cell></cell>
 <cell>N/C</cell>
 <cell></cell>
 <cell>r</cell>
</row>
<row>
</row>
</table>
</section>
<section>
<name>SET Register to Asynchronous</name>
<table>
<header>
 <cell/>
 <cell>From</cell>
 <cell>To</cell>
 <cell>Delay (ns)</cell>
 <cell>Slack (ns)</cell>
 <cell>Arrival (ns)</cell>
 <cell>Required (ns)</cell>
 <cell>Recovery (ns)</cell>
 <cell>Minimum Period (ns)</cell>
 <cell>Skew (ns)</cell>
</header>
<row>
 <cell>Path 1</cell>
 <cell>SPI_Data/USPI/UCC/ssel_rx_q2:CLK</cell>
 <cell>SPI_Data/USPI/UCC/stxs_datareg[5]:ALn</cell>
 <cell>4.452</cell>
 <cell></cell>
 <cell>7.801</cell>
 <cell></cell>
 <cell>0.415</cell>
 <cell>4.886</cell>
 <cell>0.019</cell>
</row>
<row>
 <cell>Path 2</cell>
 <cell>SPI_Data/USPI/UCC/ssel_rx_q2:CLK</cell>
 <cell>SPI_Data/USPI/UCC/stxs_datareg[7]:ALn</cell>
 <cell>4.452</cell>
 <cell></cell>
 <cell>7.801</cell>
 <cell></cell>
 <cell>0.415</cell>
 <cell>4.886</cell>
 <cell>0.019</cell>
</row>
<row>
 <cell>Path 3</cell>
 <cell>SPI_Data/USPI/UCC/ssel_rx_q2:CLK</cell>
 <cell>SPI_Data/USPI/UCC/stxs_bitcnt[3]:ALn</cell>
 <cell>4.452</cell>
 <cell></cell>
 <cell>7.801</cell>
 <cell></cell>
 <cell>0.415</cell>
 <cell>4.886</cell>
 <cell>0.019</cell>
</row>
<row>
 <cell>Path 4</cell>
 <cell>SPI_Data/USPI/UCC/ssel_rx_q2:CLK</cell>
 <cell>SPI_Data/USPI/UCC/stxs_midbit:ALn</cell>
 <cell>4.452</cell>
 <cell></cell>
 <cell>7.801</cell>
 <cell></cell>
 <cell>0.415</cell>
 <cell>4.886</cell>
 <cell>0.019</cell>
</row>
<row>
 <cell>Path 5</cell>
 <cell>SPI_Data/USPI/UCC/ssel_rx_q2:CLK</cell>
 <cell>SPI_Data/USPI/UCC/stxs_bitcnt[4]:ALn</cell>
 <cell>4.452</cell>
 <cell></cell>
 <cell>7.801</cell>
 <cell></cell>
 <cell>0.415</cell>
 <cell>4.886</cell>
 <cell>0.019</cell>
</row>
</table>
<text></text>
<section><name>Expanded Path 1</name></section>
<table>
<header>
 <cell>Pin Name</cell>
 <cell>Type</cell>
 <cell>Net Name</cell>
 <cell>Cell Name</cell>
 <cell>Op</cell>
 <cell>Delay (ns)</cell>
 <cell>Total (ns)</cell>
 <cell>Fanout</cell>
 <cell>Edge</cell>
</header>
<row>
 <cell>From: SPI_Data/USPI/UCC/ssel_rx_q2:CLK</cell>
 <cell></cell>
 <cell></cell>
 <cell></cell>
 <cell></cell>
 <cell></cell>
 <cell></cell>
 <cell></cell>
 <cell></cell>
</row>
<row>
 <cell>To: SPI_Data/USPI/UCC/stxs_datareg[5]:ALn</cell>
 <cell></cell>
 <cell></cell>
 <cell></cell>
 <cell></cell>
 <cell></cell>
 <cell></cell>
 <cell></cell>
 <cell></cell>
</row>
<row>
 <cell>data required time</cell>
 <cell></cell>
 <cell></cell>
 <cell></cell>
 <cell></cell>
 <cell></cell>
 <cell>N/C</cell>
 <cell></cell>
 <cell></cell>
</row>
<row>
 <cell>data arrival time</cell>
 <cell></cell>
 <cell></cell>
 <cell></cell>
 <cell>-</cell>
 <cell></cell>
 <cell>7.801</cell>
 <cell></cell>
 <cell></cell>
</row>
<row>
 <cell>slack</cell>
 <cell></cell>
 <cell></cell>
 <cell></cell>
 <cell></cell>
 <cell></cell>
 <cell>N/C</cell>
 <cell></cell>
 <cell></cell>
</row>
<row>
</row>
<row>
 <cell>Data arrival time calculation</cell>
 <cell></cell>
 <cell></cell>
 <cell></cell>
 <cell></cell>
 <cell></cell>
 <cell></cell>
 <cell></cell>
 <cell></cell>
</row>
<row>
 <cell>PCLK</cell>
 <cell></cell>
 <cell></cell>
 <cell></cell>
 <cell></cell>
 <cell>0.000</cell>
 <cell>0.000</cell>
 <cell></cell>
 <cell></cell>
</row>
<row>
 <cell>PCLK</cell>
 <cell>Clock source</cell>
 <cell></cell>
 <cell></cell>
 <cell>+</cell>
 <cell>0.000</cell>
 <cell>0.000</cell>
 <cell></cell>
 <cell>r</cell>
</row>
<row>
 <cell>BLOCK_INTERFACE_I_PCLK:A</cell>
 <cell>net</cell>
 <cell>I_NET_PCLK</cell>
 <cell></cell>
 <cell>+</cell>
 <cell>0.000</cell>
 <cell>0.000</cell>
 <cell></cell>
 <cell>r</cell>
</row>
<row>
 <cell>BLOCK_INTERFACE_I_PCLK:Y</cell>
 <cell>cell</cell>
 <cell></cell>
 <cell>ADLIB:CFG1</cell>
 <cell>+</cell>
 <cell>0.088</cell>
 <cell>0.088</cell>
 <cell>1</cell>
 <cell>r</cell>
</row>
<row>
 <cell>PCLK_RNIAB1A:An</cell>
 <cell>net</cell>
 <cell>PCLK</cell>
 <cell></cell>
 <cell>+</cell>
 <cell>0.913</cell>
 <cell>1.001</cell>
 <cell></cell>
 <cell>f</cell>
</row>
<row>
 <cell>PCLK_RNIAB1A:YWn</cell>
 <cell>cell</cell>
 <cell></cell>
 <cell>ADLIB:GBM</cell>
 <cell>+</cell>
 <cell>0.440</cell>
 <cell>1.441</cell>
 <cell>1</cell>
 <cell>f</cell>
</row>
<row>
 <cell>PCLK_RNIAB1A/U0_RGB1:An</cell>
 <cell>net</cell>
 <cell>PCLK_RNIAB1A/U0_YWn</cell>
 <cell></cell>
 <cell>+</cell>
 <cell>0.913</cell>
 <cell>2.354</cell>
 <cell></cell>
 <cell>f</cell>
</row>
<row>
 <cell>PCLK_RNIAB1A/U0_RGB1:YL</cell>
 <cell>cell</cell>
 <cell></cell>
 <cell>ADLIB:RGB</cell>
 <cell>+</cell>
 <cell>0.372</cell>
 <cell>2.726</cell>
 <cell>195</cell>
 <cell>r</cell>
</row>
<row>
 <cell>SPI_Data/USPI/UCC/ssel_rx_q2:CLK</cell>
 <cell>net</cell>
 <cell>PCLK_0</cell>
 <cell></cell>
 <cell>+</cell>
 <cell>0.623</cell>
 <cell>3.349</cell>
 <cell></cell>
 <cell>r</cell>
</row>
<row>
 <cell>SPI_Data/USPI/UCC/ssel_rx_q2:Q</cell>
 <cell>cell</cell>
 <cell></cell>
 <cell>ADLIB:SLE</cell>
 <cell>+</cell>
 <cell>0.127</cell>
 <cell>3.476</cell>
 <cell>2</cell>
 <cell>f</cell>
</row>
<row>
 <cell>SPI_Data/USPI/UCC/stx_async_reset_ok_RNIGHT9:B</cell>
 <cell>net</cell>
 <cell>SPI_Data/USPI/UCC/ssel_rx_q2</cell>
 <cell></cell>
 <cell>+</cell>
 <cell>0.921</cell>
 <cell>4.397</cell>
 <cell></cell>
 <cell>f</cell>
</row>
<row>
 <cell>SPI_Data/USPI/UCC/stx_async_reset_ok_RNIGHT9:Y</cell>
 <cell>cell</cell>
 <cell></cell>
 <cell>ADLIB:CFG3</cell>
 <cell>+</cell>
 <cell>0.173</cell>
 <cell>4.570</cell>
 <cell>1</cell>
 <cell>r</cell>
</row>
<row>
 <cell>SPI_Data/USPI/UCC/stx_async_reset_ok_RNIGHT9_0:An</cell>
 <cell>net</cell>
 <cell>SPI_Data/USPI/UCC/stx_async_reset_ok_RNIGHT9</cell>
 <cell></cell>
 <cell>+</cell>
 <cell>0.913</cell>
 <cell>5.483</cell>
 <cell></cell>
 <cell>f</cell>
</row>
<row>
 <cell>SPI_Data/USPI/UCC/stx_async_reset_ok_RNIGHT9_0:YWn</cell>
 <cell>cell</cell>
 <cell></cell>
 <cell>ADLIB:GBM</cell>
 <cell>+</cell>
 <cell>0.440</cell>
 <cell>5.923</cell>
 <cell>1</cell>
 <cell>f</cell>
</row>
<row>
 <cell>SPI_Data/USPI/UCC/stx_async_reset_ok_RNIGHT9_0/U0_RGB1:An</cell>
 <cell>net</cell>
 <cell>SPI_Data/USPI/UCC/stx_async_reset_ok_RNIGHT9_0/U0_YWn</cell>
 <cell></cell>
 <cell>+</cell>
 <cell>0.913</cell>
 <cell>6.836</cell>
 <cell></cell>
 <cell>f</cell>
</row>
<row>
 <cell>SPI_Data/USPI/UCC/stx_async_reset_ok_RNIGHT9_0/U0_RGB1:YL</cell>
 <cell>cell</cell>
 <cell></cell>
 <cell>ADLIB:RGB</cell>
 <cell>+</cell>
 <cell>0.372</cell>
 <cell>7.208</cell>
 <cell>26</cell>
 <cell>r</cell>
</row>
<row>
 <cell>SPI_Data/USPI/UCC/stxs_datareg[5]:ALn</cell>
 <cell>net</cell>
 <cell>SPI_Data/USPI/UCC/N_105_mux_i_i</cell>
 <cell></cell>
 <cell>+</cell>
 <cell>0.593</cell>
 <cell>7.801</cell>
 <cell></cell>
 <cell>r</cell>
</row>
<row>
 <cell>data arrival time</cell>
 <cell></cell>
 <cell></cell>
 <cell></cell>
 <cell></cell>
 <cell></cell>
 <cell>7.801</cell>
 <cell></cell>
 <cell></cell>
</row>
<row>
</row>
<row>
 <cell>Data required time calculation</cell>
 <cell></cell>
 <cell></cell>
 <cell></cell>
 <cell></cell>
 <cell></cell>
 <cell></cell>
 <cell></cell>
 <cell></cell>
</row>
<row>
 <cell>PCLK</cell>
 <cell></cell>
 <cell></cell>
 <cell></cell>
 <cell></cell>
 <cell>N/C</cell>
 <cell>N/C</cell>
 <cell></cell>
 <cell></cell>
</row>
<row>
 <cell>PCLK</cell>
 <cell>Clock source</cell>
 <cell></cell>
 <cell></cell>
 <cell>+</cell>
 <cell>0.000</cell>
 <cell>N/C</cell>
 <cell></cell>
 <cell>r</cell>
</row>
<row>
 <cell>BLOCK_INTERFACE_I_PCLK:A</cell>
 <cell>net</cell>
 <cell>I_NET_PCLK</cell>
 <cell></cell>
 <cell>+</cell>
 <cell>0.000</cell>
 <cell>N/C</cell>
 <cell></cell>
 <cell>r</cell>
</row>
<row>
 <cell>BLOCK_INTERFACE_I_PCLK:Y</cell>
 <cell>cell</cell>
 <cell></cell>
 <cell>ADLIB:CFG1</cell>
 <cell>+</cell>
 <cell>0.088</cell>
 <cell>N/C</cell>
 <cell>1</cell>
 <cell>r</cell>
</row>
<row>
 <cell>PCLK_RNIAB1A:An</cell>
 <cell>net</cell>
 <cell>PCLK</cell>
 <cell></cell>
 <cell>+</cell>
 <cell>0.913</cell>
 <cell>N/C</cell>
 <cell></cell>
 <cell>f</cell>
</row>
<row>
 <cell>PCLK_RNIAB1A:YWn</cell>
 <cell>cell</cell>
 <cell></cell>
 <cell>ADLIB:GBM</cell>
 <cell>+</cell>
 <cell>0.440</cell>
 <cell>N/C</cell>
 <cell>1</cell>
 <cell>f</cell>
</row>
<row>
 <cell>PCLK_RNIAB1A/U0_RGB1:An</cell>
 <cell>net</cell>
 <cell>PCLK_RNIAB1A/U0_YWn</cell>
 <cell></cell>
 <cell>+</cell>
 <cell>0.913</cell>
 <cell>N/C</cell>
 <cell></cell>
 <cell>f</cell>
</row>
<row>
 <cell>PCLK_RNIAB1A/U0_RGB1:YL</cell>
 <cell>cell</cell>
 <cell></cell>
 <cell>ADLIB:RGB</cell>
 <cell>+</cell>
 <cell>0.372</cell>
 <cell>N/C</cell>
 <cell>195</cell>
 <cell>r</cell>
</row>
<row>
 <cell>SPI_Data/USPI/UCC/stxs_datareg[5]:CLK</cell>
 <cell>net</cell>
 <cell>PCLK_0</cell>
 <cell></cell>
 <cell>+</cell>
 <cell>0.604</cell>
 <cell>N/C</cell>
 <cell></cell>
 <cell>r</cell>
</row>
<row>
 <cell>SPI_Data/USPI/UCC/stxs_datareg[5]:ALn</cell>
 <cell>Library recovery time</cell>
 <cell></cell>
 <cell>ADLIB:SLE</cell>
 <cell>-</cell>
 <cell>0.415</cell>
 <cell>N/C</cell>
 <cell></cell>
 <cell></cell>
</row>
<row>
</row>
</table>
</section>
<section>
<name>SET External Recovery</name>
<table>
<header>
 <cell/>
 <cell>From</cell>
 <cell>To</cell>
 <cell>Delay (ns)</cell>
 <cell>Slack (ns)</cell>
 <cell>Arrival (ns)</cell>
 <cell>Required (ns)</cell>
 <cell>Recovery (ns)</cell>
 <cell>External Recovery (ns)</cell>
</header>
<row>
 <cell>Path 1</cell>
 <cell>PRESETN</cell>
 <cell>SPI_Data/USPI/UCC/stxs_datareg[5]:ALn</cell>
 <cell>4.485</cell>
 <cell></cell>
 <cell>4.485</cell>
 <cell></cell>
 <cell>0.415</cell>
 <cell>1.651</cell>
</row>
<row>
 <cell>Path 2</cell>
 <cell>PRESETN</cell>
 <cell>SPI_Data/USPI/UCC/stxs_datareg[7]:ALn</cell>
 <cell>4.485</cell>
 <cell></cell>
 <cell>4.485</cell>
 <cell></cell>
 <cell>0.415</cell>
 <cell>1.651</cell>
</row>
<row>
 <cell>Path 3</cell>
 <cell>PRESETN</cell>
 <cell>SPI_Data/USPI/UCC/stxs_bitcnt[3]:ALn</cell>
 <cell>4.485</cell>
 <cell></cell>
 <cell>4.485</cell>
 <cell></cell>
 <cell>0.415</cell>
 <cell>1.651</cell>
</row>
<row>
 <cell>Path 4</cell>
 <cell>PRESETN</cell>
 <cell>SPI_Data/USPI/UCC/stxs_midbit:ALn</cell>
 <cell>4.485</cell>
 <cell></cell>
 <cell>4.485</cell>
 <cell></cell>
 <cell>0.415</cell>
 <cell>1.651</cell>
</row>
<row>
 <cell>Path 5</cell>
 <cell>PRESETN</cell>
 <cell>SPI_Data/USPI/UCC/stxs_bitcnt[4]:ALn</cell>
 <cell>4.485</cell>
 <cell></cell>
 <cell>4.485</cell>
 <cell></cell>
 <cell>0.415</cell>
 <cell>1.651</cell>
</row>
</table>
<text></text>
<section><name>Expanded Path 1</name></section>
<table>
<header>
 <cell>Pin Name</cell>
 <cell>Type</cell>
 <cell>Net Name</cell>
 <cell>Cell Name</cell>
 <cell>Op</cell>
 <cell>Delay (ns)</cell>
 <cell>Total (ns)</cell>
 <cell>Fanout</cell>
 <cell>Edge</cell>
</header>
<row>
 <cell>From: PRESETN</cell>
 <cell></cell>
 <cell></cell>
 <cell></cell>
 <cell></cell>
 <cell></cell>
 <cell></cell>
 <cell></cell>
 <cell></cell>
</row>
<row>
 <cell>To: SPI_Data/USPI/UCC/stxs_datareg[5]:ALn</cell>
 <cell></cell>
 <cell></cell>
 <cell></cell>
 <cell></cell>
 <cell></cell>
 <cell></cell>
 <cell></cell>
 <cell></cell>
</row>
<row>
 <cell>data required time</cell>
 <cell></cell>
 <cell></cell>
 <cell></cell>
 <cell></cell>
 <cell></cell>
 <cell>N/C</cell>
 <cell></cell>
 <cell></cell>
</row>
<row>
 <cell>data arrival time</cell>
 <cell></cell>
 <cell></cell>
 <cell></cell>
 <cell>-</cell>
 <cell></cell>
 <cell>4.485</cell>
 <cell></cell>
 <cell></cell>
</row>
<row>
 <cell>slack</cell>
 <cell></cell>
 <cell></cell>
 <cell></cell>
 <cell></cell>
 <cell></cell>
 <cell>N/C</cell>
 <cell></cell>
 <cell></cell>
</row>
<row>
</row>
<row>
 <cell>Data arrival time calculation</cell>
 <cell></cell>
 <cell></cell>
 <cell></cell>
 <cell></cell>
 <cell></cell>
 <cell></cell>
 <cell></cell>
 <cell></cell>
</row>
<row>
 <cell>PRESETN</cell>
 <cell></cell>
 <cell></cell>
 <cell></cell>
 <cell></cell>
 <cell>0.000</cell>
 <cell>0.000</cell>
 <cell></cell>
 <cell>r</cell>
</row>
<row>
 <cell>BLOCK_INTERFACE_I_PRESETN:A</cell>
 <cell>net</cell>
 <cell>I_NET_PRESETN</cell>
 <cell></cell>
 <cell>+</cell>
 <cell>0.000</cell>
 <cell>0.000</cell>
 <cell></cell>
 <cell>r</cell>
</row>
<row>
 <cell>BLOCK_INTERFACE_I_PRESETN:Y</cell>
 <cell>cell</cell>
 <cell></cell>
 <cell>ADLIB:CFG1</cell>
 <cell>+</cell>
 <cell>0.088</cell>
 <cell>0.088</cell>
 <cell>3</cell>
 <cell>r</cell>
</row>
<row>
 <cell>SPI_Data/USPI/UCC/stx_async_reset_ok_RNIGHT9:C</cell>
 <cell>net</cell>
 <cell>PRESETN</cell>
 <cell></cell>
 <cell>+</cell>
 <cell>0.929</cell>
 <cell>1.017</cell>
 <cell></cell>
 <cell>r</cell>
</row>
<row>
 <cell>SPI_Data/USPI/UCC/stx_async_reset_ok_RNIGHT9:Y</cell>
 <cell>cell</cell>
 <cell></cell>
 <cell>ADLIB:CFG3</cell>
 <cell>+</cell>
 <cell>0.237</cell>
 <cell>1.254</cell>
 <cell>1</cell>
 <cell>r</cell>
</row>
<row>
 <cell>SPI_Data/USPI/UCC/stx_async_reset_ok_RNIGHT9_0:An</cell>
 <cell>net</cell>
 <cell>SPI_Data/USPI/UCC/stx_async_reset_ok_RNIGHT9</cell>
 <cell></cell>
 <cell>+</cell>
 <cell>0.913</cell>
 <cell>2.167</cell>
 <cell></cell>
 <cell>f</cell>
</row>
<row>
 <cell>SPI_Data/USPI/UCC/stx_async_reset_ok_RNIGHT9_0:YWn</cell>
 <cell>cell</cell>
 <cell></cell>
 <cell>ADLIB:GBM</cell>
 <cell>+</cell>
 <cell>0.440</cell>
 <cell>2.607</cell>
 <cell>1</cell>
 <cell>f</cell>
</row>
<row>
 <cell>SPI_Data/USPI/UCC/stx_async_reset_ok_RNIGHT9_0/U0_RGB1:An</cell>
 <cell>net</cell>
 <cell>SPI_Data/USPI/UCC/stx_async_reset_ok_RNIGHT9_0/U0_YWn</cell>
 <cell></cell>
 <cell>+</cell>
 <cell>0.913</cell>
 <cell>3.520</cell>
 <cell></cell>
 <cell>f</cell>
</row>
<row>
 <cell>SPI_Data/USPI/UCC/stx_async_reset_ok_RNIGHT9_0/U0_RGB1:YL</cell>
 <cell>cell</cell>
 <cell></cell>
 <cell>ADLIB:RGB</cell>
 <cell>+</cell>
 <cell>0.372</cell>
 <cell>3.892</cell>
 <cell>26</cell>
 <cell>r</cell>
</row>
<row>
 <cell>SPI_Data/USPI/UCC/stxs_datareg[5]:ALn</cell>
 <cell>net</cell>
 <cell>SPI_Data/USPI/UCC/N_105_mux_i_i</cell>
 <cell></cell>
 <cell>+</cell>
 <cell>0.593</cell>
 <cell>4.485</cell>
 <cell></cell>
 <cell>r</cell>
</row>
<row>
 <cell>data arrival time</cell>
 <cell></cell>
 <cell></cell>
 <cell></cell>
 <cell></cell>
 <cell></cell>
 <cell>4.485</cell>
 <cell></cell>
 <cell></cell>
</row>
<row>
</row>
<row>
 <cell>Data required time calculation</cell>
 <cell></cell>
 <cell></cell>
 <cell></cell>
 <cell></cell>
 <cell></cell>
 <cell></cell>
 <cell></cell>
 <cell></cell>
</row>
<row>
 <cell>PCLK</cell>
 <cell></cell>
 <cell></cell>
 <cell></cell>
 <cell></cell>
 <cell>N/C</cell>
 <cell>N/C</cell>
 <cell></cell>
 <cell></cell>
</row>
<row>
 <cell>PCLK</cell>
 <cell>Clock source</cell>
 <cell></cell>
 <cell></cell>
 <cell>+</cell>
 <cell>0.000</cell>
 <cell>N/C</cell>
 <cell></cell>
 <cell>r</cell>
</row>
<row>
 <cell>BLOCK_INTERFACE_I_PCLK:A</cell>
 <cell>net</cell>
 <cell>I_NET_PCLK</cell>
 <cell></cell>
 <cell>+</cell>
 <cell>0.000</cell>
 <cell>N/C</cell>
 <cell></cell>
 <cell>r</cell>
</row>
<row>
 <cell>BLOCK_INTERFACE_I_PCLK:Y</cell>
 <cell>cell</cell>
 <cell></cell>
 <cell>ADLIB:CFG1</cell>
 <cell>+</cell>
 <cell>0.085</cell>
 <cell>N/C</cell>
 <cell>1</cell>
 <cell>r</cell>
</row>
<row>
 <cell>PCLK_RNIAB1A:An</cell>
 <cell>net</cell>
 <cell>PCLK</cell>
 <cell></cell>
 <cell>+</cell>
 <cell>0.886</cell>
 <cell>N/C</cell>
 <cell></cell>
 <cell>f</cell>
</row>
<row>
 <cell>PCLK_RNIAB1A:YWn</cell>
 <cell>cell</cell>
 <cell></cell>
 <cell>ADLIB:GBM</cell>
 <cell>+</cell>
 <cell>0.427</cell>
 <cell>N/C</cell>
 <cell>1</cell>
 <cell>f</cell>
</row>
<row>
 <cell>PCLK_RNIAB1A/U0_RGB1:An</cell>
 <cell>net</cell>
 <cell>PCLK_RNIAB1A/U0_YWn</cell>
 <cell></cell>
 <cell>+</cell>
 <cell>0.886</cell>
 <cell>N/C</cell>
 <cell></cell>
 <cell>f</cell>
</row>
<row>
 <cell>PCLK_RNIAB1A/U0_RGB1:YL</cell>
 <cell>cell</cell>
 <cell></cell>
 <cell>ADLIB:RGB</cell>
 <cell>+</cell>
 <cell>0.361</cell>
 <cell>N/C</cell>
 <cell>195</cell>
 <cell>r</cell>
</row>
<row>
 <cell>SPI_Data/USPI/UCC/stxs_datareg[5]:CLK</cell>
 <cell>net</cell>
 <cell>PCLK_0</cell>
 <cell></cell>
 <cell>+</cell>
 <cell>0.604</cell>
 <cell>N/C</cell>
 <cell></cell>
 <cell>r</cell>
</row>
<row>
 <cell>SPI_Data/USPI/UCC/stxs_datareg[5]:ALn</cell>
 <cell>Library recovery time</cell>
 <cell></cell>
 <cell>ADLIB:SLE</cell>
 <cell>-</cell>
 <cell>0.415</cell>
 <cell>N/C</cell>
 <cell></cell>
 <cell></cell>
</row>
<row>
</row>
</table>
</section>
<section>
<name>SET Asynchronous to Register</name>
<text>No Path</text>
</section>
</section>
<section>
<name>Path Set Pin to Pin</name>
<section>
<name>SET Input to Output</name>
<table>
<header>
 <cell/>
 <cell>From</cell>
 <cell>To</cell>
 <cell>Delay (ns)</cell>
 <cell>Slack (ns)</cell>
 <cell>Arrival (ns)</cell>
 <cell>Required (ns)</cell>
</header>
<row>
 <cell>Path 1</cell>
 <cell>PADDR_in[9]</cell>
 <cell>PRDATA_in[1]</cell>
 <cell>10.764</cell>
 <cell></cell>
 <cell>10.764</cell>
 <cell></cell>
</row>
<row>
 <cell>Path 2</cell>
 <cell>PADDR_in[9]</cell>
 <cell>PRDATA_in[4]</cell>
 <cell>10.724</cell>
 <cell></cell>
 <cell>10.724</cell>
 <cell></cell>
</row>
<row>
 <cell>Path 3</cell>
 <cell>PADDR_in[10]</cell>
 <cell>PRDATA_in[1]</cell>
 <cell>10.654</cell>
 <cell></cell>
 <cell>10.654</cell>
 <cell></cell>
</row>
<row>
 <cell>Path 4</cell>
 <cell>PADDR_in[10]</cell>
 <cell>PRDATA_in[4]</cell>
 <cell>10.606</cell>
 <cell></cell>
 <cell>10.606</cell>
 <cell></cell>
</row>
<row>
 <cell>Path 5</cell>
 <cell>PADDR_in[9]</cell>
 <cell>PRDATA_in[5]</cell>
 <cell>10.598</cell>
 <cell></cell>
 <cell>10.598</cell>
 <cell></cell>
</row>
</table>
<text></text>
<section><name>Expanded Path 1</name></section>
<table>
<header>
 <cell>Pin Name</cell>
 <cell>Type</cell>
 <cell>Net Name</cell>
 <cell>Cell Name</cell>
 <cell>Op</cell>
 <cell>Delay (ns)</cell>
 <cell>Total (ns)</cell>
 <cell>Fanout</cell>
 <cell>Edge</cell>
</header>
<row>
 <cell>From: PADDR_in[9]</cell>
 <cell></cell>
 <cell></cell>
 <cell></cell>
 <cell></cell>
 <cell></cell>
 <cell></cell>
 <cell></cell>
 <cell></cell>
</row>
<row>
 <cell>To: PRDATA_in[1]</cell>
 <cell></cell>
 <cell></cell>
 <cell></cell>
 <cell></cell>
 <cell></cell>
 <cell></cell>
 <cell></cell>
 <cell></cell>
</row>
<row>
 <cell>data required time</cell>
 <cell></cell>
 <cell></cell>
 <cell></cell>
 <cell></cell>
 <cell></cell>
 <cell>N/C</cell>
 <cell></cell>
 <cell></cell>
</row>
<row>
 <cell>data arrival time</cell>
 <cell></cell>
 <cell></cell>
 <cell></cell>
 <cell>-</cell>
 <cell></cell>
 <cell>10.764</cell>
 <cell></cell>
 <cell></cell>
</row>
<row>
 <cell>slack</cell>
 <cell></cell>
 <cell></cell>
 <cell></cell>
 <cell></cell>
 <cell></cell>
 <cell>N/C</cell>
 <cell></cell>
 <cell></cell>
</row>
<row>
</row>
<row>
 <cell>Data arrival time calculation</cell>
 <cell></cell>
 <cell></cell>
 <cell></cell>
 <cell></cell>
 <cell></cell>
 <cell></cell>
 <cell></cell>
 <cell></cell>
</row>
<row>
 <cell>PADDR_in[9]</cell>
 <cell></cell>
 <cell></cell>
 <cell></cell>
 <cell></cell>
 <cell>0.000</cell>
 <cell>0.000</cell>
 <cell></cell>
 <cell>f</cell>
</row>
<row>
 <cell>BLOCK_INTERFACE_I_PADDR_in&lt;9&gt;:A</cell>
 <cell>net</cell>
 <cell>I_NET_PADDR_in&lt;9&gt;</cell>
 <cell></cell>
 <cell>+</cell>
 <cell>0.000</cell>
 <cell>0.000</cell>
 <cell></cell>
 <cell>f</cell>
</row>
<row>
 <cell>BLOCK_INTERFACE_I_PADDR_in&lt;9&gt;:Y</cell>
 <cell>cell</cell>
 <cell></cell>
 <cell>ADLIB:CFG1</cell>
 <cell>+</cell>
 <cell>0.102</cell>
 <cell>0.102</cell>
 <cell>1</cell>
 <cell>f</cell>
</row>
<row>
 <cell>CoreAPB3_0/m3_e:D</cell>
 <cell>net</cell>
 <cell>PADDR_in[9]</cell>
 <cell></cell>
 <cell>+</cell>
 <cell>0.913</cell>
 <cell>1.015</cell>
 <cell></cell>
 <cell>f</cell>
</row>
<row>
 <cell>CoreAPB3_0/m3_e:Y</cell>
 <cell>cell</cell>
 <cell></cell>
 <cell>ADLIB:CFG4</cell>
 <cell>+</cell>
 <cell>0.371</cell>
 <cell>1.386</cell>
 <cell>2</cell>
 <cell>r</cell>
</row>
<row>
 <cell>CoreAPB3_0/m4:A</cell>
 <cell>net</cell>
 <cell>CoreAPB3_0/N_9_mux</cell>
 <cell></cell>
 <cell>+</cell>
 <cell>0.921</cell>
 <cell>2.307</cell>
 <cell></cell>
 <cell>r</cell>
</row>
<row>
 <cell>CoreAPB3_0/m4:Y</cell>
 <cell>cell</cell>
 <cell></cell>
 <cell>ADLIB:CFG2</cell>
 <cell>+</cell>
 <cell>0.088</cell>
 <cell>2.395</cell>
 <cell>5</cell>
 <cell>r</cell>
</row>
<row>
 <cell>SPI_Data/USPI/UCON/tx_fifo_write_sig16:A</cell>
 <cell>net</cell>
 <cell>CoreAPB3_0_APBmslave0_PSELx</cell>
 <cell></cell>
 <cell>+</cell>
 <cell>0.944</cell>
 <cell>3.339</cell>
 <cell></cell>
 <cell>r</cell>
</row>
<row>
 <cell>SPI_Data/USPI/UCON/tx_fifo_write_sig16:Y</cell>
 <cell>cell</cell>
 <cell></cell>
 <cell>ADLIB:CFG2</cell>
 <cell>+</cell>
 <cell>0.088</cell>
 <cell>3.427</cell>
 <cell>6</cell>
 <cell>r</cell>
</row>
<row>
 <cell>SPI_Data/USPI/URF/prdata_2_sn_m12_i_o2:D</cell>
 <cell>net</cell>
 <cell>SPI_Data/USPI/N_192</cell>
 <cell></cell>
 <cell>+</cell>
 <cell>0.952</cell>
 <cell>4.379</cell>
 <cell></cell>
 <cell>r</cell>
</row>
<row>
 <cell>SPI_Data/USPI/URF/prdata_2_sn_m12_i_o2:Y</cell>
 <cell>cell</cell>
 <cell></cell>
 <cell>ADLIB:CFG4</cell>
 <cell>+</cell>
 <cell>0.416</cell>
 <cell>4.795</cell>
 <cell>2</cell>
 <cell>f</cell>
</row>
<row>
 <cell>SPI_Data/USPI/URF/int_raw_1_sqmuxa_3_i_o2_RNIS7L42:D</cell>
 <cell>net</cell>
 <cell>SPI_Data/USPI/URF/N_162</cell>
 <cell></cell>
 <cell>+</cell>
 <cell>0.921</cell>
 <cell>5.716</cell>
 <cell></cell>
 <cell>f</cell>
</row>
<row>
 <cell>SPI_Data/USPI/URF/int_raw_1_sqmuxa_3_i_o2_RNIS7L42:Y</cell>
 <cell>cell</cell>
 <cell></cell>
 <cell>ADLIB:CFG4</cell>
 <cell>+</cell>
 <cell>0.366</cell>
 <cell>6.082</cell>
 <cell>11</cell>
 <cell>f</cell>
</row>
<row>
 <cell>SPI_Data/USPI/PRDDATA_1_0[1]:D</cell>
 <cell>net</cell>
 <cell>SPI_Data/USPI/N_143</cell>
 <cell></cell>
 <cell>+</cell>
 <cell>0.991</cell>
 <cell>7.073</cell>
 <cell></cell>
 <cell>f</cell>
</row>
<row>
 <cell>SPI_Data/USPI/PRDDATA_1_0[1]:Y</cell>
 <cell>cell</cell>
 <cell></cell>
 <cell>ADLIB:CFG4</cell>
 <cell>+</cell>
 <cell>0.366</cell>
 <cell>7.439</cell>
 <cell>1</cell>
 <cell>f</cell>
</row>
<row>
 <cell>SPI_Data/USPI/PRDDATA[1]:C</cell>
 <cell>net</cell>
 <cell>SPI_Data/USPI/PRDDATA_1_0[1]</cell>
 <cell></cell>
 <cell>+</cell>
 <cell>0.913</cell>
 <cell>8.352</cell>
 <cell></cell>
 <cell>f</cell>
</row>
<row>
 <cell>SPI_Data/USPI/PRDDATA[1]:Y</cell>
 <cell>cell</cell>
 <cell></cell>
 <cell>ADLIB:CFG3</cell>
 <cell>+</cell>
 <cell>0.261</cell>
 <cell>8.613</cell>
 <cell>1</cell>
 <cell>r</cell>
</row>
<row>
 <cell>CoreAPB3_0/u_mux_p_to_b3/PRDATA_ns[1]:C</cell>
 <cell>net</cell>
 <cell>CoreAPB3_0_APBmslave0_PRDATA[1]</cell>
 <cell></cell>
 <cell>+</cell>
 <cell>0.913</cell>
 <cell>9.526</cell>
 <cell></cell>
 <cell>r</cell>
</row>
<row>
 <cell>CoreAPB3_0/u_mux_p_to_b3/PRDATA_ns[1]:Y</cell>
 <cell>cell</cell>
 <cell></cell>
 <cell>ADLIB:CFG4</cell>
 <cell>+</cell>
 <cell>0.237</cell>
 <cell>9.763</cell>
 <cell>1</cell>
 <cell>r</cell>
</row>
<row>
 <cell>BLOCK_INTERFACE_I_PRDATA_in&lt;1&gt;:A</cell>
 <cell>net</cell>
 <cell>PRDATA_in[1]</cell>
 <cell></cell>
 <cell>+</cell>
 <cell>0.913</cell>
 <cell>10.676</cell>
 <cell></cell>
 <cell>r</cell>
</row>
<row>
 <cell>BLOCK_INTERFACE_I_PRDATA_in&lt;1&gt;:Y</cell>
 <cell>cell</cell>
 <cell></cell>
 <cell>ADLIB:CFG1</cell>
 <cell>+</cell>
 <cell>0.088</cell>
 <cell>10.764</cell>
 <cell>0</cell>
 <cell>r</cell>
</row>
<row>
 <cell>PRDATA_in[1]</cell>
 <cell>net</cell>
 <cell>I_NET_PRDATA_in&lt;1&gt;</cell>
 <cell></cell>
 <cell>+</cell>
 <cell>0.000</cell>
 <cell>10.764</cell>
 <cell></cell>
 <cell>r</cell>
</row>
<row>
 <cell>data arrival time</cell>
 <cell></cell>
 <cell></cell>
 <cell></cell>
 <cell></cell>
 <cell></cell>
 <cell>10.764</cell>
 <cell></cell>
 <cell></cell>
</row>
<row>
</row>
<row>
 <cell>Data required time calculation</cell>
 <cell></cell>
 <cell></cell>
 <cell></cell>
 <cell></cell>
 <cell></cell>
 <cell></cell>
 <cell></cell>
 <cell></cell>
</row>
<row>
 <cell>PADDR_in[9]</cell>
 <cell></cell>
 <cell></cell>
 <cell></cell>
 <cell></cell>
 <cell>N/C</cell>
 <cell>N/C</cell>
 <cell></cell>
 <cell>f</cell>
</row>
<row>
 <cell>PRDATA_in[1]</cell>
 <cell></cell>
 <cell></cell>
 <cell></cell>
 <cell></cell>
 <cell></cell>
 <cell>N/C</cell>
 <cell></cell>
 <cell>r</cell>
</row>
<row>
 <cell>data required time</cell>
 <cell></cell>
 <cell></cell>
 <cell></cell>
 <cell></cell>
 <cell></cell>
 <cell>N/C</cell>
 <cell></cell>
 <cell></cell>
</row>
<row>
</row>
</table>
</section>
</section>
<section>
<name>Path Set User Sets</name>
</section>
</doc>
