<?xml version="1.0" encoding="UTF-8" standalone="no" ?>
<?xml-stylesheet href="rptstyle.xsl" type="text/xsl" ?>
<doc>
<title>Resource Report</title>
<text>Microsemi Corporation - Microsemi Libero Software Release v11.8 SP3 (Version 11.8.3.6)</text>
<text>Date: Fri Mar 23 11:35:28 2018
</text>
<section><name>Device Selection</name></section>
<table>
<header>
</header>
<row>
 <cell>Family</cell>
 <cell>SmartFusion2</cell>
</row>
<row>
 <cell>Device</cell>
 <cell>M2S025</cell>
</row>
<row>
 <cell>Package</cell>
 <cell>256 VF</cell>
</row>
<row>
 <cell>Speed Grade</cell>
 <cell>STD</cell>
</row>
<row>
 <cell>Temp</cell>
 <cell>0:25:85</cell>
</row>
<row>
 <cell>Voltage</cell>
 <cell>1.26:1.20:1.14</cell>
</row>
<row>
 <cell>Core Voltage</cell>
 <cell>1.2V</cell>
</row>
<row>
 <cell>Ramp Rate</cell>
 <cell>100ms Minimum</cell>
</row>
<row>
 <cell>System Controller Suspend Mode</cell>
 <cell>No</cell>
</row>
<row>
 <cell>PLL Supply Voltage</cell>
 <cell>2.5V</cell>
</row>
<row>
 <cell>Default I/O technology</cell>
 <cell>LVCMOS 2.5V</cell>
</row>
<row>
 <cell>Restrict Probe Pins</cell>
 <cell>Yes</cell>
</row>
<row>
 <cell>Restrict SPI Pins</cell>
 <cell>No</cell>
</row>
</table>
<section><name>Source Files</name></section>
<table>
<header>
</header>
<row>
 <cell>Topcell</cell>
 <cell>MCP9303_Interface</cell>
</row>
<row>
 <cell>Format</cell>
 <cell>EDIF</cell>
</row>
<row>
 <cell>Source</cell>
 <cell>D:\Work\LiberoSoC\Creative_SF2_MCP9303\synthesis\MCP9303_Interface.edn</cell>
</row>
</table>
<section><name>Options</name></section>
<table>
<header>
</header>
<row>
 <cell>Enable Single Event Transient mitigation</cell>
 <cell>false</cell>
</row>
<row>
 <cell>Enable Design Separation Methodology</cell>
 <cell>false</cell>
</row>
<row>
 <cell>Limit the number of high fanout nets to display to</cell>
 <cell>10</cell>
</row>
</table>
<section><name>Resource Usage</name></section>
<table>
<header>
 <cell>Type</cell>
 <cell>Used</cell>
 <cell>Total</cell>
 <cell>Percentage</cell>
</header>
<row>
 <cell>4LUT</cell>
 <cell>480</cell>
 <cell>27696</cell>
 <cell>1.73</cell>
</row>
<row>
 <cell>DFF</cell>
 <cell>266</cell>
 <cell>27696</cell>
 <cell>0.96</cell>
</row>
<row>
 <cell>I/O Register</cell>
 <cell>0</cell>
 <cell>414</cell>
 <cell>0.00</cell>
</row>
<row>
 <cell>User I/O</cell>
 <cell>0</cell>
 <cell>138</cell>
 <cell>0.00</cell>
</row>
<row>
 <cell>-- Single-ended I/O</cell>
 <cell>0</cell>
 <cell>138</cell>
 <cell>0.00</cell>
</row>
<row>
 <cell>-- Differential I/O Pairs</cell>
 <cell>0</cell>
 <cell>65</cell>
 <cell>0.00</cell>
</row>
<row>
 <cell>RAM64x18</cell>
 <cell>2</cell>
 <cell>34</cell>
 <cell>5.88</cell>
</row>
<row>
 <cell>RAM1K18</cell>
 <cell>0</cell>
 <cell>31</cell>
 <cell>0.00</cell>
</row>
<row>
 <cell>MACC</cell>
 <cell>0</cell>
 <cell>34</cell>
 <cell>0.00</cell>
</row>
<row>
 <cell>Chip Globals</cell>
 <cell>3</cell>
 <cell>16</cell>
 <cell>18.75</cell>
</row>
<row>
 <cell>CCC</cell>
 <cell>0</cell>
 <cell>6</cell>
 <cell>0.00</cell>
</row>
<row>
 <cell>RCOSC_25_50MHZ</cell>
 <cell>0</cell>
 <cell>1</cell>
 <cell>0.00</cell>
</row>
<row>
 <cell>RCOSC_1MHZ</cell>
 <cell>0</cell>
 <cell>1</cell>
 <cell>0.00</cell>
</row>
<row>
 <cell>XTLOSC</cell>
 <cell>0</cell>
 <cell>1</cell>
 <cell>0.00</cell>
</row>
<row>
 <cell>MSS</cell>
 <cell>0</cell>
 <cell>1</cell>
 <cell>0.00</cell>
</row>
</table>
<section><name>Detailed Logic Resource Usage</name></section>
<table>
<header>
 <cell>Type</cell>
 <cell>4LUT</cell>
 <cell>DFF</cell>
</header>
<row>
 <cell>Fabric Logic</cell>
 <cell>408</cell>
 <cell>194</cell>
</row>
<row>
 <cell>RAM64x18 Interface Logic</cell>
 <cell>72</cell>
 <cell>72</cell>
</row>
<row>
 <cell>RAM1K18 Interface Logic</cell>
 <cell>0</cell>
 <cell>0</cell>
</row>
<row>
 <cell>MACC Interface Logic</cell>
 <cell>0</cell>
 <cell>0</cell>
</row>
<row>
 <cell>Total Used</cell>
 <cell>480</cell>
 <cell>266</cell>
</row>
</table>
<section><name>Detailed Carry Chains Resource Usage</name></section>
<table>
<header>
</header>
<row>
 <cell>Length</cell>
 <cell>Used</cell>
</row>
<row>
 <cell>5</cell>
 <cell>1</cell>
</row>
<row>
 <cell>6</cell>
 <cell>1</cell>
</row>
<row>
 <cell>9</cell>
 <cell>1</cell>
</row>
<row>
 <cell>Total</cell>
 <cell>3</cell>
</row>
</table>
<section><name>I/O Function</name></section>
<table>
<header>
 <cell>Type</cell>
 <cell>w/o register</cell>
 <cell>w/ register</cell>
 <cell>w/ DDR register</cell>
</header>
<row>
 <cell>Input I/O</cell>
 <cell>0</cell>
 <cell>0</cell>
 <cell>0</cell>
</row>
<row>
 <cell>Output I/O</cell>
 <cell>0</cell>
 <cell>0</cell>
 <cell>0</cell>
</row>
<row>
 <cell>Bidirectional I/O</cell>
 <cell>0</cell>
 <cell>0</cell>
 <cell>0</cell>
</row>
<row>
 <cell>Differential Input I/O Pairs</cell>
 <cell>0</cell>
 <cell>0</cell>
 <cell>0</cell>
</row>
<row>
 <cell>Differential Output I/O Pairs</cell>
 <cell>0</cell>
 <cell>0</cell>
 <cell>0</cell>
</row>
</table>
<section><name>I/O Technology</name></section>
<table>
<header>
 <cell>I/O Standard</cell>
 <cell>Vddi</cell>
 <cell>Vref</cell>
 <cell>Input</cell>
 <cell>Output</cell>
 <cell>Bidirectional</cell>
</header>
</table>
<section><name>Nets assigned to chip global resources</name></section>
<table>
<header>
 <cell>Fanout</cell>
 <cell>Type</cell>
 <cell>Name</cell>
</header>
<row>
 <cell>195</cell>
 <cell>INT_NET</cell>
 <cell>Net   : PCLK_0</cell>
</row>
<row>
 <cell></cell>
 <cell></cell>
 <cell>Driver: PCLK_RNIAB1A/U0_RGB1</cell>
</row>
<row>
 <cell></cell>
 <cell></cell>
 <cell>Source: NETLIST</cell>
</row>
<row>
 <cell>167</cell>
 <cell>INT_NET</cell>
 <cell>Net   : PRESETN_0</cell>
</row>
<row>
 <cell></cell>
 <cell></cell>
 <cell>Driver: PRESETN_RNI1MJ2/U0_RGB1</cell>
</row>
<row>
 <cell></cell>
 <cell></cell>
 <cell>Source: NETLIST</cell>
</row>
<row>
 <cell>26</cell>
 <cell>INT_NET</cell>
 <cell>Net   : SPI_Data/USPI/UCC/N_105_mux_i_i</cell>
</row>
<row>
 <cell></cell>
 <cell></cell>
 <cell>Driver: SPI_Data/USPI/UCC/stx_async_reset_ok_RNIGHT9_0/U0_RGB1</cell>
</row>
<row>
 <cell></cell>
 <cell></cell>
 <cell>Source: NETLIST</cell>
</row>
</table>
<section><name>Nets assigned to row global resources</name></section>
<table>
<header>
 <cell>Fanout</cell>
 <cell>Type</cell>
 <cell>Name</cell>
</header>
</table>
<section><name>High fanout nets</name></section>
<table>
<header>
 <cell>Fanout</cell>
 <cell>Type</cell>
 <cell>Name</cell>
</header>
<row>
 <cell>26</cell>
 <cell>INT_NET</cell>
 <cell>Net   : PADDR_in[2]</cell>
</row>
<row>
 <cell></cell>
 <cell></cell>
 <cell>Driver: BLOCK_INTERFACE_I_PADDR_in&lt;2&gt;</cell>
</row>
<row>
 <cell>26</cell>
 <cell>INT_NET</cell>
 <cell>Net   : PADDR_in[4]</cell>
</row>
<row>
 <cell></cell>
 <cell></cell>
 <cell>Driver: BLOCK_INTERFACE_I_PADDR_in&lt;4&gt;</cell>
</row>
<row>
 <cell>22</cell>
 <cell>INT_NET</cell>
 <cell>Net   : PADDR_in[3]</cell>
</row>
<row>
 <cell></cell>
 <cell></cell>
 <cell>Driver: BLOCK_INTERFACE_I_PADDR_in&lt;3&gt;</cell>
</row>
<row>
 <cell>19</cell>
 <cell>INT_NET</cell>
 <cell>Net   : SPI_Data/USPI/un1_cfg_enable_i</cell>
</row>
<row>
 <cell></cell>
 <cell></cell>
 <cell>Driver: SPI_Data/USPI/UCC/m91</cell>
</row>
<row>
 <cell>19</cell>
 <cell>INT_NET</cell>
 <cell>Net   : SPI_Data/USPI/stxs_state</cell>
</row>
<row>
 <cell></cell>
 <cell></cell>
 <cell>Driver: SPI_Data/USPI/UCC/stxs_state_1</cell>
</row>
<row>
 <cell>19</cell>
 <cell>INT_NET</cell>
 <cell>Net   : SPI_Data/USPI/UCC/clock_rx_fe</cell>
</row>
<row>
 <cell></cell>
 <cell></cell>
 <cell>Driver: SPI_Data/USPI/UCC/clock_rx_q3_RNI587D</cell>
</row>
<row>
 <cell>18</cell>
 <cell>INT_NET</cell>
 <cell>Net   : SPI_Data/USPI/fiforsttx</cell>
</row>
<row>
 <cell></cell>
 <cell></cell>
 <cell>Driver: SPI_Data/USPI/URF/clr_txfifo</cell>
</row>
<row>
 <cell>18</cell>
 <cell>INT_NET</cell>
 <cell>Net   : SPI_Data/USPI/UCC/spi_clk_tick</cell>
</row>
<row>
 <cell></cell>
 <cell></cell>
 <cell>Driver: SPI_Data/USPI/UCC/spi_clk_tick</cell>
</row>
<row>
 <cell>16</cell>
 <cell>INT_NET</cell>
 <cell>Net   : SPI_Data/USPI/SPIMODE</cell>
</row>
<row>
 <cell></cell>
 <cell></cell>
 <cell>Driver: SPI_Data/USPI/URF/control1[1]</cell>
</row>
<row>
 <cell>15</cell>
 <cell>INT_NET</cell>
 <cell>Net   : SPI_Data/USPI/fiforstrx</cell>
</row>
<row>
 <cell></cell>
 <cell></cell>
 <cell>Driver: SPI_Data/USPI/URF/clr_rxfifo</cell>
</row>
</table>
<section><name>High fanout nets (through buffer trees)</name></section>
<table>
<header>
 <cell>Fanout</cell>
 <cell>Type</cell>
 <cell>Name</cell>
</header>
<row>
 <cell>26</cell>
 <cell>INT_NET</cell>
 <cell>Net   : PADDR_in[2]</cell>
</row>
<row>
 <cell></cell>
 <cell></cell>
 <cell>Driver: BLOCK_INTERFACE_I_PADDR_in&lt;2&gt;</cell>
</row>
<row>
 <cell>26</cell>
 <cell>INT_NET</cell>
 <cell>Net   : PADDR_in[4]</cell>
</row>
<row>
 <cell></cell>
 <cell></cell>
 <cell>Driver: BLOCK_INTERFACE_I_PADDR_in&lt;4&gt;</cell>
</row>
<row>
 <cell>22</cell>
 <cell>INT_NET</cell>
 <cell>Net   : PADDR_in[3]</cell>
</row>
<row>
 <cell></cell>
 <cell></cell>
 <cell>Driver: BLOCK_INTERFACE_I_PADDR_in&lt;3&gt;</cell>
</row>
<row>
 <cell>19</cell>
 <cell>INT_NET</cell>
 <cell>Net   : SPI_Data/USPI/un1_cfg_enable_i</cell>
</row>
<row>
 <cell></cell>
 <cell></cell>
 <cell>Driver: SPI_Data/USPI/UCC/m91</cell>
</row>
<row>
 <cell>19</cell>
 <cell>INT_NET</cell>
 <cell>Net   : SPI_Data/USPI/stxs_state</cell>
</row>
<row>
 <cell></cell>
 <cell></cell>
 <cell>Driver: SPI_Data/USPI/UCC/stxs_state_1</cell>
</row>
<row>
 <cell>19</cell>
 <cell>INT_NET</cell>
 <cell>Net   : SPI_Data/USPI/UCC/clock_rx_fe</cell>
</row>
<row>
 <cell></cell>
 <cell></cell>
 <cell>Driver: SPI_Data/USPI/UCC/clock_rx_q3_RNI587D</cell>
</row>
<row>
 <cell>18</cell>
 <cell>INT_NET</cell>
 <cell>Net   : SPI_Data/USPI/fiforsttx</cell>
</row>
<row>
 <cell></cell>
 <cell></cell>
 <cell>Driver: SPI_Data/USPI/URF/clr_txfifo</cell>
</row>
<row>
 <cell>18</cell>
 <cell>INT_NET</cell>
 <cell>Net   : SPI_Data/USPI/UCC/spi_clk_tick</cell>
</row>
<row>
 <cell></cell>
 <cell></cell>
 <cell>Driver: SPI_Data/USPI/UCC/spi_clk_tick</cell>
</row>
<row>
 <cell>16</cell>
 <cell>INT_NET</cell>
 <cell>Net   : SPI_Data/USPI/SPIMODE</cell>
</row>
<row>
 <cell></cell>
 <cell></cell>
 <cell>Driver: SPI_Data/USPI/URF/control1[1]</cell>
</row>
<row>
 <cell>15</cell>
 <cell>INT_NET</cell>
 <cell>Net   : SPI_Data/USPI/fiforstrx</cell>
</row>
<row>
 <cell></cell>
 <cell></cell>
 <cell>Driver: SPI_Data/USPI/URF/clr_rxfifo</cell>
</row>
</table>
</doc>
