<?xml version="1.0" encoding="UTF-8" standalone="no" ?>
<?xml-stylesheet href="rptstyle.xsl" type="text/xsl" ?>
<doc>
<title>Timing Report Min Delay Analysis
</title>
<text>SmartTime Version 11.8.3.6</text>
<text>Microsemi Corporation - Microsemi Libero Software Release v11.8 SP3 (Version 11.8.3.6)</text>
<text>Date: Fri Mar 23 11:36:12 2018
</text>
<table>
<header>
</header>
<row>
 <cell>Design</cell>
 <cell>MCP9303_Interface</cell>
</row>
<row>
 <cell>Family</cell>
 <cell>SmartFusion2</cell>
</row>
<row>
 <cell>Die</cell>
 <cell>M2S025</cell>
</row>
<row>
 <cell>Package</cell>
 <cell>256 VF</cell>
</row>
<row>
 <cell>Temperature Range</cell>
 <cell>0 - 85 C</cell>
</row>
<row>
 <cell>Voltage Range</cell>
 <cell>1.14 - 1.26 V</cell>
</row>
<row>
 <cell>Speed Grade</cell>
 <cell>STD</cell>
</row>
<row>
 <cell>Design State</cell>
 <cell>Pre-Layout</cell>
</row>
<row>
 <cell>Data source</cell>
 <cell></cell>
</row>
<row>
 <cell>Min Operating Conditions</cell>
 <cell>BEST - 1.26 V - 0 C</cell>
</row>
<row>
 <cell>Max Operating Conditions</cell>
 <cell>WORST - 1.14 V - 85 C</cell>
</row>
<row>
 <cell>Scenario for Timing Analysis</cell>
 <cell>Primary</cell>
</row>
</table>
<text></text>
<section>
<name>Summary</name>
<table>
<header>
 <cell>Clock Domain</cell>
 <cell>Period (ns)</cell>
 <cell>Frequency (MHz)</cell>
 <cell>Required Period (ns)</cell>
 <cell>Required Frequency (MHz)</cell>
 <cell>External Setup (ns)</cell>
 <cell>External Hold (ns)</cell>
 <cell>Min Clock-To-Out (ns)</cell>
 <cell>Max Clock-To-Out (ns)</cell>
</header>
<row>
 <cell>PCLK</cell>
 <cell>8.573</cell>
 <cell>116.645</cell>
 <cell>N/A</cell>
 <cell>N/A</cell>
 <cell>9.609</cell>
 <cell>1.389</cell>
 <cell>2.542</cell>
 <cell>14.617</cell>
</row>
</table>
<text></text>
<table>
<header>
 <cell></cell>
 <cell>Min Delay (ns)</cell>
 <cell>Max Delay (ns)</cell>
</header>
<row>
 <cell>Input to Output</cell>
 <cell>0.000</cell>
 <cell>10.764</cell>
</row>
</table>
</section>
<section>
<name>Clock Domain PCLK</name>
<text></text>
<section>
<name>SET Register to Register</name>
<table>
<header>
 <cell/>
 <cell>From</cell>
 <cell>To</cell>
 <cell>Delay (ns)</cell>
 <cell>Slack (ns)</cell>
 <cell>Arrival (ns)</cell>
 <cell>Required (ns)</cell>
 <cell>Hold (ns)</cell>
</header>
<row>
 <cell>Path 1</cell>
 <cell>SPI_Data/USPI/URXF/wr_pointer_q[0]:CLK</cell>
 <cell>SPI_Data/USPI/URXF/fifo_mem_q_fifo_mem_q_0_0/INST_RAM64x18_IP:C_ADDR[3]</cell>
 <cell>0.739</cell>
 <cell></cell>
 <cell>2.648</cell>
 <cell></cell>
 <cell>0.160</cell>
</row>
<row>
 <cell>Path 2</cell>
 <cell>SPI_Data/USPI/UTXF/wr_pointer_q[0]:CLK</cell>
 <cell>SPI_Data/USPI/UTXF/fifo_mem_q_fifo_mem_q_0_0/INST_RAM64x18_IP:C_ADDR[3]</cell>
 <cell>0.739</cell>
 <cell></cell>
 <cell>2.648</cell>
 <cell></cell>
 <cell>0.160</cell>
</row>
<row>
 <cell>Path 3</cell>
 <cell>SPI_Data/USPI/UCC/SYNC1_msrxp_pktsel:CLK</cell>
 <cell>SPI_Data/USPI/UCC/SYNC2_msrxp_pktsel:D</cell>
 <cell>0.579</cell>
 <cell></cell>
 <cell>2.488</cell>
 <cell></cell>
 <cell>0.000</cell>
</row>
<row>
 <cell>Path 4</cell>
 <cell>SPI_Data/USPI/UCC/mtx_re:CLK</cell>
 <cell>SPI_Data/USPI/UCC/mtx_re_q1:D</cell>
 <cell>0.579</cell>
 <cell></cell>
 <cell>2.488</cell>
 <cell></cell>
 <cell>0.000</cell>
</row>
<row>
 <cell>Path 5</cell>
 <cell>SPI_Data/USPI/UCC/SYNC1_msrxp_strobe:CLK</cell>
 <cell>SPI_Data/USPI/UCC/SYNC2_msrxp_strobe:D</cell>
 <cell>0.579</cell>
 <cell></cell>
 <cell>2.488</cell>
 <cell></cell>
 <cell>0.000</cell>
</row>
</table>
<text></text>
<section><name>Expanded Path 1</name></section>
<table>
<header>
 <cell>Pin Name</cell>
 <cell>Type</cell>
 <cell>Net Name</cell>
 <cell>Cell Name</cell>
 <cell>Op</cell>
 <cell>Delay (ns)</cell>
 <cell>Total (ns)</cell>
 <cell>Fanout</cell>
 <cell>Edge</cell>
</header>
<row>
 <cell>From: SPI_Data/USPI/URXF/wr_pointer_q[0]:CLK</cell>
 <cell></cell>
 <cell></cell>
 <cell></cell>
 <cell></cell>
 <cell></cell>
 <cell></cell>
 <cell></cell>
 <cell></cell>
</row>
<row>
 <cell>To: SPI_Data/USPI/URXF/fifo_mem_q_fifo_mem_q_0_0/INST_RAM64x18_IP:C_ADDR[3]</cell>
 <cell></cell>
 <cell></cell>
 <cell></cell>
 <cell></cell>
 <cell></cell>
 <cell></cell>
 <cell></cell>
 <cell></cell>
</row>
<row>
 <cell>data arrival time</cell>
 <cell></cell>
 <cell></cell>
 <cell></cell>
 <cell></cell>
 <cell></cell>
 <cell>2.648</cell>
 <cell></cell>
 <cell></cell>
</row>
<row>
 <cell>data required time</cell>
 <cell></cell>
 <cell></cell>
 <cell></cell>
 <cell>-</cell>
 <cell></cell>
 <cell>N/C</cell>
 <cell></cell>
 <cell></cell>
</row>
<row>
 <cell>slack</cell>
 <cell></cell>
 <cell></cell>
 <cell></cell>
 <cell></cell>
 <cell></cell>
 <cell>N/C</cell>
 <cell></cell>
 <cell></cell>
</row>
<row>
</row>
<row>
 <cell>Data arrival time calculation</cell>
 <cell></cell>
 <cell></cell>
 <cell></cell>
 <cell></cell>
 <cell></cell>
 <cell></cell>
 <cell></cell>
 <cell></cell>
</row>
<row>
 <cell>PCLK</cell>
 <cell></cell>
 <cell></cell>
 <cell></cell>
 <cell></cell>
 <cell>0.000</cell>
 <cell>0.000</cell>
 <cell></cell>
 <cell></cell>
</row>
<row>
 <cell>PCLK</cell>
 <cell>Clock source</cell>
 <cell></cell>
 <cell></cell>
 <cell>+</cell>
 <cell>0.000</cell>
 <cell>0.000</cell>
 <cell></cell>
 <cell>r</cell>
</row>
<row>
 <cell>BLOCK_INTERFACE_I_PCLK:A</cell>
 <cell>net</cell>
 <cell>I_NET_PCLK</cell>
 <cell></cell>
 <cell>+</cell>
 <cell>0.000</cell>
 <cell>0.000</cell>
 <cell></cell>
 <cell>r</cell>
</row>
<row>
 <cell>BLOCK_INTERFACE_I_PCLK:Y</cell>
 <cell>cell</cell>
 <cell></cell>
 <cell>ADLIB:CFG1</cell>
 <cell>+</cell>
 <cell>0.050</cell>
 <cell>0.050</cell>
 <cell>1</cell>
 <cell>r</cell>
</row>
<row>
 <cell>PCLK_RNIAB1A:An</cell>
 <cell>net</cell>
 <cell>PCLK</cell>
 <cell></cell>
 <cell>+</cell>
 <cell>0.521</cell>
 <cell>0.571</cell>
 <cell></cell>
 <cell>f</cell>
</row>
<row>
 <cell>PCLK_RNIAB1A:YWn</cell>
 <cell>cell</cell>
 <cell></cell>
 <cell>ADLIB:GBM</cell>
 <cell>+</cell>
 <cell>0.250</cell>
 <cell>0.821</cell>
 <cell>1</cell>
 <cell>f</cell>
</row>
<row>
 <cell>PCLK_RNIAB1A/U0_RGB1:An</cell>
 <cell>net</cell>
 <cell>PCLK_RNIAB1A/U0_YWn</cell>
 <cell></cell>
 <cell>+</cell>
 <cell>0.521</cell>
 <cell>1.342</cell>
 <cell></cell>
 <cell>f</cell>
</row>
<row>
 <cell>PCLK_RNIAB1A/U0_RGB1:YL</cell>
 <cell>cell</cell>
 <cell></cell>
 <cell>ADLIB:RGB</cell>
 <cell>+</cell>
 <cell>0.212</cell>
 <cell>1.554</cell>
 <cell>195</cell>
 <cell>r</cell>
</row>
<row>
 <cell>SPI_Data/USPI/URXF/wr_pointer_q[0]:CLK</cell>
 <cell>net</cell>
 <cell>PCLK_0</cell>
 <cell></cell>
 <cell>+</cell>
 <cell>0.355</cell>
 <cell>1.909</cell>
 <cell></cell>
 <cell>r</cell>
</row>
<row>
 <cell>SPI_Data/USPI/URXF/wr_pointer_q[0]:Q</cell>
 <cell>cell</cell>
 <cell></cell>
 <cell>ADLIB:SLE</cell>
 <cell>+</cell>
 <cell>0.072</cell>
 <cell>1.981</cell>
 <cell>3</cell>
 <cell>f</cell>
</row>
<row>
 <cell>SPI_Data/USPI/URXF/fifo_mem_q_fifo_mem_q_0_0/CFG_11:C</cell>
 <cell>net</cell>
 <cell>SPI_Data/USPI/URXF/wr_pointer_q[0]</cell>
 <cell></cell>
 <cell>+</cell>
 <cell>0.529</cell>
 <cell>2.510</cell>
 <cell></cell>
 <cell>f</cell>
</row>
<row>
 <cell>SPI_Data/USPI/URXF/fifo_mem_q_fifo_mem_q_0_0/CFG_11:IPC</cell>
 <cell>cell</cell>
 <cell></cell>
 <cell>ADLIB:CFG2_IP_BC</cell>
 <cell>+</cell>
 <cell>0.138</cell>
 <cell>2.648</cell>
 <cell>1</cell>
 <cell>f</cell>
</row>
<row>
 <cell>SPI_Data/USPI/URXF/fifo_mem_q_fifo_mem_q_0_0/INST_RAM64x18_IP:C_ADDR[3]</cell>
 <cell>net</cell>
 <cell>SPI_Data/USPI/URXF/fifo_mem_q_fifo_mem_q_0_0/C_ADDR_net[3]</cell>
 <cell></cell>
 <cell>+</cell>
 <cell>0.000</cell>
 <cell>2.648</cell>
 <cell></cell>
 <cell>f</cell>
</row>
<row>
 <cell>data arrival time</cell>
 <cell></cell>
 <cell></cell>
 <cell></cell>
 <cell></cell>
 <cell></cell>
 <cell>2.648</cell>
 <cell></cell>
 <cell></cell>
</row>
<row>
</row>
<row>
 <cell>Data required time calculation</cell>
 <cell></cell>
 <cell></cell>
 <cell></cell>
 <cell></cell>
 <cell></cell>
 <cell></cell>
 <cell></cell>
 <cell></cell>
</row>
<row>
 <cell>PCLK</cell>
 <cell></cell>
 <cell></cell>
 <cell></cell>
 <cell></cell>
 <cell>N/C</cell>
 <cell>N/C</cell>
 <cell></cell>
 <cell></cell>
</row>
<row>
 <cell>PCLK</cell>
 <cell>Clock source</cell>
 <cell></cell>
 <cell></cell>
 <cell>+</cell>
 <cell>0.000</cell>
 <cell>N/C</cell>
 <cell></cell>
 <cell>r</cell>
</row>
<row>
 <cell>BLOCK_INTERFACE_I_PCLK:A</cell>
 <cell>net</cell>
 <cell>I_NET_PCLK</cell>
 <cell></cell>
 <cell>+</cell>
 <cell>0.000</cell>
 <cell>N/C</cell>
 <cell></cell>
 <cell>r</cell>
</row>
<row>
 <cell>BLOCK_INTERFACE_I_PCLK:Y</cell>
 <cell>cell</cell>
 <cell></cell>
 <cell>ADLIB:CFG1</cell>
 <cell>+</cell>
 <cell>0.050</cell>
 <cell>N/C</cell>
 <cell>1</cell>
 <cell>r</cell>
</row>
<row>
 <cell>PCLK_RNIAB1A:An</cell>
 <cell>net</cell>
 <cell>PCLK</cell>
 <cell></cell>
 <cell>+</cell>
 <cell>0.521</cell>
 <cell>N/C</cell>
 <cell></cell>
 <cell>f</cell>
</row>
<row>
 <cell>PCLK_RNIAB1A:YWn</cell>
 <cell>cell</cell>
 <cell></cell>
 <cell>ADLIB:GBM</cell>
 <cell>+</cell>
 <cell>0.250</cell>
 <cell>N/C</cell>
 <cell>1</cell>
 <cell>f</cell>
</row>
<row>
 <cell>PCLK_RNIAB1A/U0_RGB1:An</cell>
 <cell>net</cell>
 <cell>PCLK_RNIAB1A/U0_YWn</cell>
 <cell></cell>
 <cell>+</cell>
 <cell>0.521</cell>
 <cell>N/C</cell>
 <cell></cell>
 <cell>f</cell>
</row>
<row>
 <cell>PCLK_RNIAB1A/U0_RGB1:YL</cell>
 <cell>cell</cell>
 <cell></cell>
 <cell>ADLIB:RGB</cell>
 <cell>+</cell>
 <cell>0.212</cell>
 <cell>N/C</cell>
 <cell>195</cell>
 <cell>r</cell>
</row>
<row>
 <cell>SPI_Data/USPI/URXF/fifo_mem_q_fifo_mem_q_0_0/FF_12:CLK</cell>
 <cell>net</cell>
 <cell>PCLK_0</cell>
 <cell></cell>
 <cell>+</cell>
 <cell>0.355</cell>
 <cell>N/C</cell>
 <cell></cell>
 <cell>r</cell>
</row>
<row>
 <cell>SPI_Data/USPI/URXF/fifo_mem_q_fifo_mem_q_0_0/FF_12:IPCLKn</cell>
 <cell>cell</cell>
 <cell></cell>
 <cell>ADLIB:SLE_IP_CLK</cell>
 <cell>+</cell>
 <cell>0.039</cell>
 <cell>N/C</cell>
 <cell>1</cell>
 <cell>f</cell>
</row>
<row>
 <cell>SPI_Data/USPI/URXF/fifo_mem_q_fifo_mem_q_0_0/INST_RAM64x18_IP:C_CLK</cell>
 <cell>net</cell>
 <cell>SPI_Data/USPI/URXF/fifo_mem_q_fifo_mem_q_0_0/C_CLK_net</cell>
 <cell></cell>
 <cell>+</cell>
 <cell>0.000</cell>
 <cell>N/C</cell>
 <cell></cell>
 <cell>r</cell>
</row>
<row>
 <cell>SPI_Data/USPI/URXF/fifo_mem_q_fifo_mem_q_0_0/INST_RAM64x18_IP:C_ADDR[3]</cell>
 <cell>Library hold time</cell>
 <cell></cell>
 <cell>ADLIB:RAM64x18_IP</cell>
 <cell>+</cell>
 <cell>0.160</cell>
 <cell>N/C</cell>
 <cell></cell>
 <cell></cell>
</row>
<row>
</row>
</table>
</section>
<section>
<name>SET External Hold</name>
<table>
<header>
 <cell/>
 <cell>From</cell>
 <cell>To</cell>
 <cell>Delay (ns)</cell>
 <cell>Slack (ns)</cell>
 <cell>Arrival (ns)</cell>
 <cell>Required (ns)</cell>
 <cell>Hold (ns)</cell>
 <cell>External Hold (ns)</cell>
</header>
<row>
 <cell>Path 1</cell>
 <cell>ADC_SDO</cell>
 <cell>SPI_Data/USPI/UCC/data_rx_q1:D</cell>
 <cell>0.579</cell>
 <cell></cell>
 <cell>0.579</cell>
 <cell></cell>
 <cell>0.000</cell>
 <cell>1.389</cell>
</row>
<row>
 <cell>Path 2</cell>
 <cell>PWDATA_in[3]</cell>
 <cell>SPI_Data/USPI/URF/cfg_ssel[3]:D</cell>
 <cell>0.583</cell>
 <cell></cell>
 <cell>0.583</cell>
 <cell></cell>
 <cell>0.000</cell>
 <cell>1.385</cell>
</row>
<row>
 <cell>Path 3</cell>
 <cell>PWDATA_in[3]</cell>
 <cell>SPI_Data/USPI/URF/control1[3]:D</cell>
 <cell>0.583</cell>
 <cell></cell>
 <cell>0.583</cell>
 <cell></cell>
 <cell>0.000</cell>
 <cell>1.385</cell>
</row>
<row>
 <cell>Path 4</cell>
 <cell>PWDATA_in[6]</cell>
 <cell>SPI_Data/USPI/URF/cfg_ssel[6]:D</cell>
 <cell>0.588</cell>
 <cell></cell>
 <cell>0.588</cell>
 <cell></cell>
 <cell>0.000</cell>
 <cell>1.380</cell>
</row>
<row>
 <cell>Path 5</cell>
 <cell>PWDATA_in[5]</cell>
 <cell>SPI_Data/USPI/URF/control2[5]:D</cell>
 <cell>0.588</cell>
 <cell></cell>
 <cell>0.588</cell>
 <cell></cell>
 <cell>0.000</cell>
 <cell>1.380</cell>
</row>
</table>
<text></text>
<section><name>Expanded Path 1</name></section>
<table>
<header>
 <cell>Pin Name</cell>
 <cell>Type</cell>
 <cell>Net Name</cell>
 <cell>Cell Name</cell>
 <cell>Op</cell>
 <cell>Delay (ns)</cell>
 <cell>Total (ns)</cell>
 <cell>Fanout</cell>
 <cell>Edge</cell>
</header>
<row>
 <cell>From: ADC_SDO</cell>
 <cell></cell>
 <cell></cell>
 <cell></cell>
 <cell></cell>
 <cell></cell>
 <cell></cell>
 <cell></cell>
 <cell></cell>
</row>
<row>
 <cell>To: SPI_Data/USPI/UCC/data_rx_q1:D</cell>
 <cell></cell>
 <cell></cell>
 <cell></cell>
 <cell></cell>
 <cell></cell>
 <cell></cell>
 <cell></cell>
 <cell></cell>
</row>
<row>
 <cell>data arrival time</cell>
 <cell></cell>
 <cell></cell>
 <cell></cell>
 <cell></cell>
 <cell></cell>
 <cell>0.579</cell>
 <cell></cell>
 <cell></cell>
</row>
<row>
 <cell>data required time</cell>
 <cell></cell>
 <cell></cell>
 <cell></cell>
 <cell>-</cell>
 <cell></cell>
 <cell>N/C</cell>
 <cell></cell>
 <cell></cell>
</row>
<row>
 <cell>slack</cell>
 <cell></cell>
 <cell></cell>
 <cell></cell>
 <cell></cell>
 <cell></cell>
 <cell>N/C</cell>
 <cell></cell>
 <cell></cell>
</row>
<row>
</row>
<row>
 <cell>Data arrival time calculation</cell>
 <cell></cell>
 <cell></cell>
 <cell></cell>
 <cell></cell>
 <cell></cell>
 <cell></cell>
 <cell></cell>
 <cell></cell>
</row>
<row>
 <cell>ADC_SDO</cell>
 <cell></cell>
 <cell></cell>
 <cell></cell>
 <cell></cell>
 <cell>0.000</cell>
 <cell>0.000</cell>
 <cell></cell>
 <cell>r</cell>
</row>
<row>
 <cell>BLOCK_INTERFACE_I_ADC_SDO:A</cell>
 <cell>net</cell>
 <cell>I_NET_ADC_SDO</cell>
 <cell></cell>
 <cell>+</cell>
 <cell>0.000</cell>
 <cell>0.000</cell>
 <cell></cell>
 <cell>r</cell>
</row>
<row>
 <cell>BLOCK_INTERFACE_I_ADC_SDO:Y</cell>
 <cell>cell</cell>
 <cell></cell>
 <cell>ADLIB:CFG1</cell>
 <cell>+</cell>
 <cell>0.050</cell>
 <cell>0.050</cell>
 <cell>3</cell>
 <cell>r</cell>
</row>
<row>
 <cell>SPI_Data/USPI/UCC/data_rx_q1:D</cell>
 <cell>net</cell>
 <cell>ADC_SDO</cell>
 <cell></cell>
 <cell>+</cell>
 <cell>0.529</cell>
 <cell>0.579</cell>
 <cell></cell>
 <cell>r</cell>
</row>
<row>
 <cell>data arrival time</cell>
 <cell></cell>
 <cell></cell>
 <cell></cell>
 <cell></cell>
 <cell></cell>
 <cell>0.579</cell>
 <cell></cell>
 <cell></cell>
</row>
<row>
</row>
<row>
 <cell>Data required time calculation</cell>
 <cell></cell>
 <cell></cell>
 <cell></cell>
 <cell></cell>
 <cell></cell>
 <cell></cell>
 <cell></cell>
 <cell></cell>
</row>
<row>
 <cell>PCLK</cell>
 <cell></cell>
 <cell></cell>
 <cell></cell>
 <cell></cell>
 <cell>N/C</cell>
 <cell>N/C</cell>
 <cell></cell>
 <cell></cell>
</row>
<row>
 <cell>PCLK</cell>
 <cell>Clock source</cell>
 <cell></cell>
 <cell></cell>
 <cell>+</cell>
 <cell>0.000</cell>
 <cell>N/C</cell>
 <cell></cell>
 <cell>r</cell>
</row>
<row>
 <cell>BLOCK_INTERFACE_I_PCLK:A</cell>
 <cell>net</cell>
 <cell>I_NET_PCLK</cell>
 <cell></cell>
 <cell>+</cell>
 <cell>0.000</cell>
 <cell>N/C</cell>
 <cell></cell>
 <cell>r</cell>
</row>
<row>
 <cell>BLOCK_INTERFACE_I_PCLK:Y</cell>
 <cell>cell</cell>
 <cell></cell>
 <cell>ADLIB:CFG1</cell>
 <cell>+</cell>
 <cell>0.052</cell>
 <cell>N/C</cell>
 <cell>1</cell>
 <cell>r</cell>
</row>
<row>
 <cell>PCLK_RNIAB1A:An</cell>
 <cell>net</cell>
 <cell>PCLK</cell>
 <cell></cell>
 <cell>+</cell>
 <cell>0.537</cell>
 <cell>N/C</cell>
 <cell></cell>
 <cell>f</cell>
</row>
<row>
 <cell>PCLK_RNIAB1A:YWn</cell>
 <cell>cell</cell>
 <cell></cell>
 <cell>ADLIB:GBM</cell>
 <cell>+</cell>
 <cell>0.257</cell>
 <cell>N/C</cell>
 <cell>1</cell>
 <cell>f</cell>
</row>
<row>
 <cell>PCLK_RNIAB1A/U0_RGB1:An</cell>
 <cell>net</cell>
 <cell>PCLK_RNIAB1A/U0_YWn</cell>
 <cell></cell>
 <cell>+</cell>
 <cell>0.537</cell>
 <cell>N/C</cell>
 <cell></cell>
 <cell>f</cell>
</row>
<row>
 <cell>PCLK_RNIAB1A/U0_RGB1:YL</cell>
 <cell>cell</cell>
 <cell></cell>
 <cell>ADLIB:RGB</cell>
 <cell>+</cell>
 <cell>0.219</cell>
 <cell>N/C</cell>
 <cell>195</cell>
 <cell>r</cell>
</row>
<row>
 <cell>SPI_Data/USPI/UCC/data_rx_q1:CLK</cell>
 <cell>net</cell>
 <cell>PCLK_0</cell>
 <cell></cell>
 <cell>+</cell>
 <cell>0.366</cell>
 <cell>N/C</cell>
 <cell></cell>
 <cell>r</cell>
</row>
<row>
 <cell>SPI_Data/USPI/UCC/data_rx_q1:D</cell>
 <cell>Library hold time</cell>
 <cell></cell>
 <cell>ADLIB:SLE</cell>
 <cell>+</cell>
 <cell>0.000</cell>
 <cell>N/C</cell>
 <cell></cell>
 <cell></cell>
</row>
<row>
</row>
</table>
</section>
<section>
<name>SET Clock to Output</name>
<table>
<header>
 <cell/>
 <cell>From</cell>
 <cell>To</cell>
 <cell>Delay (ns)</cell>
 <cell>Slack (ns)</cell>
 <cell>Arrival (ns)</cell>
 <cell>Required (ns)</cell>
 <cell>Clock to Out (ns)</cell>
</header>
<row>
 <cell>Path 1</cell>
 <cell>SPI_Data/USPI/UCC/spi_clk_out:CLK</cell>
 <cell>ADC_SCK</cell>
 <cell>0.633</cell>
 <cell></cell>
 <cell>2.542</cell>
 <cell></cell>
 <cell>2.542</cell>
</row>
<row>
 <cell>Path 2</cell>
 <cell>GPIO_Data/xhdl1.GEN_BITS[0].APB_32.GPOUT_reg[0]:CLK</cell>
 <cell>ADC_RST</cell>
 <cell>0.633</cell>
 <cell></cell>
 <cell>2.542</cell>
 <cell></cell>
 <cell>2.542</cell>
</row>
<row>
 <cell>Path 3</cell>
 <cell>GPIO_Data/xhdl1.GEN_BITS[1].APB_32.GPOUT_reg[1]:CLK</cell>
 <cell>ADC_CS_N</cell>
 <cell>0.633</cell>
 <cell></cell>
 <cell>2.542</cell>
 <cell></cell>
 <cell>2.542</cell>
</row>
<row>
 <cell>Path 4</cell>
 <cell>SPI_Data/USPI/UCC/stxs_txzeros:CLK</cell>
 <cell>ADC_SDI</cell>
 <cell>1.229</cell>
 <cell></cell>
 <cell>3.138</cell>
 <cell></cell>
 <cell>3.138</cell>
</row>
<row>
 <cell>Path 5</cell>
 <cell>SPI_Data/USPI/UCC/mtx_spi_data_out:CLK</cell>
 <cell>ADC_SDI</cell>
 <cell>1.256</cell>
 <cell></cell>
 <cell>3.165</cell>
 <cell></cell>
 <cell>3.165</cell>
</row>
</table>
<text></text>
<section><name>Expanded Path 1</name></section>
<table>
<header>
 <cell>Pin Name</cell>
 <cell>Type</cell>
 <cell>Net Name</cell>
 <cell>Cell Name</cell>
 <cell>Op</cell>
 <cell>Delay (ns)</cell>
 <cell>Total (ns)</cell>
 <cell>Fanout</cell>
 <cell>Edge</cell>
</header>
<row>
 <cell>From: SPI_Data/USPI/UCC/spi_clk_out:CLK</cell>
 <cell></cell>
 <cell></cell>
 <cell></cell>
 <cell></cell>
 <cell></cell>
 <cell></cell>
 <cell></cell>
 <cell></cell>
</row>
<row>
 <cell>To: ADC_SCK</cell>
 <cell></cell>
 <cell></cell>
 <cell></cell>
 <cell></cell>
 <cell></cell>
 <cell></cell>
 <cell></cell>
 <cell></cell>
</row>
<row>
 <cell>data arrival time</cell>
 <cell></cell>
 <cell></cell>
 <cell></cell>
 <cell></cell>
 <cell></cell>
 <cell>2.542</cell>
 <cell></cell>
 <cell></cell>
</row>
<row>
 <cell>data required time</cell>
 <cell></cell>
 <cell></cell>
 <cell></cell>
 <cell>-</cell>
 <cell></cell>
 <cell>N/C</cell>
 <cell></cell>
 <cell></cell>
</row>
<row>
 <cell>slack</cell>
 <cell></cell>
 <cell></cell>
 <cell></cell>
 <cell></cell>
 <cell></cell>
 <cell>N/C</cell>
 <cell></cell>
 <cell></cell>
</row>
<row>
</row>
<row>
 <cell>Data arrival time calculation</cell>
 <cell></cell>
 <cell></cell>
 <cell></cell>
 <cell></cell>
 <cell></cell>
 <cell></cell>
 <cell></cell>
 <cell></cell>
</row>
<row>
 <cell>PCLK</cell>
 <cell></cell>
 <cell></cell>
 <cell></cell>
 <cell></cell>
 <cell>0.000</cell>
 <cell>0.000</cell>
 <cell></cell>
 <cell></cell>
</row>
<row>
 <cell>PCLK</cell>
 <cell>Clock source</cell>
 <cell></cell>
 <cell></cell>
 <cell>+</cell>
 <cell>0.000</cell>
 <cell>0.000</cell>
 <cell></cell>
 <cell>r</cell>
</row>
<row>
 <cell>BLOCK_INTERFACE_I_PCLK:A</cell>
 <cell>net</cell>
 <cell>I_NET_PCLK</cell>
 <cell></cell>
 <cell>+</cell>
 <cell>0.000</cell>
 <cell>0.000</cell>
 <cell></cell>
 <cell>r</cell>
</row>
<row>
 <cell>BLOCK_INTERFACE_I_PCLK:Y</cell>
 <cell>cell</cell>
 <cell></cell>
 <cell>ADLIB:CFG1</cell>
 <cell>+</cell>
 <cell>0.050</cell>
 <cell>0.050</cell>
 <cell>1</cell>
 <cell>r</cell>
</row>
<row>
 <cell>PCLK_RNIAB1A:An</cell>
 <cell>net</cell>
 <cell>PCLK</cell>
 <cell></cell>
 <cell>+</cell>
 <cell>0.521</cell>
 <cell>0.571</cell>
 <cell></cell>
 <cell>f</cell>
</row>
<row>
 <cell>PCLK_RNIAB1A:YWn</cell>
 <cell>cell</cell>
 <cell></cell>
 <cell>ADLIB:GBM</cell>
 <cell>+</cell>
 <cell>0.250</cell>
 <cell>0.821</cell>
 <cell>1</cell>
 <cell>f</cell>
</row>
<row>
 <cell>PCLK_RNIAB1A/U0_RGB1:An</cell>
 <cell>net</cell>
 <cell>PCLK_RNIAB1A/U0_YWn</cell>
 <cell></cell>
 <cell>+</cell>
 <cell>0.521</cell>
 <cell>1.342</cell>
 <cell></cell>
 <cell>f</cell>
</row>
<row>
 <cell>PCLK_RNIAB1A/U0_RGB1:YL</cell>
 <cell>cell</cell>
 <cell></cell>
 <cell>ADLIB:RGB</cell>
 <cell>+</cell>
 <cell>0.212</cell>
 <cell>1.554</cell>
 <cell>195</cell>
 <cell>r</cell>
</row>
<row>
 <cell>SPI_Data/USPI/UCC/spi_clk_out:CLK</cell>
 <cell>net</cell>
 <cell>PCLK_0</cell>
 <cell></cell>
 <cell>+</cell>
 <cell>0.355</cell>
 <cell>1.909</cell>
 <cell></cell>
 <cell>r</cell>
</row>
<row>
 <cell>SPI_Data/USPI/UCC/spi_clk_out:Q</cell>
 <cell>cell</cell>
 <cell></cell>
 <cell>ADLIB:SLE</cell>
 <cell>+</cell>
 <cell>0.058</cell>
 <cell>1.967</cell>
 <cell>2</cell>
 <cell>r</cell>
</row>
<row>
 <cell>BLOCK_INTERFACE_I_ADC_SCK:A</cell>
 <cell>net</cell>
 <cell>ADC_SCK</cell>
 <cell></cell>
 <cell>+</cell>
 <cell>0.525</cell>
 <cell>2.492</cell>
 <cell></cell>
 <cell>r</cell>
</row>
<row>
 <cell>BLOCK_INTERFACE_I_ADC_SCK:Y</cell>
 <cell>cell</cell>
 <cell></cell>
 <cell>ADLIB:CFG1</cell>
 <cell>+</cell>
 <cell>0.050</cell>
 <cell>2.542</cell>
 <cell>0</cell>
 <cell>r</cell>
</row>
<row>
 <cell>ADC_SCK</cell>
 <cell>net</cell>
 <cell>I_NET_ADC_SCK</cell>
 <cell></cell>
 <cell>+</cell>
 <cell>0.000</cell>
 <cell>2.542</cell>
 <cell></cell>
 <cell>r</cell>
</row>
<row>
 <cell>data arrival time</cell>
 <cell></cell>
 <cell></cell>
 <cell></cell>
 <cell></cell>
 <cell></cell>
 <cell>2.542</cell>
 <cell></cell>
 <cell></cell>
</row>
<row>
</row>
<row>
 <cell>Data required time calculation</cell>
 <cell></cell>
 <cell></cell>
 <cell></cell>
 <cell></cell>
 <cell></cell>
 <cell></cell>
 <cell></cell>
 <cell></cell>
</row>
<row>
 <cell>PCLK</cell>
 <cell></cell>
 <cell></cell>
 <cell></cell>
 <cell></cell>
 <cell>N/C</cell>
 <cell>N/C</cell>
 <cell></cell>
 <cell></cell>
</row>
<row>
 <cell>PCLK</cell>
 <cell>Clock source</cell>
 <cell></cell>
 <cell></cell>
 <cell>+</cell>
 <cell>0.000</cell>
 <cell>N/C</cell>
 <cell></cell>
 <cell>r</cell>
</row>
<row>
 <cell>ADC_SCK</cell>
 <cell></cell>
 <cell></cell>
 <cell></cell>
 <cell></cell>
 <cell></cell>
 <cell>N/C</cell>
 <cell></cell>
 <cell>r</cell>
</row>
<row>
</row>
</table>
</section>
<section>
<name>SET Register to Asynchronous</name>
<table>
<header>
 <cell/>
 <cell>From</cell>
 <cell>To</cell>
 <cell>Delay (ns)</cell>
 <cell>Slack (ns)</cell>
 <cell>Arrival (ns)</cell>
 <cell>Required (ns)</cell>
 <cell>Removal (ns)</cell>
 <cell>Skew (ns)</cell>
</header>
<row>
 <cell>Path 1</cell>
 <cell>SPI_Data/USPI/UCC/stx_async_reset_ok:CLK</cell>
 <cell>SPI_Data/USPI/UCC/stxs_datareg[5]:ALn</cell>
 <cell>2.502</cell>
 <cell></cell>
 <cell>4.411</cell>
 <cell></cell>
 <cell>0.000</cell>
 <cell>-0.011</cell>
</row>
<row>
 <cell>Path 2</cell>
 <cell>SPI_Data/USPI/UCC/stx_async_reset_ok:CLK</cell>
 <cell>SPI_Data/USPI/UCC/stxs_datareg[7]:ALn</cell>
 <cell>2.502</cell>
 <cell></cell>
 <cell>4.411</cell>
 <cell></cell>
 <cell>0.000</cell>
 <cell>-0.011</cell>
</row>
<row>
 <cell>Path 3</cell>
 <cell>SPI_Data/USPI/UCC/stx_async_reset_ok:CLK</cell>
 <cell>SPI_Data/USPI/UCC/stxs_bitcnt[3]:ALn</cell>
 <cell>2.502</cell>
 <cell></cell>
 <cell>4.411</cell>
 <cell></cell>
 <cell>0.000</cell>
 <cell>-0.011</cell>
</row>
<row>
 <cell>Path 4</cell>
 <cell>SPI_Data/USPI/UCC/stx_async_reset_ok:CLK</cell>
 <cell>SPI_Data/USPI/UCC/stxs_midbit:ALn</cell>
 <cell>2.502</cell>
 <cell></cell>
 <cell>4.411</cell>
 <cell></cell>
 <cell>0.000</cell>
 <cell>-0.011</cell>
</row>
<row>
 <cell>Path 5</cell>
 <cell>SPI_Data/USPI/UCC/stx_async_reset_ok:CLK</cell>
 <cell>SPI_Data/USPI/UCC/stxs_bitcnt[4]:ALn</cell>
 <cell>2.502</cell>
 <cell></cell>
 <cell>4.411</cell>
 <cell></cell>
 <cell>0.000</cell>
 <cell>-0.011</cell>
</row>
</table>
<text></text>
<section><name>Expanded Path 1</name></section>
<table>
<header>
 <cell>Pin Name</cell>
 <cell>Type</cell>
 <cell>Net Name</cell>
 <cell>Cell Name</cell>
 <cell>Op</cell>
 <cell>Delay (ns)</cell>
 <cell>Total (ns)</cell>
 <cell>Fanout</cell>
 <cell>Edge</cell>
</header>
<row>
 <cell>From: SPI_Data/USPI/UCC/stx_async_reset_ok:CLK</cell>
 <cell></cell>
 <cell></cell>
 <cell></cell>
 <cell></cell>
 <cell></cell>
 <cell></cell>
 <cell></cell>
 <cell></cell>
</row>
<row>
 <cell>To: SPI_Data/USPI/UCC/stxs_datareg[5]:ALn</cell>
 <cell></cell>
 <cell></cell>
 <cell></cell>
 <cell></cell>
 <cell></cell>
 <cell></cell>
 <cell></cell>
 <cell></cell>
</row>
<row>
 <cell>data arrival time</cell>
 <cell></cell>
 <cell></cell>
 <cell></cell>
 <cell></cell>
 <cell></cell>
 <cell>4.411</cell>
 <cell></cell>
 <cell></cell>
</row>
<row>
 <cell>data required time</cell>
 <cell></cell>
 <cell></cell>
 <cell></cell>
 <cell>-</cell>
 <cell></cell>
 <cell>N/C</cell>
 <cell></cell>
 <cell></cell>
</row>
<row>
 <cell>slack</cell>
 <cell></cell>
 <cell></cell>
 <cell></cell>
 <cell></cell>
 <cell></cell>
 <cell>N/C</cell>
 <cell></cell>
 <cell></cell>
</row>
<row>
</row>
<row>
 <cell>Data arrival time calculation</cell>
 <cell></cell>
 <cell></cell>
 <cell></cell>
 <cell></cell>
 <cell></cell>
 <cell></cell>
 <cell></cell>
 <cell></cell>
</row>
<row>
 <cell>PCLK</cell>
 <cell></cell>
 <cell></cell>
 <cell></cell>
 <cell></cell>
 <cell>0.000</cell>
 <cell>0.000</cell>
 <cell></cell>
 <cell></cell>
</row>
<row>
 <cell>PCLK</cell>
 <cell>Clock source</cell>
 <cell></cell>
 <cell></cell>
 <cell>+</cell>
 <cell>0.000</cell>
 <cell>0.000</cell>
 <cell></cell>
 <cell>r</cell>
</row>
<row>
 <cell>BLOCK_INTERFACE_I_PCLK:A</cell>
 <cell>net</cell>
 <cell>I_NET_PCLK</cell>
 <cell></cell>
 <cell>+</cell>
 <cell>0.000</cell>
 <cell>0.000</cell>
 <cell></cell>
 <cell>r</cell>
</row>
<row>
 <cell>BLOCK_INTERFACE_I_PCLK:Y</cell>
 <cell>cell</cell>
 <cell></cell>
 <cell>ADLIB:CFG1</cell>
 <cell>+</cell>
 <cell>0.050</cell>
 <cell>0.050</cell>
 <cell>1</cell>
 <cell>r</cell>
</row>
<row>
 <cell>PCLK_RNIAB1A:An</cell>
 <cell>net</cell>
 <cell>PCLK</cell>
 <cell></cell>
 <cell>+</cell>
 <cell>0.521</cell>
 <cell>0.571</cell>
 <cell></cell>
 <cell>f</cell>
</row>
<row>
 <cell>PCLK_RNIAB1A:YWn</cell>
 <cell>cell</cell>
 <cell></cell>
 <cell>ADLIB:GBM</cell>
 <cell>+</cell>
 <cell>0.250</cell>
 <cell>0.821</cell>
 <cell>1</cell>
 <cell>f</cell>
</row>
<row>
 <cell>PCLK_RNIAB1A/U0_RGB1:An</cell>
 <cell>net</cell>
 <cell>PCLK_RNIAB1A/U0_YWn</cell>
 <cell></cell>
 <cell>+</cell>
 <cell>0.521</cell>
 <cell>1.342</cell>
 <cell></cell>
 <cell>f</cell>
</row>
<row>
 <cell>PCLK_RNIAB1A/U0_RGB1:YL</cell>
 <cell>cell</cell>
 <cell></cell>
 <cell>ADLIB:RGB</cell>
 <cell>+</cell>
 <cell>0.212</cell>
 <cell>1.554</cell>
 <cell>195</cell>
 <cell>r</cell>
</row>
<row>
 <cell>SPI_Data/USPI/UCC/stx_async_reset_ok:CLK</cell>
 <cell>net</cell>
 <cell>PCLK_0</cell>
 <cell></cell>
 <cell>+</cell>
 <cell>0.355</cell>
 <cell>1.909</cell>
 <cell></cell>
 <cell>r</cell>
</row>
<row>
 <cell>SPI_Data/USPI/UCC/stx_async_reset_ok:Q</cell>
 <cell>cell</cell>
 <cell></cell>
 <cell>ADLIB:SLE</cell>
 <cell>+</cell>
 <cell>0.072</cell>
 <cell>1.981</cell>
 <cell>1</cell>
 <cell>f</cell>
</row>
<row>
 <cell>SPI_Data/USPI/UCC/stx_async_reset_ok_RNIGHT9:A</cell>
 <cell>net</cell>
 <cell>SPI_Data/USPI/UCC/stx_async_reset_ok</cell>
 <cell></cell>
 <cell>+</cell>
 <cell>0.521</cell>
 <cell>2.502</cell>
 <cell></cell>
 <cell>f</cell>
</row>
<row>
 <cell>SPI_Data/USPI/UCC/stx_async_reset_ok_RNIGHT9:Y</cell>
 <cell>cell</cell>
 <cell></cell>
 <cell>ADLIB:CFG3</cell>
 <cell>+</cell>
 <cell>0.067</cell>
 <cell>2.569</cell>
 <cell>1</cell>
 <cell>r</cell>
</row>
<row>
 <cell>SPI_Data/USPI/UCC/stx_async_reset_ok_RNIGHT9_0:An</cell>
 <cell>net</cell>
 <cell>SPI_Data/USPI/UCC/stx_async_reset_ok_RNIGHT9</cell>
 <cell></cell>
 <cell>+</cell>
 <cell>0.521</cell>
 <cell>3.090</cell>
 <cell></cell>
 <cell>f</cell>
</row>
<row>
 <cell>SPI_Data/USPI/UCC/stx_async_reset_ok_RNIGHT9_0:YWn</cell>
 <cell>cell</cell>
 <cell></cell>
 <cell>ADLIB:GBM</cell>
 <cell>+</cell>
 <cell>0.250</cell>
 <cell>3.340</cell>
 <cell>1</cell>
 <cell>f</cell>
</row>
<row>
 <cell>SPI_Data/USPI/UCC/stx_async_reset_ok_RNIGHT9_0/U0_RGB1:An</cell>
 <cell>net</cell>
 <cell>SPI_Data/USPI/UCC/stx_async_reset_ok_RNIGHT9_0/U0_YWn</cell>
 <cell></cell>
 <cell>+</cell>
 <cell>0.521</cell>
 <cell>3.861</cell>
 <cell></cell>
 <cell>f</cell>
</row>
<row>
 <cell>SPI_Data/USPI/UCC/stx_async_reset_ok_RNIGHT9_0/U0_RGB1:YL</cell>
 <cell>cell</cell>
 <cell></cell>
 <cell>ADLIB:RGB</cell>
 <cell>+</cell>
 <cell>0.212</cell>
 <cell>4.073</cell>
 <cell>26</cell>
 <cell>r</cell>
</row>
<row>
 <cell>SPI_Data/USPI/UCC/stxs_datareg[5]:ALn</cell>
 <cell>net</cell>
 <cell>SPI_Data/USPI/UCC/N_105_mux_i_i</cell>
 <cell></cell>
 <cell>+</cell>
 <cell>0.338</cell>
 <cell>4.411</cell>
 <cell></cell>
 <cell>r</cell>
</row>
<row>
 <cell>data arrival time</cell>
 <cell></cell>
 <cell></cell>
 <cell></cell>
 <cell></cell>
 <cell></cell>
 <cell>4.411</cell>
 <cell></cell>
 <cell></cell>
</row>
<row>
</row>
<row>
 <cell>Data required time calculation</cell>
 <cell></cell>
 <cell></cell>
 <cell></cell>
 <cell></cell>
 <cell></cell>
 <cell></cell>
 <cell></cell>
 <cell></cell>
</row>
<row>
 <cell>PCLK</cell>
 <cell></cell>
 <cell></cell>
 <cell></cell>
 <cell></cell>
 <cell>N/C</cell>
 <cell>N/C</cell>
 <cell></cell>
 <cell></cell>
</row>
<row>
 <cell>PCLK</cell>
 <cell>Clock source</cell>
 <cell></cell>
 <cell></cell>
 <cell>+</cell>
 <cell>0.000</cell>
 <cell>N/C</cell>
 <cell></cell>
 <cell>r</cell>
</row>
<row>
 <cell>BLOCK_INTERFACE_I_PCLK:A</cell>
 <cell>net</cell>
 <cell>I_NET_PCLK</cell>
 <cell></cell>
 <cell>+</cell>
 <cell>0.000</cell>
 <cell>N/C</cell>
 <cell></cell>
 <cell>r</cell>
</row>
<row>
 <cell>BLOCK_INTERFACE_I_PCLK:Y</cell>
 <cell>cell</cell>
 <cell></cell>
 <cell>ADLIB:CFG1</cell>
 <cell>+</cell>
 <cell>0.050</cell>
 <cell>N/C</cell>
 <cell>1</cell>
 <cell>r</cell>
</row>
<row>
 <cell>PCLK_RNIAB1A:An</cell>
 <cell>net</cell>
 <cell>PCLK</cell>
 <cell></cell>
 <cell>+</cell>
 <cell>0.521</cell>
 <cell>N/C</cell>
 <cell></cell>
 <cell>f</cell>
</row>
<row>
 <cell>PCLK_RNIAB1A:YWn</cell>
 <cell>cell</cell>
 <cell></cell>
 <cell>ADLIB:GBM</cell>
 <cell>+</cell>
 <cell>0.250</cell>
 <cell>N/C</cell>
 <cell>1</cell>
 <cell>f</cell>
</row>
<row>
 <cell>PCLK_RNIAB1A/U0_RGB1:An</cell>
 <cell>net</cell>
 <cell>PCLK_RNIAB1A/U0_YWn</cell>
 <cell></cell>
 <cell>+</cell>
 <cell>0.521</cell>
 <cell>N/C</cell>
 <cell></cell>
 <cell>f</cell>
</row>
<row>
 <cell>PCLK_RNIAB1A/U0_RGB1:YL</cell>
 <cell>cell</cell>
 <cell></cell>
 <cell>ADLIB:RGB</cell>
 <cell>+</cell>
 <cell>0.212</cell>
 <cell>N/C</cell>
 <cell>195</cell>
 <cell>r</cell>
</row>
<row>
 <cell>SPI_Data/USPI/UCC/stxs_datareg[5]:CLK</cell>
 <cell>net</cell>
 <cell>PCLK_0</cell>
 <cell></cell>
 <cell>+</cell>
 <cell>0.366</cell>
 <cell>N/C</cell>
 <cell></cell>
 <cell>r</cell>
</row>
<row>
 <cell>SPI_Data/USPI/UCC/stxs_datareg[5]:ALn</cell>
 <cell>Library removal time</cell>
 <cell></cell>
 <cell>ADLIB:SLE</cell>
 <cell>+</cell>
 <cell>0.000</cell>
 <cell>N/C</cell>
 <cell></cell>
 <cell></cell>
</row>
<row>
</row>
</table>
</section>
<section>
<name>SET External Removal</name>
<table>
<header>
 <cell/>
 <cell>From</cell>
 <cell>To</cell>
 <cell>Delay (ns)</cell>
 <cell>Slack (ns)</cell>
 <cell>Arrival (ns)</cell>
 <cell>Required (ns)</cell>
 <cell>Removal (ns)</cell>
 <cell>External Removal (ns)</cell>
</header>
<row>
 <cell>Path 1</cell>
 <cell>PRESETN</cell>
 <cell>SPI_Data/USPI/UCC/SYNC3_stxp_dataerr:ALn</cell>
 <cell>1.915</cell>
 <cell></cell>
 <cell>1.915</cell>
 <cell></cell>
 <cell>0.000</cell>
 <cell>0.053</cell>
</row>
<row>
 <cell>Path 2</cell>
 <cell>PRESETN</cell>
 <cell>SPI_Data/USPI/UTXF/rd_pointer_q[0]:ALn</cell>
 <cell>1.915</cell>
 <cell></cell>
 <cell>1.915</cell>
 <cell></cell>
 <cell>0.000</cell>
 <cell>0.053</cell>
</row>
<row>
 <cell>Path 3</cell>
 <cell>PRESETN</cell>
 <cell>SPI_Data/USPI/UCC/mtx_state[0]:ALn</cell>
 <cell>1.915</cell>
 <cell></cell>
 <cell>1.915</cell>
 <cell></cell>
 <cell>0.000</cell>
 <cell>0.053</cell>
</row>
<row>
 <cell>Path 4</cell>
 <cell>PRESETN</cell>
 <cell>SPI_Data/USPI/UTXF/wr_pointer_q[3]:ALn</cell>
 <cell>1.915</cell>
 <cell></cell>
 <cell>1.915</cell>
 <cell></cell>
 <cell>0.000</cell>
 <cell>0.053</cell>
</row>
<row>
 <cell>Path 5</cell>
 <cell>PRESETN</cell>
 <cell>SPI_Data/USPI/UCC/SYNC2_msrxp_pktsel:ALn</cell>
 <cell>1.915</cell>
 <cell></cell>
 <cell>1.915</cell>
 <cell></cell>
 <cell>0.000</cell>
 <cell>0.053</cell>
</row>
</table>
<text></text>
<section><name>Expanded Path 1</name></section>
<table>
<header>
 <cell>Pin Name</cell>
 <cell>Type</cell>
 <cell>Net Name</cell>
 <cell>Cell Name</cell>
 <cell>Op</cell>
 <cell>Delay (ns)</cell>
 <cell>Total (ns)</cell>
 <cell>Fanout</cell>
 <cell>Edge</cell>
</header>
<row>
 <cell>From: PRESETN</cell>
 <cell></cell>
 <cell></cell>
 <cell></cell>
 <cell></cell>
 <cell></cell>
 <cell></cell>
 <cell></cell>
 <cell></cell>
</row>
<row>
 <cell>To: SPI_Data/USPI/UCC/SYNC3_stxp_dataerr:ALn</cell>
 <cell></cell>
 <cell></cell>
 <cell></cell>
 <cell></cell>
 <cell></cell>
 <cell></cell>
 <cell></cell>
 <cell></cell>
</row>
<row>
 <cell>data arrival time</cell>
 <cell></cell>
 <cell></cell>
 <cell></cell>
 <cell></cell>
 <cell></cell>
 <cell>1.915</cell>
 <cell></cell>
 <cell></cell>
</row>
<row>
 <cell>data required time</cell>
 <cell></cell>
 <cell></cell>
 <cell></cell>
 <cell>-</cell>
 <cell></cell>
 <cell>N/C</cell>
 <cell></cell>
 <cell></cell>
</row>
<row>
 <cell>slack</cell>
 <cell></cell>
 <cell></cell>
 <cell></cell>
 <cell></cell>
 <cell></cell>
 <cell>N/C</cell>
 <cell></cell>
 <cell></cell>
</row>
<row>
</row>
<row>
 <cell>Data arrival time calculation</cell>
 <cell></cell>
 <cell></cell>
 <cell></cell>
 <cell></cell>
 <cell></cell>
 <cell></cell>
 <cell></cell>
 <cell></cell>
</row>
<row>
 <cell>PRESETN</cell>
 <cell></cell>
 <cell></cell>
 <cell></cell>
 <cell></cell>
 <cell>0.000</cell>
 <cell>0.000</cell>
 <cell></cell>
 <cell>r</cell>
</row>
<row>
 <cell>BLOCK_INTERFACE_I_PRESETN:A</cell>
 <cell>net</cell>
 <cell>I_NET_PRESETN</cell>
 <cell></cell>
 <cell>+</cell>
 <cell>0.000</cell>
 <cell>0.000</cell>
 <cell></cell>
 <cell>r</cell>
</row>
<row>
 <cell>BLOCK_INTERFACE_I_PRESETN:Y</cell>
 <cell>cell</cell>
 <cell></cell>
 <cell>ADLIB:CFG1</cell>
 <cell>+</cell>
 <cell>0.050</cell>
 <cell>0.050</cell>
 <cell>3</cell>
 <cell>r</cell>
</row>
<row>
 <cell>PRESETN_RNI1MJ2:An</cell>
 <cell>net</cell>
 <cell>PRESETN</cell>
 <cell></cell>
 <cell>+</cell>
 <cell>0.529</cell>
 <cell>0.579</cell>
 <cell></cell>
 <cell>f</cell>
</row>
<row>
 <cell>PRESETN_RNI1MJ2:YWn</cell>
 <cell>cell</cell>
 <cell></cell>
 <cell>ADLIB:GBM</cell>
 <cell>+</cell>
 <cell>0.250</cell>
 <cell>0.829</cell>
 <cell>1</cell>
 <cell>f</cell>
</row>
<row>
 <cell>PRESETN_RNI1MJ2/U0_RGB1:An</cell>
 <cell>net</cell>
 <cell>PRESETN_RNI1MJ2/U0_YWn</cell>
 <cell></cell>
 <cell>+</cell>
 <cell>0.521</cell>
 <cell>1.350</cell>
 <cell></cell>
 <cell>f</cell>
</row>
<row>
 <cell>PRESETN_RNI1MJ2/U0_RGB1:YL</cell>
 <cell>cell</cell>
 <cell></cell>
 <cell>ADLIB:RGB</cell>
 <cell>+</cell>
 <cell>0.212</cell>
 <cell>1.562</cell>
 <cell>167</cell>
 <cell>r</cell>
</row>
<row>
 <cell>SPI_Data/USPI/UCC/SYNC3_stxp_dataerr:ALn</cell>
 <cell>net</cell>
 <cell>PRESETN_0</cell>
 <cell></cell>
 <cell>+</cell>
 <cell>0.353</cell>
 <cell>1.915</cell>
 <cell></cell>
 <cell>r</cell>
</row>
<row>
 <cell>data arrival time</cell>
 <cell></cell>
 <cell></cell>
 <cell></cell>
 <cell></cell>
 <cell></cell>
 <cell>1.915</cell>
 <cell></cell>
 <cell></cell>
</row>
<row>
</row>
<row>
 <cell>Data required time calculation</cell>
 <cell></cell>
 <cell></cell>
 <cell></cell>
 <cell></cell>
 <cell></cell>
 <cell></cell>
 <cell></cell>
 <cell></cell>
</row>
<row>
 <cell>PCLK</cell>
 <cell></cell>
 <cell></cell>
 <cell></cell>
 <cell></cell>
 <cell>N/C</cell>
 <cell>N/C</cell>
 <cell></cell>
 <cell></cell>
</row>
<row>
 <cell>PCLK</cell>
 <cell>Clock source</cell>
 <cell></cell>
 <cell></cell>
 <cell>+</cell>
 <cell>0.000</cell>
 <cell>N/C</cell>
 <cell></cell>
 <cell>r</cell>
</row>
<row>
 <cell>BLOCK_INTERFACE_I_PCLK:A</cell>
 <cell>net</cell>
 <cell>I_NET_PCLK</cell>
 <cell></cell>
 <cell>+</cell>
 <cell>0.000</cell>
 <cell>N/C</cell>
 <cell></cell>
 <cell>r</cell>
</row>
<row>
 <cell>BLOCK_INTERFACE_I_PCLK:Y</cell>
 <cell>cell</cell>
 <cell></cell>
 <cell>ADLIB:CFG1</cell>
 <cell>+</cell>
 <cell>0.052</cell>
 <cell>N/C</cell>
 <cell>1</cell>
 <cell>r</cell>
</row>
<row>
 <cell>PCLK_RNIAB1A:An</cell>
 <cell>net</cell>
 <cell>PCLK</cell>
 <cell></cell>
 <cell>+</cell>
 <cell>0.537</cell>
 <cell>N/C</cell>
 <cell></cell>
 <cell>f</cell>
</row>
<row>
 <cell>PCLK_RNIAB1A:YWn</cell>
 <cell>cell</cell>
 <cell></cell>
 <cell>ADLIB:GBM</cell>
 <cell>+</cell>
 <cell>0.257</cell>
 <cell>N/C</cell>
 <cell>1</cell>
 <cell>f</cell>
</row>
<row>
 <cell>PCLK_RNIAB1A/U0_RGB1:An</cell>
 <cell>net</cell>
 <cell>PCLK_RNIAB1A/U0_YWn</cell>
 <cell></cell>
 <cell>+</cell>
 <cell>0.537</cell>
 <cell>N/C</cell>
 <cell></cell>
 <cell>f</cell>
</row>
<row>
 <cell>PCLK_RNIAB1A/U0_RGB1:YL</cell>
 <cell>cell</cell>
 <cell></cell>
 <cell>ADLIB:RGB</cell>
 <cell>+</cell>
 <cell>0.219</cell>
 <cell>N/C</cell>
 <cell>195</cell>
 <cell>r</cell>
</row>
<row>
 <cell>SPI_Data/USPI/UCC/SYNC3_stxp_dataerr:CLK</cell>
 <cell>net</cell>
 <cell>PCLK_0</cell>
 <cell></cell>
 <cell>+</cell>
 <cell>0.366</cell>
 <cell>N/C</cell>
 <cell></cell>
 <cell>r</cell>
</row>
<row>
 <cell>SPI_Data/USPI/UCC/SYNC3_stxp_dataerr:ALn</cell>
 <cell>Library removal time</cell>
 <cell></cell>
 <cell>ADLIB:SLE</cell>
 <cell>+</cell>
 <cell>0.000</cell>
 <cell>N/C</cell>
 <cell></cell>
 <cell></cell>
</row>
<row>
</row>
</table>
</section>
<section>
<name>SET Asynchronous to Register</name>
<text>No Path</text>
</section>
</section>
<section>
<name>Path Set Pin to Pin</name>
<section>
<name>SET Input to Output</name>
<table>
<header>
 <cell/>
 <cell>From</cell>
 <cell>To</cell>
 <cell>Delay (ns)</cell>
 <cell>Slack (ns)</cell>
 <cell>Arrival (ns)</cell>
 <cell>Required (ns)</cell>
</header>
<row>
 <cell>Path 1</cell>
 <cell>ADC_DR_N</cell>
 <cell>DATA_IRQN</cell>
 <cell>0.000</cell>
 <cell></cell>
 <cell>0.000</cell>
 <cell></cell>
</row>
<row>
 <cell>Path 2</cell>
 <cell>CLK_4MHz</cell>
 <cell>ADC_CLK_IN</cell>
 <cell>0.000</cell>
 <cell></cell>
 <cell>0.000</cell>
 <cell></cell>
</row>
<row>
 <cell>Path 3</cell>
 <cell>ADC_CLK_IN</cell>
 <cell>CLK_4MHz</cell>
 <cell>0.000</cell>
 <cell></cell>
 <cell>0.000</cell>
 <cell></cell>
</row>
<row>
 <cell>Path 4</cell>
 <cell>DATA_IRQN</cell>
 <cell>ADC_DR_N</cell>
 <cell>0.000</cell>
 <cell></cell>
 <cell>0.000</cell>
 <cell></cell>
</row>
<row>
 <cell>Path 5</cell>
 <cell>PADDR_in[8]</cell>
 <cell>PRDATA_in[1]</cell>
 <cell>1.835</cell>
 <cell></cell>
 <cell>1.835</cell>
 <cell></cell>
</row>
</table>
<text></text>
<section><name>Expanded Path 1</name></section>
<table>
<header>
 <cell>Pin Name</cell>
 <cell>Type</cell>
 <cell>Net Name</cell>
 <cell>Cell Name</cell>
 <cell>Op</cell>
 <cell>Delay (ns)</cell>
 <cell>Total (ns)</cell>
 <cell>Fanout</cell>
 <cell>Edge</cell>
</header>
<row>
 <cell>From: ADC_DR_N</cell>
 <cell></cell>
 <cell></cell>
 <cell></cell>
 <cell></cell>
 <cell></cell>
 <cell></cell>
 <cell></cell>
 <cell></cell>
</row>
<row>
 <cell>To: DATA_IRQN</cell>
 <cell></cell>
 <cell></cell>
 <cell></cell>
 <cell></cell>
 <cell></cell>
 <cell></cell>
 <cell></cell>
 <cell></cell>
</row>
<row>
 <cell>data arrival time</cell>
 <cell></cell>
 <cell></cell>
 <cell></cell>
 <cell></cell>
 <cell></cell>
 <cell>0.000</cell>
 <cell></cell>
 <cell></cell>
</row>
<row>
 <cell>data required time</cell>
 <cell></cell>
 <cell></cell>
 <cell></cell>
 <cell>-</cell>
 <cell></cell>
 <cell>N/C</cell>
 <cell></cell>
 <cell></cell>
</row>
<row>
 <cell>slack</cell>
 <cell></cell>
 <cell></cell>
 <cell></cell>
 <cell></cell>
 <cell></cell>
 <cell>N/C</cell>
 <cell></cell>
 <cell></cell>
</row>
<row>
</row>
<row>
 <cell>Data arrival time calculation</cell>
 <cell></cell>
 <cell></cell>
 <cell></cell>
 <cell></cell>
 <cell></cell>
 <cell></cell>
 <cell></cell>
 <cell></cell>
</row>
<row>
 <cell>ADC_DR_N</cell>
 <cell></cell>
 <cell></cell>
 <cell></cell>
 <cell></cell>
 <cell>0.000</cell>
 <cell>0.000</cell>
 <cell></cell>
 <cell>r</cell>
</row>
<row>
 <cell>DATA_IRQN</cell>
 <cell>net</cell>
 <cell>ADC_DR_N</cell>
 <cell></cell>
 <cell>+</cell>
 <cell>0.000</cell>
 <cell>0.000</cell>
 <cell></cell>
 <cell>r</cell>
</row>
<row>
 <cell>data arrival time</cell>
 <cell></cell>
 <cell></cell>
 <cell></cell>
 <cell></cell>
 <cell></cell>
 <cell>0.000</cell>
 <cell></cell>
 <cell></cell>
</row>
<row>
</row>
<row>
 <cell>Data required time calculation</cell>
 <cell></cell>
 <cell></cell>
 <cell></cell>
 <cell></cell>
 <cell></cell>
 <cell></cell>
 <cell></cell>
 <cell></cell>
</row>
<row>
 <cell>ADC_DR_N</cell>
 <cell></cell>
 <cell></cell>
 <cell></cell>
 <cell></cell>
 <cell>N/C</cell>
 <cell>N/C</cell>
 <cell></cell>
 <cell>r</cell>
</row>
<row>
 <cell>DATA_IRQN</cell>
 <cell></cell>
 <cell></cell>
 <cell></cell>
 <cell></cell>
 <cell></cell>
 <cell>N/C</cell>
 <cell></cell>
 <cell>r</cell>
</row>
<row>
 <cell>data required time</cell>
 <cell></cell>
 <cell></cell>
 <cell></cell>
 <cell></cell>
 <cell></cell>
 <cell>N/C</cell>
 <cell></cell>
 <cell></cell>
</row>
<row>
</row>
</table>
</section>
</section>
<section>
<name>Path Set User Sets</name>
</section>
</doc>
