
. Module name, SLE, CFG, ARI1, BUFFER, MACC_PA, RAM1K20, RAM64X12, GLOBAL, IO
. Pan9320_Interface, 238, 302, 38, 0, 0, 0, 0, 1, 0
.	. APB3_Bus, 0, 20, 0, 0, 0, 0, 0, 0, 0
.	.	. CoreAPB3_Z1_layer0, 0, 20, 0, 0, 0, 0, 0, 0, 0
.	.	.	. COREAPB3_MUXPTOB3, 0, 16, 0, 0, 0, 0, 0, 0, 0
.	. GPIO_Cmd, 10, 6, 0, 0, 0, 0, 0, 0, 0
.	.	. GPIO_Cmd_GPIO_Cmd_0_CoreGPIO_Z2_layer0, 10, 6, 0, 0, 0, 0, 0, 0, 0
.	. UART_Cmd, 114, 139, 19, 0, 0, 0, 0, 0, 0
.	.	. UART_Cmd_UART_Cmd_0_CoreUARTapb_Z3_layer0, 114, 139, 19, 0, 0, 0, 0, 0, 0
.	.	.	. UART_Cmd_UART_Cmd_0_COREUART_0s_0s_0s_26s_0s_0s, 90, 110, 19, 0, 0, 0, 0, 0, 0
.	.	.	.	. UART_Cmd_UART_Cmd_0_Clock_gen_0s_0s, 19, 10, 14, 0, 0, 0, 0, 0, 0
.	.	.	.	. UART_Cmd_UART_Cmd_0_Rx_async_0s_0s_0s_1s_2s_3s, 41, 73, 0, 0, 0, 0, 0, 0, 0
.	.	.	.	. UART_Cmd_UART_Cmd_0_Tx_async_0s_0s_0s_1s_2s_3s_4s_5s_6s, 21, 22, 5, 0, 0, 0, 0, 0, 0
.	. UART_Data, 114, 137, 19, 0, 0, 0, 0, 0, 0
.	.	. UART_Data_UART_Data_0_CoreUARTapb_Z4_layer0, 114, 137, 19, 0, 0, 0, 0, 0, 0
.	.	.	. UART_Data_UART_Data_0_COREUART_0s_0s_0s_26s_0s_0s, 90, 110, 19, 0, 0, 0, 0, 0, 0
.	.	.	.	. UART_Data_UART_Data_0_Clock_gen_0s_0s, 19, 10, 14, 0, 0, 0, 0, 0, 0
.	.	.	.	. UART_Data_UART_Data_0_Rx_async_0s_0s_0s_1s_2s_3s, 41, 73, 0, 0, 0, 0, 0, 0, 0
.	.	.	.	. UART_Data_UART_Data_0_Tx_async_0s_0s_0s_1s_2s_3s_4s_5s_6s, 21, 22, 5, 0, 0, 0, 0, 0, 0